text,category,cat2
RT @UnicornDoc: When you have a stye in one eye and conjunctivitis in the other 🆗🆒,1,1
When you have a stye in one eye and conjunctivitis in the other 🆗🆒,1,1
@nimmajji Get conjunctivitis from somewhere.. @skodithala,0,0
"RT @master_usmle: Streptococcus pneumoniae: diseases caused
COMPS:
Conjunctivitis
Otitis media
Meningitis
Pneumonia
Sinusitis",0,0
Actually so grateful for these eye drops the opticians told me to get &lt;3 Fighting off my conjunctivitis really well!,2,1
To top off my shit week I've woke up this morning with conjunctivitis,1,1
"Now I have conjunctivitis in both eyes, so they are equally itchy. This is actually an improvement on one itchy eye. Sort of.",1,1
I think Archie has conjunctivitis in his little boggly eye :(,1,1
I don't wanna wear mascara just incase I still have conjunctivitis n I infect it n have to throw it out but I look so Bad without it,1,1
Guess who now has conjunctivitis. It's me. Thanks. Thank you body.,1,1
late 2014 I had conjunctivitis and then a few months later in 2015 I got a huge lump in my finger and had to go through a lot of tests »,0,0
So surprised I don't have conjunctivitis right now*. *touch wood,0,0
"RT @medikole: Most common cause of conjunctivitis in newborns:
Younger than 1 week old - gonorrhea.
Older than 1 week old - chlamydia.

[Ty…",0,0
"Most common cause of conjunctivitis in newborns:
Younger than 1 week old - gonorrhea.
Older than 1 week old - chlamydia.

[Ty: Ed]",0,0
Duodecimo conjunctivitis staccato training-proclaim polling in passage to steroids!: QKtloKc,0,0
Sunday morning and the ear infection has now also caused conjunctivitis #sorryformyself,1,1
"Retweeted USMLE (@master_usmle):

Streptococcus pneumoniae: diseases caused
COMPS:
Conjunctivitis
Otitis media... https://t.co/TPYeshL8LI",0,0
"Retweeted USMLE (@master_usmle):

Streptococcus pneumoniae: diseases caused
COMPS:
Conjunctivitis
Otitis media... https://t.co/jtzXUS3cua",0,0
just love it when you wake up with conjunctivitis x,1,1
"@bigtimekiwi floods, #cyclonezena and conjunctivitis = honeymoon never to be forgotten...",1,1
@hazmattmum @KTaraG :( Hope it's nothing too nasty. I thought her eyes looked runny in some of the photos. Touch of conjunctivitis?,0,0
Every time my dog manages to lick my eyelid I feel I automatically come down with a case of conjunctivitis.  #ew,0,0
Fucking conjunctivitis... Sucks balls... #SundayFeels,1,1
"For the 2nd time in 2 weeks, I've woken up with conjunctivitis in my right eye from a less than fresh mascara #ouch #dontdoit #bbloggers #no",1,1
"Streptococcus pneumoniae: diseases caused
COMPS:
Conjunctivitis
Otitis media
Meningitis
Pneumonia
Sinusitis",0,0
@enigma15in Sudden outbreak of conjunctivitis here. Dear @TaherShahh intro is clearly a rip-off of #MelGibson 's Braveheart's theme,1,1
Respected publicity close about conjunctivitis shroud blennorhea: NDWLODBNw https://t.co/56HtJhCMEO,0,0
Just loves waking uo with conjunctivitis the day before I go back to work .,1,1
Conjunctivitis commercial kills me every time 😂,0,0
"RT @elisjames: My 1yr old daughter has conjunctivitis. Mistakenly told the pharmacist she has chlamydia,in one of the most embarrassing epi…",1,1
@IamRustyCat I have been better. Conjunctivitis flared up bad. I am maintaining.  #nc24h,1,1
"RT @fatandugIy: guy: hey
me: I have conjunctivitis",0,0
"guy: hey
me: I have conjunctivitis",0,0
"RT @coughlanycfc: Help me find my new catfish friend, he has conjunctivitis and bondys towel #catfishandthebottlemen",0,0
"Hypothermia, chest infection and now conjunctivitis 🙂🔫 drop me ouuuut😭😷🤒",1,1
@GoldingBF Conjunctivitis and a popped zit.  Bless.  I have some Barbie plasters if you need them.,1,1
Think I got conjunctivitis again!! How it doesn't get s bad as last time😩,1,1
Legit getting over the fact last night I went bed with sharp pain in my eyes to waking up with severe conjunctivitis in both eyes😩...Ouch😭,1,1
"Help me find my new catfish friend, he has conjunctivitis and bondys towel #catfishandthebottlemen",0,0
"Between allergies, a migraine, and a double dose of conjunctivitis, I'm pretty sure this lady is D-O-N-E!",1,1
@iZ_heg not with conjunctivitis,1,1
Just love having conjunctivitis🙄🙃,0,0
"RT @Rx_Ed: Most common cause of conjunctivitis in newborns:
Younger than 1 week old - gonorrhea.
Older than 1 week old - chlamydia.",0,0
"Can't believe I spent 2 days ill in bed this week, still loaded with the cold and the WORST cough now I have conjunctivitis 😑😑😭😭😭😭😭 why me😩",1,1
"Most common cause of conjunctivitis in newborns:
Younger than 1 week old - gonorrhea.
Older than 1 week old - chlamydia.",0,0
@michaelmphysics a sight for sore eyes! (double conjunctivitis) https://t.co/JpNqg40nvX,0,0
No you complaining about your conjunctivitis is a real bitch!!! 😂😂😘 https://t.co/LKQCAkxRLe,1,1
Trust me to get conjunctivitis just before I go away 👀,1,1
Conjunctivitis (Pink Eye) « Senders Pediatrics https://t.co/5fK4MAppAh,0,0
"Illness is UNACCEPTABLE when it makes it hard to follow @Twitter, because everything istootinyforyourpooreyes with conjunctivitis… 😑",1,1
RT @homeopathyworks: Get my remedy suggestions for pink eye along with a natural eye drop tincture.  https://t.co/jJ0MIEpPP4,0,0
RT @ilovehomeopathy: RT homeopathyworks: Get my remedy suggestions for pink eye along with a natural eye drop tincture.  https://t.co/QMxVC…,0,0
RT homeopathyworks: Get my remedy suggestions for pink eye along with a natural eye drop tincture.  https://t.co/QMxVCQCRr1,0,0
@SciStarter #MyCitSci Discovered a new disease in songbirds—house finch conjunctivitis—just watching my feeders. @Feederwatch HoFi pushpin#1,0,0
RT @homeopathyworks: Get my remedy suggestions for pink eye along with a natural eye drop tincture.  https://t.co/jJ0MIEpPP4,0,0
I wish this conjunctivitis would move on now I look high as fuck 🤕,1,1
RT @homeopathyworks: Get my remedy suggestions for pink eye along with a natural eye drop tincture.  https://t.co/jJ0MIEpPP4,0,0
Conjunctivitis is a real bitch!!! https://t.co/LaTiaXZp17,1,1
@jodyboyle I was like hmm do I say something...noooo enjoy conjunctivitis,0,0
Get my remedy suggestions for pink eye along with a natural eye drop tincture.  https://t.co/jJ0MIEpPP4,0,0
"https://t.co/wj9o0AgQJk
A site for sore eyes 
😂😂😂😂😂😂",0,0
"I have never been this ill in my life, everyone else got a common cold, and I get a throat infection and conjunctivitis, and back pain 😭😭",1,1
@MishraShubhs @Being_Humor I can't do Eye to Eye.....suffering from Conjunctivitis. 😎,1,1
I don't want to suffer from conjunctivitis after watching #TaherShah's angelic video.,0,0
Efficacious bulletin anyhow conjunctivitis guy stab: PecDjcgSN https://t.co/jKXPxbKU7L,0,0
@redpotatoes looks like a mean case of conjunctivitis 😂😂😂,1,1
"When you see eye to eye with Angel, u suddenly realise u hav contracted conjunctivitis! #TaherShah #EyeToEye #FridayFeeling #Enjal #basyar !",0,0
"Had a nice bath, caught up on @PattyOLovesU latest blog and ready for a night in. Eye update: still have conjunctivitis and it's so sore!",1,1
@Master_TB I wish that was that case instead I've got like conjunctivitis!😂😩,1,1
Ok it's definitely conjunctivitis isn't it :/,1,1
"Rise in respiratory infections in Sabah
https://t.co/y95MnEhEiw",0,0
So within the last 3 times I've gone on a night out in boro I've got either an ear infection or conjunctivitis from other people😷,0,0
"Okay, pretty sure my left eye is just. 🔥💀🔥 Might be conjunctivitis? Or a stellar infection? Anyway, it is leaking and I can't see with it. 😭",1,1
@katarin Someone who's never had conjunctivitis.,0,0
"only good thing about having conjunctivitis in both eyes is I can say ""I've been throwing doobies back like hot cakes"" and people believe me",1,1
Conjunctivitis is not alright I look like I've been lighting up with wiz and his pals,1,1
"Sick on Thursday, monster cold Friday, conjunctivitis today. Looking forward to seeing what tomorrow brings 👍🏼👍🏼👍🏼",1,1
"Conjunctivitis - CRASH! USMLE Step 2 and 3 
https://t.co/OH3iIcnePD",1,1
Here's the best home remedy for conjunctivitis you'll ever ... - #fitness #yoga #workout https://t.co/mJ2ali28P1 https://t.co/rkhA74Soa8,0,0
"Aw wee soul, my love has conjunctivitis 😔",1,1
like you know when youre a kid and get conjunctivitis in your eyes? Thats how it feels &gt;__&lt;,0,0
looking over my USA 94 sticker album and can't get over how Diego Simeone seems to be covering up his conjunctivitis https://t.co/gBOrgqc4Vx,1,1
So I got the flu AND conjunctivitis 🙃 I'm so lucky 🙃,1,1
when you get conjunctivitis the morning after a swell night out,1,1
conjunctivitis is a bitch,1,1
So what's the recommendation? Conjunctivitis is also contagious in people @petethevet,0,0
#BSAVA2016 Pics of herpes virus conjunctivitis before &amp; after anti viral treatment,0,0
when conjunctivitis strikes... 😭,1,1
#BSAVA2016 Simple tip: conjunctivitis in cats tends to be infectious- not so in dogs https://t.co/pVm95vloLB,0,0
"@moongoer laid low by the phrase ""kittens with conjunctivitis""",0,0
"@Babu_Bhaiyaa dont see ""eye to eye "" with this Angel ... You will get conjunctivitis ;-))",0,0
"RT @sabahmajujaya: #Penampang Rise in respiratory infections in Sabah: In a related development, cloud seeding operations ... https://t.co/…",0,0
"Dr. Fischer Premium, Purified, Non-irritating &amp; Hypoallergenic Eyelid Wipes – Pre-moistened Wipes for Compleme... https://t.co/iBXLqoJAMx",0,0
"@JessicaAvey gosh it's awful, I've never had conjunctivitis. Now I know how poor Vinny felt a couple weeks ago 😒",1,1
"Mourning for a friend, hay-fever and a conjunctivitis are a bloody bad combination. Red eyes like an albino rabbit. 😳",1,1
Okay. I may have conjunctivitis &amp; may or may not be dying. No kitten heels allowed at my funeral. https://t.co/OnW1sWBpCn,1,1
tonight we stayed open past our cutoff time to help a lady from out of town and her very cute baby with conjunctivitis and i am glad we did,1,1
When you see eye to eye with an Angel and discover you have contracted conjunctivitis #TaherShah  #LastOneForTheDay https://t.co/cSfnvq3mAo,1,1
"Good reminder...
Conjunctivitis confusion: are we overtreating pink eye? https://t.co/8QryF6HyTz via @ClinicalAdvisor",0,0
Papillary conjunctivitis: an digest only how over against remedy not an illusion: aOjhq,0,0
Rise in respiratory infections in Sabah: Christina said clinics and hospitals in other southwestern dist... https://t.co/zSJXc54jcO #news,0,0
RT @merlynjaaane: my right eye is hurting and being itchy do not tell me farah alya amins infected me her conjunctivitis,1,1
my right eye is hurting and being itchy do not tell me farah alya amins infected me her conjunctivitis,1,1
RT @MedicalExamPrep: A child with a fever and conjunctivitis has these lesions on his buccal mucosa. What is the diagnosis? #MedEd https://…,0,0
"Goodnight mes amis!
I probably have conjunctivitis in my eye, so more eye drops for me, whoopie!
Wishing tout le... https://t.co/pbEPepM1RF",0,0
"RT @maddie_naglin: Jackie: *starts coughing*
Me: u ok
Jackie: omg I think I have conjunctivitis",0,0
"Bronchitis and conjunctivitis, what a great start to the weekend! #nowihavetothrowawaymymascara 😩",1,1
@ArianaSutor i hope you get conjunctivitis,0,0
"Jackie: *starts coughing*
Me: u ok
Jackie: omg I think I have conjunctivitis",0,0
Everyone's getting married and having babies and I'm just here putting conjunctivitis ointment into my overweight cat's eye.,1,1
@KatyVictoriaa aww man that sucks 👎🏻 hope you feel better soon!! Conjunctivitis is the worst!,1,1
Non-filtered pic and undesired permanent wink! 😢 #conjuntivitis #conjunctivitis #eye #sick #ill… https://t.co/CBwyr2PNpf,1,1
@thesledneck no it's bacterial conjunctivitis,1,1
I'm betting it's conjunctivitis. It's easy to pick up pinkeye when you have your head up your ass. https://t.co/DK2eGYIjah,0,0
"oops think ive gave myself conjunctivitis again!!!!!!!!!!!

what can you do know what i mean????",1,1
"and now I have conjunctivitis, fun!",1,1
@MeganThake I am but I've got conjunctivitis 😫 just gonna have gammy eyes,1,1
Ought to my humble self begin your conjunctivitis leach homestead beyond?: zdhuFezQ,0,0
I make conjunctivitis look good 😏 https://t.co/LPicCRAHvu,1,1
Having a right weekend twisted my knee and conjunctivitis I'm fucked 😂,1,1
@CumiaJackson be careful that's how I got conjunctivitis is painful and it takes time to go away 😔,1,1
"One day we sat on the beach past midnight and both caught a cold, next day I got conjunctivitis from the waterpark. We carried meds to dates",0,0
"@LizaPrideaux Oh, you poor thing. Maybe salty warm water. That's what I used when my girls were tiny and had conjunctivitis.x",1,1
@literatebeauty I've got conjunctivitis and my eye is getting more swollen by the hour 😭 so sore X,1,1
@BenchSue Turkey. Break with my cousin just for 6 days. Even got conjunctivitis!!,1,1
oh good... conjunctivitis. weekend of podcasts it is.,1,1
@bowsandglitterz got conjunctivitis and just basically fed up 😒,1,1
@jeffholmes24 @RenCouncilNews @Paisley2021 experiment is to test the effectiveness of antibiotics on conjunctivitis. Launches at 9.43pm,1,1
"Dear conjunctivitis, it's been a week already. Just leave me alone and let me see 100%. Love, me.",1,1
"cats protection website: £20 treats a kitten with conjunctivitis
me, sobbing: FFFFFHEREH'S £200",0,0
"conjunctivitis, petechial rash, and bleeding (gums, nose, lungs, uterus, urinary tract, and gastrointestinal).",1,1
Technavio Announces Top Three Trends for Global Bacterial Conjunctivitis Drugs &lt;b&gt;Market&lt;/b&gt;… https://t.co/fnA5wGXt4f,0,0
RT @MedicalExamPrep: A child with a fever and conjunctivitis has these lesions on his buccal mucosa. What is the diagnosis? #MedEd https://…,0,0
So not only do I have tonsillitis. I also have conjunctivitis. Yay for viral infections.,1,1
@FeederWatchCam Grackle with what looks like eye infection in both eyes.  Conjunctivitis? #cornellfeeders https://t.co/Q5RNttGucr,1,1
"New Patanjali Divya Drishti Eye Drops &amp; Eye Health,conjunctivitis Each Pack  https://t.co/uAqH9yfbSI Ebay Bid Last Second ↺RT, F",0,0
"conjunctivitis ain't clearing up, guess no goldnova tomorrow. balls 😭",1,1
honestly am fucking buzzing I woke up with conjunctivitis this morning like xxxxx,1,1
RT @sunyopt: Here’s a closer look at conjunctivitis https://t.co/Bco0c5JNpC #UECHealthInsights,0,0
Here’s a closer look at conjunctivitis https://t.co/Bco0c5JNpC #UECHealthInsights,0,0
"When the doctor comes in, shakes your hand, sees you have conjunctivitis and instantly washes her hands.... 😅",1,1
Sick throughout this week (and probably by next week). This is one strong strain of conjunctivitis I've got here :(,1,1
When you send @lucybradleyx a snapchat feeling sorry for yourself waking up with conjunctivitis &amp; she has 0 sympathy https://t.co/JwgPW1HgiR,1,1
it's my boyfriend Bones McGuffin he's 37 and suffers severe conjunctivitis https://t.co/1i5zWOUvMt,1,1
@nicemovemumbles conjunctivitis is no laughing matter,1,1
Conjunctivitis confusion: are we overtreating pink eye?@DNPECU  https://t.co/s7xERC1crn,0,0
@Jamescarragher when I had conjunctivitis?,0,0
"Went into town last night and came back with conjunctivitis, alright then",1,1
Conjunctivitis is a horrible thing 👁😷,1,1
I have conjunctivitis and a cold,1,1
"Conjunctivitis - CRASH! USMLE Step 2 and 3 
https://t.co/OH3iIcnePD",0,0
I'm being punished for something. I have the flu on TOP of double conjunctivitis. Wtf. 😫 I'm sneezing on anyone who pisses me off. 😠,1,1
Think I caught Vinnys conjunctivitis he had last week! 😭 NOOO,1,1
"Waking up with conjunctivitis, spending my birthday money on eye drops and wasting my ticket back to Manchester is just what I needed👍🏼",1,1
@gzbitxh Just infected by conjunctivitis. Yeah- weather and bacteria.,1,1
Joke that I have to get new mascara n eye liner cos of this stupid conjunctivitis 😭😭,1,1
Waking up with conjunctivitis to kick off the birthday weekend #MyLifeIsBadLuck,0,0
@x_itsash_x omg I have conjunctivitis toooo😂😂😂😭😭😭,1,1
RT @MedicalExamPrep: A child with a fever and conjunctivitis has these lesions on his buccal mucosa. What is the diagnosis? #MedEd https://…,0,0
@chelswilzz got conjunctivitis and swollen glands etc 😫 bloody nightmare!,1,1
"ITS FRIDAY, and I think I have conjunctivitis",1,1
Conjunctivitis the day before Blackpool is not what I need 😩,1,1
Conjunctivitis yay 👍,1,1
"@Caz_Hill_ someone I work with went to there normal doctor, the emergency doctor and a&amp;e for conjunctivitis that they had for 2 days and",1,1
"Conjunctivitis, commonly called as sore eyes is a disease most common during the hot and dry season. https://t.co/z5aF8SZtqP",0,0
luv waking up on my bday with no wifi and conjunctivitis,1,1
Those feels when the doctor says you've got conjunctivitis and also don't need to put on any… https://t.co/sE6XN4iIH6,2,1
Today i have a conjunctivitis and tomorrow i have a runway. Fabulous.,1,1
Conjunctivitis is as vicious as it sounds,1,1
A child with a fever and conjunctivitis has these lesions on his buccal mucosa. What is the diagnosis? #MedEd https://t.co/5DuxORL0wf,0,0
"Shungite Recommendation on the Use of Shungite and Alive (alkaline) Water to cure Conjunctivitis, sty https://t.co/UnZQLB5r8f",0,0
Took Thor 😺 to the vet coz he has conjunctivitis. He's hiding under the couch because he doesn't want the eye drops. 😠,1,1
"Pink Eye is as miserable for cats as it is for people. Signs, symptoms and treatments. @lovepetssocial - https://t.co/9QYxjsYWiu",0,0
"RT @drharshsharma: Worried about your child's #Allergicconjunctivitis ? Here are some Homeopathic medicines that can cure it. 
https://t.co…",0,0
Papillary conjunctivitis: an rubric alias that so that arrange my humble self: VhGeTD https://t.co/F0UG5gRF2d,1,1
"Worried about your child's #Allergicconjunctivitis ? Here are some Homeopathic medicines that can cure it. 
https://t.co/FXRqd9PJCi",0,0
RT @FatlossLive: Here's the best home remedy for conjunctivitis you'll ever ... - #fatloss #weightloss #diet https://t.co/YTouRkWLpp https:…,0,0
@Abbikelly1 my eyes are so sore got conjunctivitis 😩,1,1
Here's the best home remedy for conjunctivitis you'll ever ... - #fatloss #weightloss #diet https://t.co/YTouRkWLpp https://t.co/bbIvDQm755,0,0
Can someone tell me if 'or' means the same as 'and' I seem to have conjunctivitis. #OhWell https://t.co/VrcIK9FMea,1,1
"Stress Induced Conjunctivitis
S.I.C.
Sic
Sick😎",0,0
how to treat conjunctivitis https://t.co/A2ng8pe8yI,0,0
Distinctive muniments round about conjunctivitis wrist trial: fXzkKXgST https://t.co/w4dHRGvEAP,0,0
Giant papillary conjunctivitis 😭 don't sleep in your contacts!!,1,1
Do you know how to recognize pink eye? Learn how here! https://t.co/m4Z3QY6a0y,0,0
@kissofacobra is it the eye or the eyelid? Maybe conjunctivitis?,0,0
Pink eye – or conjunctivitis – is common and spreads easily. https://t.co/ant1Ld7zWn by @CDCgov #Healthcare #Disease,0,0
So I might have conjunctivitis 🙃🙃🙃,1,1
Banned from seeing Seb for a week because he's got conjunctivitis 🙈✋ I definitely don't need that 🙉,1,1
"48 hrs of insane cold, conjunctivitis, nose bleeds and deadlines. I FEEL ALIVE! (I don't). Only thing helping: https://t.co/qqBuJdMt5e",1,1
I have conjunctivitis in my left eye that I had to peel open this morning and my skin is absolutely horrendous why is life so unfair,1,1
My poorly pups got conjunctivitis 😩,1,1
"Measles s/sx incl 4 day fevers &amp; cough,  coryza (head cold, fever, sneezing), and conjunctivitis (red eyes)—along with fever and rashes.",0,0
"Signs, symptoms and treatments for pink eye (conjunctivitis) in your cat https://t.co/Eb7vWe55C5",0,0
"@nbcnewstravel The most
common symptoms of Zika are fever, rash,
joint pain, and conjunctivitis (red eyes).",0,0
"Common symptoms of infection with Zika virus include mild headaches, fever maculopapular rash, malaise, conjunctivitis, &amp; joint pain",0,0
RT @OneBigNut_: @inpsychedelia it's the Fijian term for #conjunctivitis 👀,0,0
Conjunctivitis is a bitch. Still looking like I've been in a fight.,1,1
"a conjunctivitis is a typhus: unmarred, win-win",0,0
RT @kambrone64: #ColdWarIsHot #Exceptionnalism  US State dept is not 2ble standarded but suffer intermittent conjunctivitis https://t.co/hf…,0,0
Tis the season of conjunctivitis.,1,1
https://t.co/o2H93bw8lN - That's a sight for sore eyes.,0,0
@sairen_drop also I'm pretty sure I got conjunctivitis from another kid. But overall the day was great.,1,1
@notfunnysarah grand papillary conjunctivitis?,1,1
@kumarpriya @DimpleSuhanda But some people might have conjunctivitis Priya 😀,0,0
RT @kambrone64: #ColdWarIsHot #Exceptionnalism  US State dept is not 2ble standarded but suffer intermittent conjunctivitis https://t.co/hf…,0,0
#ColdWarIsHot #Exceptionnalism  US State dept is not 2ble standarded but suffer intermittent conjunctivitis https://t.co/hf3RIC77Jr,0,0
Only I would have tonsillitis and conjunctivitis as the same time,1,1
HAHA n I had conjunctivitis n napped on my exes chest n when I woke up my eye was stuck to his shirt cos of all the gunk its jus jokes,1,1
"RT @DOHgovph: Department of Health (Philippines) Health Advisory: SORE EYES

Also known as conjunctivitis, sore eyes is... http://t.co/pUbS…",0,0
@Charlotteis going to check them out sez the man with viral conjunctivitis and a box full of fake tears and steroids becuz 'puters,0,0
"Pink Eye: Nothing to be scared about, typically mild and easy to treat.... https://t.co/sM7103j5rn",0,0
"Conjunctivitis - CRASH! USMLE Step 2 and 3 
https://t.co/OH3iIcnePD",0,0
"RT @EuCornea: EYE CONTACT: Harminder Dua talks to John Dart on his latest research in the area of cicatrising conjunctivitis.
https://t.co/…",0,0
a conjunctivitis is an osteotomy: balmiest and farseeing,0,0
Now I feel better I'm starting to get conjunctivitis woop woop love life,1,1
"Flu, sickness bug and now conjunctivitis! What a fucking week!",1,1
Prepare vice rose cold - trusty methods upon carry away salacious conjunction rheumatiz in contemplation of conjunctivitis: ZluLCiT,0,0
"Pink eyeshadow is so risky, what if you end up looking like you have conjunctivitis",0,0
Waking up to conjunctivitis is what I like to see Yas bro again bro good bro cheers bro catch u later bro,0,0
@AlexeLouise_ nah they were really shit out here tbh and viral conjunctivitis is one of those things that you just have to let your body,0,0
And the conjunctivitis has spread to my other eye now. Share the love.,1,1
Nah why does it look like my dog has conjunctivitis,0,0
"As if I couldn't feel any worse, I wake up with conjunctivitis👍🏽 nice",1,1
"Conjunctivitis - Facts, Prevention &amp; Treatment - https://t.co/ospltbgLtr #eyes #optometry #eyehealth #glasses",0,0
LooOOo0oooo0Ooooove waking up with conjunctivitis,1,1
@mattieh conjunctivitis that Matthew 😂,0,0
"Shungite Recommendation on the Use of Shungite and Alive (alkaline) Water to cure Conjunctivitis, sty https://t.co/UnZQLB5r8f",0,0
Conjunctivitis is not cool,1,1
Woke up with conjunctivitis that's ideal,1,1
"Hello conjunctivitis my old friend. I haven't seen you, or not seen you in the case of my eyes glued together, for years
Thought I was blind",1,1
i think my third eye has conjunctivitis,0,0
"Not the bests of nights Jessica full of cough, cold &amp; conjunctivitis. My mum who has dementia had a confused episode &amp; is wandering about :(",1,1
"Woke up with conjunctivitis, hit by #lumbago on way to shower, looked after kid with otitis media, found out where I caught #conjunctivitis.",1,1
"@myidal https://t.co/5EW2YAhPX3 It may be nothing really, usually the common cold resolves itself, but going with a doc is not a bad idea",0,0
@myidal you probably got viral conjunctivitis... colds can spread to your eyes if you touch your eyes without washing your hands,1,1
Actually dad didn't let me to touch my phone and le computer since I've got conjunctivitis but yeah- I'm so stubborn lmao,1,1
"Conjunctivitis is like my eye is having a constant piss, love life",1,1
I have conjunctivitis an upper respiratory infection and an ear infection😩 this has been a long week,1,1
Treatments as regards conjunctivitis: YoqxoBlyA,0,0
"4x Patanjali Divya Drishti Eye Drops &amp; Eye Health,conjunctivitis Each Pack 1 https://t.co/S68TPewkTB Ebay Bid Last Second ↺RT, F",0,0
@dazzle715 it's like conjunctivitis instead of pink eye lol she just said a fancy term for my head got hit😂,0,0
@vazume more likely/ when I get conjunctivitis from frog guts,0,0
"Home Remedies and Treatment for Conjunctivitis: How to Treat and Cure Conjunctivitis, eliminate the infection ... https://t.co/bv9ePTBgdI",0,0
"Swollen joints, high white count, fever, conjunctivitis. Anyone?",1,1
Tim is trying to put me in quarantine in the bathroom because I have conjunctivitis,1,1
Don't wanna go to sleep because I know I'm gunna wake up with conjunctivitis 😉👀,1,1
Conjunctivitis and studying means wearing my ridiculous glasses. I now have the looks and attitude of Edna Mode 💁🏻🤓 https://t.co/b6HZx2Jh1N,1,1
"@RoxanneDesCham3 The bit will look like a bump and be itchy, but the symptoms of the virus include fever, rash, joint pain &amp; conjunctivitis",0,0
Treatments in relation to conjunctivitis: YJpIpJser,0,0
Maddy's came to my house claiming shes got conjunctivitis so I gave her a eye patch https://t.co/aB1NUf8XxD,1,1
oh great i have got conjunctivitis🙄,1,1
Conjunctivitis is really not what I need right now,1,1
Fascinating. I'd always thought Laffit Pincay was Latino. It turns out he's Greek and was born Laffit Conjunctivitis.,0,0
@KatyandToast @SuttyDaniel sorry meant to say Chloramphenicol is treatment for conjunctivitis that pharmacy would utilise only for over 2's,0,0
"RT @AskTheCatDoctor: Q&amp;A: Can humans contract conjunctivitis, herpes virus, or chlamydia, from cats?
https://t.co/a2yjJupxKt",0,0
"Q&amp;A: Can humans contract conjunctivitis, herpes virus, or chlamydia, from cats?
https://t.co/a2yjJupxKt",0,0
"RT @merkaat83: @Eleven11Mgmt in Sardaigna, there is a little island with albinos donkeys. .very cute but frail  (conjunctivitis). https://t…",0,0
"@Eleven11Mgmt in Sardaigna, there is a little island with albinos donkeys. .very cute but frail  (conjunctivitis). https://t.co/KyHRSZGc6u",0,0
Fuck off I think I have conjunctivitis,1,1
"Day 2, conjunctivitis update: Still have it.",1,1
RT @silversavant: RT Info: #Silver compounds can b used in diluted solution in #eyedrops 2prevent #conjunctivitis in #newborn #babie… https…,0,0
"EYE CONTACT: Harminder Dua talks to John Dart on his latest research in the area of cicatrising conjunctivitis.
https://t.co/a9jNDMhFzB",0,0
@vigilist my dad had conjunctivitis back in the day and i think he actually had an eye cup to help the drops into his eyes,0,0
Wait so is pink eye just conjunctivitis?,0,0
"RT @AAAAI_org: Allergy shots are proven effective for treating allergic rhinitis, conjunctivitis, allergic asthma and stinging insect aller…",0,0
"Fever, arthralgia, and conjunctivitis are symptoms of #Zika #ZikaChat",0,0
RT @Fmenzi: #Renfrewshire exp on conjunctivitis getting to Space! #missiondiscovery2014  @ScienceSportUWS @UniWestScotland https://t.co/R9w…,0,0
RT @Fmenzi: #Renfrewshire exp on conjunctivitis getting to Space! #missiondiscovery2014  @ScienceSportUWS @UniWestScotland https://t.co/R9w…,0,0
#Renfrewshire exp on conjunctivitis getting to Space! #missiondiscovery2014  @ScienceSportUWS @UniWestScotland https://t.co/R9wsBSgzpK,0,0
Feel like I've been staring at a bonfire whilst having conjunctivitis.,0,0
"""Pink eye"" — It's a term that may sound scary, but this common eye problem typically is easily treated and, with... https://t.co/imGX68slVe",0,0
"Managed to get conjunctivitis, on top of everything else. Miserable.",1,1
@dcb72 I bet I had blurry eyesight with the conjunctivitis and that freaked me out enough. Sadly my partners mother has lung cancer.,0,0
"@PushStartDaniel conjunctivitis first, then it all follows(hopefully)",0,0
"So my cars fucked, had conjunctivitis, throat infection and not only that some close personal things are going on. Just gets worse.",1,1
@kazuhiraliza it got conjunctivitis on top of my cold omg it's annoying and disgusting. everytime i wake up my eyes are stuck shut.,1,1
RT @KatyandToast: @SuttyDaniel Why can't pharmacy advise on 11 month old with conjunctivitis and need send her to GP? #pharmacyfirst,1,1
RT Info: #Silver compounds can b used in diluted solution in #eyedrops 2prevent #conjunctivitis in #newborn #babie… https://t.co/ODzWZQyUnA,0,0
"Conjunctivitis - CRASH! USMLE Step 2 and 3 
https://t.co/OH3iIcnePD",0,0
"@kjwgaminghd oooh conjunctivitis, naaaastyyy, get better soon chick",1,1
@wickedtrue I was sick and ended up with conjunctivitis. My eyelid split in several places (as you can see). Had a huge scab along the edge,1,1
"@Shayla_x I experienced itchy, red and watery eyes... Till eventually I was told I got conjunctivitis.",1,1
"Researchers in Argentina have genetically modified adenovirus (a virus usually associated with cold, conjunctivitis https://t.co/auwJtmCY6K",0,0
"RT @NotThatKristi: @mexinonblonde 😂😂😂😂
It's contagious conjunctivitis... 

(I freakin love you for catching my references😘😍)",0,0
"@mexinonblonde 😂😂😂😂
It's contagious conjunctivitis... 

(I freakin love you for catching my references😘😍)",0,0
Oh I just love having a swollen eye and half a face in half term 😶✋🏾😞 stupid conjunctivitis 😣😔,1,1
"April showers then, matches my damp mood - cold and conjunctivitis. Having a duvet day 😷 @ Chinnor https://t.co/1yw1DoMmY9",1,1
"Agh! Babysat the nephew past two days. He has double conjunctivitis. I woke up with left eye swollen and gross. I quit, no more aunt duty! 😷",1,1
Two kids with fevers. Two kids with conjunctivitis. Two kids with coughs. Two weeks we have had this. One adult coming out in same symptoms.,1,1
Well now I have conjunctivitis. What a time to be alive.,1,1
Feeling seriously sorry for myself have the worst case of conjunctivitis l look like the bride of Frankenstein! 😷👁,1,1
Are you kidding me?! I've woken up worse than I was 2 days ago. And I'm pretty sure I've developed conjunctivitis  https://t.co/pfFe6ZvV8u,1,1
12 weeks old... 14lbs 10oz and conjunctivitis but looking very cute!  #lookathispoorlyeye 💙 https://t.co/lFGSfpVp6v,1,1
Woke up to eyelash glue all over my lashes and I look like I have conjunctivitis😂😭,1,1
@EllieGirrl dogs who went to the farm  with terrible colds and conjunctivitis?,0,0
Think I have conjunctivitis 🤔😕,1,1
Sith Lord eyes sounds so much better than conjunctivitis,0,0
Oh conjunctivitis is lovely 😬👀🙈,1,1
"@HannahJBetts Oh my, I bought those ReTimer glasses. Ace. And I don't have conjunctivitis. Yet.",0,0
Conjunctivitis on my right eyelid. 😕😕😕 @ Singapore https://t.co/MKuFUhIjJN,1,1
Being sent home sick 11 hours into my night shift with conjunctivitis 😞,1,1
I've got conjunctivitis 😉 that's one in the eye,1,1
"Hurricane on its way, conjunctivitis epidemic and a huge spider bite on my leg - get me out of fiji 😭 https://t.co/yDOvgvrcFY",1,1
"RT @wqvktg: Fiji so far in 2016.....
Jan -
Feb - TC Winston
Mar - Conjunctivitis outbreak
April - Floods, Zika TC Zena
May - ?
May the Forc…",0,0
"Fiji so far in 2016.....
Jan -
Feb - TC Winston
Mar - Conjunctivitis outbreak
April - Floods, Zika TC Zena
May - ?
May the Force be with us!",0,0
"So fucking painful. It's not hay fever, or conjunctivitis",0,0
RT @freckenstein: #GetOutOfWorkIn5Words I have conjunctivitis. Want it?,1,1
RT @AshleyDVaughan: I woke up this morning and my eyes were stuck together like two independent clauses in a complex-compound sentence. I'v…,1,1
"First pic, I'm sure she got conjunctivitis https://t.co/dEPw59xcMw",1,1
Oh and to top it off I just took sky to the vet yesterday because she had conjunctivitis,1,1
a conjunctivitis is a detection: joking and typewritten,0,0
@bardafree eye lovemaking sounds like a good way to get conjunctivitis,0,0
@RealCatAttack Conjunctivitis!  Much better now!,0,0
"On top of the conjunctivitis, I think I'm getting another stye and tonsillitis. STAY BACK Ebola is coming soon",1,1
I have conjunctivitis and I want to take my eyes out with a spoon,1,1
@SchrodingerKatt @777Violeta I forgot you're that huge eye with conjunctivitis.,0,0
Rashida looking to catch conjunctivitis... I canttttttttt,0,0
Doctor's orders: sunglasses and eye drops. #conjunctivitis https://t.co/wkfnNpRQ5O,2,1
Papillary conjunctivitis: an survey but technique in consideration of thresh out themselves: VsDQC,0,0
"@TanyaBurr @nixiepixi I've got conjunctivitis, that's my excuse!",1,1
Kidney infection and conjunctivitis in both eyes lol I look like something out a horror movie 👻,1,1
"Went out with my friend for a good time, came back home with fucking conjunctivitis 🙄",1,1
@laurakate_1 neither can I without getting conjunctivitis 😳,0,0
Spending the evening in a&amp;e 😱 Matthew has got super bad conjunctivitis - 😦,1,1
"@BadBevMama He's FIV+ and has chronic conjunctivitis, so he usually looks high.",1,1
"I've had 5 hours sleep, I've got conjunctivitis and I'm now sitting on a suitcase for three hours... Get me HOME",1,1
So upset that my darling now has conjunctivitis! Damn you!!,1,1
My poor eyes 👀👀😩😩👓👓🕶🕶🔫🔫 #conjunctivitis #fuckyou #sorreyes #killmenow,1,1
Treatments with regard to conjunctivitis: wDdXiWPYS,0,0
Why does conjunctivitis happen to good people?,1,1
RT @IgECPD: T5: Study showing effectiveness of sunglasses for symptom prevention for seasonal conjunctivitis https://t.co/DOPc7y4QGT #abcDr…,0,0
T5: Study showing effectiveness of sunglasses for symptom prevention for seasonal conjunctivitis https://t.co/DOPc7y4QGT #abcDrBchat,0,0
I need to make $168 tn bc that's how much makeup i just had to throw away 🙃🙃🙃🙃 #conjunctivitis,1,1
T3 Up to 60 percent of patients with allergic rhinitis (runny/stuffy nose) also get allergic conjunctivitis (watery itchy eyes) #abcdrbchat,0,0
Diagnosed with conjunctivitis and bronchitis at the same time :-),1,1
"At the vet with ancient dog, he's got a little conjunctivitis.",1,1
"woke up with conjunctivitis, WHAT ELSE IS THIS WEEK GOING TO THROW AT ME",1,1
"So I've got a cough and sore throat, pretty much lost my voice, and now I've got conjunctivitis :) love life",1,1
Was going to do more editing today but then my eye began to weep like a willow. Conjunctivitis ain't nothing to F with.,1,1
A nice dose of conjunctivitis please? Thank you.,0,0
"We will take care of you if you have conditions such as conjunctivitis (eye infections), scratched eye, itchy... https://t.co/pc06OYt3t6",0,0
@jenniferniven just took theo to the vets for his second injection and he's got conjunctivitis bless him!! 1 week until he can go out 🐶,1,1
@hotmail_kay he's got conjunctivitis,1,1
Won the premier League with Leicester inside 3 days on fifa and all of that done with one eye. Conjunctivitis is a bitch,1,1
Little fact: if your cat has an inflamed conjunctiva its called conjunctivitis which is feline herpes. 😂,0,0
My poor baby belle has conjunctivitis 😢,1,1
Turns out I have conjunctivitis and I can't use my contact lenses for a week !!!!!!!!,1,1
"@dylanmoore186 I feel you dyl, I've still got conjunctivitis, this should be fun😭😭👍🏼",1,1
Finally going back to work this Thursday after being off for three weeks cos of the flu and conjunctivitis #cantwaittogetthatmoney,1,1
RT @KachelaMurray: After 3 days of conjunctivitis my 4 year old has just told me the dogs face is nicer than mine today. Aren't kids awesom…,1,1
In favor of straight a felicitous signwriter himself jar household an conjunctivitis fetching parachute flare t...,0,0
"Conjunctivitis - CRASH! USMLE Step 2 and 3 
https://t.co/OH3iIcnePD",0,0
@SuttyDaniel Why can't pharmacy advise on 11 month old with conjunctivitis and need send her to GP? #pharmacyfirst,1,1
"In honor of getting back on the AWESOME @paexamreview Podcasts, I have a joke for you...www.conjunctivitis.com -- it's a site for sore eyes",0,0
"@JerEscajeda: Measles on rise. Classic triad = cough, coryza, and conjunctivitis w/ cephalocaudal rash (preceded by Koplik spots) #emconf",0,0
"So after having conjunctivitis in my right eye, it's now travelled to my left eye, and I'm still death in my ear. Wtf is happening to me 😩",1,1
Great. Im suffering from conjunctivitis.,1,1
"Ive got conjunctivitis in one of my eyes, I'm gonna scream",1,1
Conjunctivitis Market World Trends and Future Growth Analysis 2016-2021 https://t.co/bBPL2kCGSq #infowars #alexjones,0,0
"RT @yeshbox: Among the common eye infections, I would prefer conjunctivitis over love at first sight.",0,0
Why in the world would #eyedrops for #conjunctivitis aka pink-eye cost $154 after insurance? #pharmaceutical #insurance #healthcare :o,0,0
Came out at work via asking hr what the deal is with sick pay as my girlfriend has conjunctivitis and I might get it so needed to know 😎,1,1
I hate conjunctivitis why me,1,1
So me and max decided to go for dinner Friday and i think I might have conjunctivitis ffssssds😫🔫🔫🔫🔫,1,1
think I've contracted conjunctivitis and grown 2 more nose hairs during the night,1,1
"I may have to Lysol the sh*t out of this room if it is, indeed, conjunctivitis. #quarantine",1,1
"Alone, waiting for my shift to end, hoping i dont develop conjunctivitis- one eye's been reddish since yesterday, now it feels dry as hell.",0,0
"Conjunctivitis is just not fun at all, you wake up feeling momentarily blind, and then fear for your life for a few seconds",1,1
"me - thinks im getting better 
me - now has suspected conjunctivitis 
u kno what fuckin Nice Son",0,0
I have conjunctivitis fuck,1,1
Damn cat and her conjunctivitis,1,1
@PandaGothEyes pharmacist can give you chloramphenicol if its conjunctivitis.,0,0
Get well soon @criley13616 suffering conjunctivitis 1st day @Growing_Talent Graduate employed early by @HarrowGreen - what luck!,1,1
"1st it was TC Ula then TC Winston, then the Conjunctivitis and now TD14F, TD15F and TD16F. Ulala.......",1,1
If you WANT conjunctivitis too... #GetOutOfWorkIn5Words,1,1
#Fiji etiology of the current outbreak? [Enteroviruses responsible for acute hemorrhagic conjunctivitis] PubMed NCBI https://t.co/LuAVoXhCuJ,0,0
someone in the office downstairs has conjunctivitis and she is TOUCHING THINGS and WHY IS SHE HERE? GO HOME?,1,1
"Unknown to the divers was a coincidental,outbreak of acute haemorrhagic conjunctivitis among the Fijians|March 2006 https://t.co/9FZOQHpqz9",0,0
"Saw this on IG &amp; first thing I thought  of was ""conjunctivitis"". 😑 #anatomyprobs https://t.co/KLgKVRN0Ry",1,1
great now i have conjunctivitis. im falling apart,1,1
Why are the lights at school so damn bright?! I'd put my shades on but I don't wanna look weird.  #Conjunctivitis #FluSick,1,1
"After getting the flu, conjunctivitis and laryngitis, now my left ear decided to take a hearing break. Fun. #Donttakehealthforgranted",1,1
a conjunctivitis is a wrangler: tonguelike and ramose,1,1
"RT @pmpeds: Allergy season is starting but conjunctivitis also spreads easily.

 If you've also got eye discharge or you're... https://t.co…",1,1
"Allergy season is starting but conjunctivitis also spreads easily.

 If you've also got eye discharge or you're... https://t.co/LI8jsl0nyN",1,1
Love being prone to conjunctivitis! Makes my life so much better 🙃🔫,0,0
"we were going over conjunctivitis and I wanted to raise my hand and say isnt it sometimes caused by shit particles but I,, didn't",0,0
I'm at Subway and the girl who prepared my sandwich either has conjunctivitis or a stye. Not very encouraging.,1,1
Absolutely made up I've got conjunctivitis when I go Tenerife Thursday HEHE 🙃,1,1
"@metakate wicked bad conjunctivitis, eyelid cracked open in several places. I know how to party.",1,1
"8 looks like she's been punched in the eye, suspect conjunctivitis, unless she REALLY bothered her brother earlier...nah, conjunctivitis.",1,1
Papillary conjunctivitis: an thumbnail sketch conjunction why against pretreat me: JMLqhE https://t.co/FtLtFvJzdI,1,1
"So I got conjunctivitis from the water park yesterday, I've watched a whole movie with just one eye...",1,1
Facilities until shilly-shally good terms purchasing the outwit conjunctivitis clot: woaYH https://t.co/GibTbsVdLM,1,1
"@EmmaMaclean24 ""type up conjunctivitis on Google that's what I have"" 😂😂😂",0,0
feel like i have a really bad virus and conjunctivitis at the same time i feel so shitty,1,1
"@mazaxdance ""I've got Isaac"" ""I've got conjunctivitis""😂😂😂😂😂 too funny😂😂😂",1,1
"So scared of falling asleep to wake up with gunk and god knows what, bloody conjunctivitis 😢",0,0
"After 3 days of #Conjunctivitis finally set foot on work.
#FeelingGreat 😉😋✋✋✋",1,1
RT @kyleexulloa: Please don't leave your lashes anykine places only to be put back onto your eye. That's extremely unsanitary. Ur asking fo…,0,0
How do you handle Pink Eye? https://t.co/cIzM7EDLKy,0,0
@hollmurg @bethosborne_ Fetty 'conjunctivitis' Wap,1,1
@wendypanacea &gt; into my eyes using (thankfully needle-less) syringes. I suffered from severe conjunctivitis for two months afterwards. &gt;,0,0
"I take my dog in today.: He has what we think is conjunctivitis. But he also has a lump on his neck, where his... https://t.co/7EasXMoCoE",1,1
@HenderTheGreat @carrutherssocks @bertie_mack @LadyKofBelfast @ChristineN86 @pstni here be's me - #conjunctivitis 😷 https://t.co/9OSOOH1jAq,0,0
"RT CDCgov: mzwakhe_10654 Zika symptoms are usually mild; include fever, rash, joint pain, &amp; conjunctivitis (red ey… https://t.co/yzUqWsIBnK",0,0
"I have conjunctivitis, wanna fuck? #GetOutOfWorkIn5Words",1,1
"@mzwakhe_10654 Zika symptoms are usually mild; include fever, rash, joint pain, &amp; conjunctivitis (red eyes). https://t.co/lpTPWRfudT",0,0
Are you suffering from seasonal allergies or conjunctivitis? https://t.co/4MnDmavH2C,0,0
@PushStartDaniel Sounds like you had strep throat. You’ve coughed on your hands and rubbed your eyes and that’s how you got conjunctivitis.,1,1
So my week of illness has progressed. I have Conjunctivitis.Both eyes are super sore. Red like a stoner #nobobmarley https://t.co/5lACQskmue,0,0
"Throat infection, cough, cold, conjunctivitis and trauma to my ear so I can't hear properly.. Anything else wanna go wrong with me??😒🤔",1,1
conjunctivitis boys,1,1
Coping With Conjunctivitis https://t.co/Wuw3LmH6Ks,0,0
"All are Water Washer Diseases  EXCEPT : 
A: Scabies
B: Athlete's foot
C: Conjunctivitis
D: UTI
E: Contact Dermatitis",0,0
"So not only do I have a stonking cold, I now have conjunctivitis 😭👏🏽",1,1
@BigHardisonFlok : I love conjunctivitis.,1,1
How much do you know about conjunctivitis? #pinkeye #iec2020 https://t.co/VCzo09oocg,0,0
"RT @TheLuluLife: I've got conjunctivitis, apparently breast milk is good for it. So my friend just squirted in my eye... Let's wait and see…",1,1
Conjunctivitis is horrible 😭,1,1
What is conjunctivitis and how is it treated? https://t.co/Bco0c5JNpC #UECHealthInsights https://t.co/uoqNL4xrAt,0,0
waking up with conjunctivitis and walking around like I have pink eye 👀,1,1
"RT @tiarina667: @Amy_Prescott awww poor u , conjunctivitis is awful on its own 😔 wrap up sweetie good luck at the doctors sending :- https:…",1,1
Woke today with my eyes glued shut. Certain it's conjunctivitis. Called doctor bright and early but the soonest I... https://t.co/iOpIRKRzWo,1,1
Guttering along with rheumatoid conjunctivitis: aPMg https://t.co/rGcVFOBCkk,1,1
"all those times i couldnt be bothered to take off my makeup and now """"""acute conjunctivitis"""""" has caught me and the doctor in corfu h8s me",1,1
RT @LucyKateOwen: Omg my dog has conjunctivitis and she looks like Fetty Wap 😩😩,1,1
"@ekta_batra Conjunctivitis, and still working?! Get all well soon..
The glasses reminded of your early days on CNBC :)",1,1
My left eye is sore (not red but a bit irritated). Hopefully not conjunctivitis.,1,1
I swear i got conjunctivitis,1,1
i feel so ill and i look like ive been punched in the face thanks conjunctivitis 😰,1,1
I advise everyone to be extra careful from now on. Conjunctivitis is already on the loose.,1,1
"Pink, itchy eyes? https://t.co/YLkz4DPDYs via @CDCgov",0,0
Okay news flash I'm confirmed to have fucking viral conjunctivitis,1,1
"Conjunctivitis - CRASH! USMLE Step 2 and 3 
https://t.co/OH3iIcnePD",1,1
Conjunctivitis in hay fever https://t.co/tSnuZkBrvT,0,0
I've gone from having flu to a cold to (self-diagnosed) bronchitis to conjunctivitis in the last three weeks. Living that healthy life.,1,1
Think I may have conjunctivitis 👀,1,1
@xtashalovesyoux I've now got conjunctivitis to go with my sore throat and lost voice 😒,1,1
"""...the case of a group of pinked-eyed American healthcare workers traveling to Fiji in 2006"" https://t.co/Ggr17qVB6v by @thebodyhorrors",0,0
Wake up and your eye is completely sales shut? Welcome to conjunctivitis land! 😑 I really can't catch a break,1,1
@drzek @AdDien90 Hahaha.. Ada..! Salah satu spell dia 'conjunctivitis'. - to damage opponent eyesight.,0,0
So this half term is going great I've got the flu a viral infection and conjunctivitis 😭,1,1
"@Pettans vs. Reiter Syndrome aka Reactive arthritis: ""Can't pee, can't see, can't climb a tree"" (urethritis, conjunctivitis, oligoarthritis)",1,1
I have conjunctivitis and tonsillitis but I can't get through to the doctor and I think I'm gonna die,1,1
Some steps to avoid #Conjunctivitis https://t.co/EmakKqqpdP @Desunhospital https://t.co/JMFrfzPfRJ,0,0
"RT @Desunhospital: #DesunHospital  #HealthTips

Some steps to avoid #Conjunctivitis... https://t.co/ix4wrgB4xZ",0,0
"#DesunHospital  #HealthTips

Some steps to avoid #Conjunctivitis... https://t.co/ix4wrgB4xZ",0,0
A Raasian woman (From Ra) started selling her breast milk as remedy for Cika (conjunctivitis) at $4 a bottle due to shortages of eye drops.,0,0
@IrishAngelTraci P.S. This week I've been dealing with conjunctivitis in both eyes. Never a dull moment! What adult w/o kids gets pinkeye?,1,1
"First day at work today, sore throat, conjunctivitis and a cold. Today can only get worse :)))))))",1,1
In favor of la cordial signwriter herself suspend reproduce in kind an conjunctivitis transmissible sound the t...,0,0
@THEWORINDLVE he got that conjunctivitis,0,0
"Symptoms of Zika Virus. fever, rash, joint pain, and conjunctivitis (red eyes). https://t.co/o7rq7OCyZ2",1,1
going out with no make up for two weeks now. surprisingly loving it. just lipsticks. Thanks to conjunctivitis (not so much),1,1
"so everyone in my house have come down with conjunctivitis and have touched everything I have also touched today,... https://t.co/Khk3P4AOAt",1,1
conjunctivitis and what not,1,1
@AdamTheBlampied conjunctivitis. He'll be fine,1,1
"i've literally got a chest infection, a cold and conjunctivitis, yes because this is what everyone wants in life woo🤗🤗🙄",1,1
"Mom: what happened to his eye did he get shot (talking about fetty wap)
Leah: no he had conjunctivitis when he was a baby 

#K",0,0
BG has conjunctivitis in his Bowie eye. Just got him some Rx eye drops yesterday and he's already getting better https://t.co/gRNTUEI3Te,1,1
Out of places to go in sg on our off days. Shall plan a date to jb maybe.. Till his conjunctivitis is relieve,1,1
How can differentiate b/t conjunctivitis sicca and conjunctivitis and iritis from photo 💔💔... F****,0,0
@TheLuluLife https://t.co/zb3qlxmTNH - a site for sore eyes.. ;-),0,0
I have conjunctivitis which means a week with glasses😞,1,1
Conjunctivitis and rinitis. Every. Single. Day. Every. Single. Spring. I love being allergic to pollen...,1,1
"@beth_mulcahy cat with conjunctivitis (whether it's related or not is a mystery, but it certainly didn't improve it) :-( 2/2",0,0
@TheLuluLife https://t.co/ARvb6IX7Jn... That's a site for sore eyes! 👀 tepid warm tea bags also work. Wishing a speedy recovery x,0,0
did u know: conjunctivitis is the most fun u can have with your eyelids glued shut😊😊 #facts,1,1
@sweeneysho now missy is miserable and so so ill. Both have conjunctivitis and Molly is 39.6 fever,1,1
"I'm officially crying with one eye bc I watched 4x20 Ezria and I have conjunctivitis so yeah, one eye crying is just as upsetting😭😂",1,1
Only I would manage to have conjunctivitis and be ill at the same time,1,1
And I think I have conjunctivitis,1,1
"@_SophieEleanor that makes 2 of us, I have conjunctivitis 😒😒",1,1
Strong mention throughout conjunctivitis smooch high blood pressure: kdBoDEZFC https://t.co/sZAJ5utSSK,1,1
"This ""cranberry smokes"" look MUA's are doing recently is vile, it's just making girls look like they've got a bad case of conjunctivitis",0,0
Managed to not get ill throughout my entire dissertation until the very last week and now I have conjunctivitis 😤😒,1,1
can someone tell me why it costs 226 dollars for necessary conjunctivitis meds for my friend??? Be in immense pain or pay a small fortune,1,1
This had better not be the onset of conjunctivitis. Eyes are sore AF.,1,1
"Well Nessa and I took baby Elisa to the ER last night. She has conjunctivitis in both eyes, poorer baby has a... https://t.co/GBlz6gmSxX",1,1
@chloeconnor6 ah God love her. Robson used to get conjunctivitis all the time when he was a baby. Hope she is better soon.xx,1,1
"@daisy850 ok 😋 she's got conjunctivitis, not eating but drinking a little, full of the cold too x",1,1
@TheLuluLife Wish I had conjunctivitis then lol!,0,0
a conjunctivitis is an indecision: self-constituted and tottering,0,0
Getting back from holiday on Thursday and being in bed all weekend now I have conjunctivitis 😖 #PartiedTooHard #PlaneGerms,1,1
Allergies or something else? https://t.co/Hl2TpVWxZZ #Conjunctivitis https://t.co/CpYazCaz8z,0,0
Conjunctivitis and tonsillitis lucky me 😩,1,1
@DunKology @MrGilkes Wonder if there was ever conjunctivitis,0,0
"3D Glasses could carry bacteria that causes conjunctivitis, skin infections, and even pneumonia. Be careful! https://t.co/23CwIJPl1E",0,0
"Conjunctivitis - CRASH! USMLE Step 2 and 3 
https://t.co/OH3iIcnePD",0,0
Getting conjunctivitis 6 days before I go to America is nae idea :)),1,1
Big ups to my 4 year old for sharing her conjunctivitis with daddy. https://t.co/Dj64B6X8Jy,1,1
"4 keys to diagnose measles: fever + 3C. what's 3c??? cough, conjunctivitis, and coryza.",0,0
Got bloody conjunctivitis 🙄,1,1
Down with conjunctivitis!!! Terrible burn in the eye,1,1
"As if a severe cold, sore throat and blocked ears wasn't enough, I woke up with conjunctivitis this morning.
fml",1,1
Having conjunctivitis is one of the most annoying things ever!! 😩😩😩😩,1,1
Worst thing about having conjunctivitis is not being able to wear makeup :(,1,1
@inpsychedelia it's the Fijian term for #conjunctivitis 👀,1,1
Connor just said he'll be closer to me if he doesn't strip his pillow that I have slept on with my eye that has conjunctivitis....,1,1
I've got conjunctivitis 9 days before I go napa😩 this should be fun😅😳 #sorrynapaworkers 😅😂,1,1
"Old mascara can cause itching, conjunctivitis, as well as inflammation of the eyelid. It should be replaced every three months.",1,1
"How did I get a cold, tonsillitis and conjunctivitis in one week",1,1
FALSE ALARM didn't have conjunctivitis just had sleep in my eye,1,1
@TheLuluLife ah the old conjunctivitis line...🙈,1,1
"I've got conjunctivitis, apparently breast milk is good for it. So my friend just squirted in my eye... Let's wait and see if it works 😂",0,0
"RT @saad_iq64: 🔘Diseases Causes By Adenovirus 🔻
■Croup
■Bronchiolitis
■Afebril pneumonia
🔴Clinical Feature🔴
•Conjunctivitis
•Pharyngitis
•G…",0,0
"had AGE just last week, URTI a few days ago, and now viral conjunctivitis.",1,1
This whole Toncilitis and Conjunctivitis thing is depleting my supposed calorie intake..,1,1
Conjunctivitis is not the one 👎,1,1
This conjunctivitis is wrecking my weekend and getting worse! 😣,1,1
think I've got conjunctivitis 😩😩,1,1
My eyes are fucked. Conjunctivitis or something gash like that,1,1
Fml I really don't need conjunctivitis again right now I NEED EYE MAKE UP 😩😩😩,1,1
Love waking up blind cos of conjunctivitis,1,1
RT @ambahtaynton: Conjunctivitis. com – now that's a site for sore eyes #BestFanArmy #5SOSFam #iHeartAwards,0,0
Conjunctivitis. com – now that's a site for sore eyes #BestFanArmy #5SOSFam #iHeartAwards,0,0
@justinsqueeen maybe she's got a conjunctivitis like when her eyes water a lot and even stick together a little,0,0
Conjunctivitis is an aggravation of the conjunctiva. The conjunctiva is the flimsy clear tissue that lies over... https://t.co/GSDM4Gqqnf,0,0
RT @MissHenckels: How to Help Heal Pinkeye (Conjunctivitis) #healslighting https://t.co/qPkQXhJ0yq https://t.co/57jb0Lkg5v,0,0
"Full of the flu,tonsillitis&amp;conjunctivitis 👃👎😷#hatebeingpoorly",1,1
How to Help Heal Pinkeye (Conjunctivitis) #healslighting https://t.co/qPkQXhJ0yq https://t.co/57jb0Lkg5v,0,0
Shut up! Is this conjunctivitis?? again???,1,1
RT @FBC_News: Pio Tuwai stopped from boarding the flight with Fiji 7's team this morning due 2 conjunctivitis...he departs Monday #Fiji,1,1
When you're at work because Conjunctivitis one side your workmates....but the Crusaders won against the Lions... https://t.co/wCFWpfIex2,0,0
No pls #conjunctivitis,1,1
@carr_toons what’s wrong? Walt may have conjunctivitis.,1,1
"@jonmcp I've got conjunctivitis in both eyes and have a chest infection atm, but other than that im good :p",1,1
"Everyone's got a little God in them. Me, I can cure canine conjunctivitis with a friendly scratch.",0,0
"At one point, Watson's hands were stained with silver iodide - mainly an antidote to conjunctivitis #221bcon",0,0
"RT @master_usmle: Red eye causes
GO SUCK:
Glaucoma
Orbital disease
Scleritis
Uveitis
Conjunctivitis
Keratitis",0,0
"RT @saad_iq64: 🔘Diseases Causes By Adenovirus 🔻
■Croup
■Bronchiolitis
■Afebril pneumonia
🔴Clinical Feature🔴
•Conjunctivitis
•Pharyngitis
•G…",0,0
"@zakz83 @skickwriter yeah.  but then the conjunctivitis, so lesson learned...",0,0
"Had flu, novovirus, 8 ulcers, bacterial conjunctivitis, salacious gland infection, mumps, chest infection all since January #fml",0,0
Either really tired or I've got conjunctivitis 😫😫,1,1
How is conjunctivitis treated? https://t.co/Bco0c5JNpC #UECHealthInsights,0,0
Conjunctivitis fee self chemical closet overburden passed out in our time: JYdAZGj,0,0
@ShanHenryx Aww is it still his conjunctivitis? X,1,1
Breast milk cures conjunctivitis. No worries,0,0
@eastbutblue @Leontia2001 I always think they've something to hide and I don't just mean conjunctivitis.,0,0
"@mummychilds awww! If you are breastfeeding, breastmilk is excellent for conjunctivitis -couple of drops in each eye 😊",0,0
"Great so I not only have a cold, I now have conjunctivitis I'm just a walking illness",1,1
"Having a nice threesome this morning with strep, bronchitis, and conjunctivitis 😃😅",1,1
RT @bluebellday: @bluebellday Harriet had conjunctivitis,1,1
@jambong I think conjunctivitis 😔.,1,1
fuck i have conjunctivitis,1,1
"🔘Diseases Causes By Adenovirus 🔻
■Croup
■Bronchiolitis
■Afebril pneumonia
🔴Clinical Feature🔴
•Conjunctivitis
•Pharyngitis
•GIT disturbances",0,0
@FrankIero hey conjunctivitis buddies,0,0
"Conjunctivitis - CRASH! USMLE Step 2 and 3 
https://t.co/OH3iIcnePD",1,1
Conjunctivitis (Pink Eye) - Natural Ayurvedic Home Remedies https://t.co/9jEsTXtvS6,0,0
@bluebellday Harriet had conjunctivitis,1,1
Is https://t.co/YZhCots4Nb a site for sore eyes?,0,0
Parents are going to miss my first bout. 🙁 Dad's managed to get conjunctivitis in BOTH EYES 😑,1,1
Papillary conjunctivitis: an brief and how over against manna the goods: mVLEV,0,0
"As if the pollens thought that rhinitis wasn't enough of a punishment for spring ,I have been honoured with allergic conjunctivitis too 😐",0,0
"Took my conjunctivitis ravaged eyes to the park. Stood under plane trees in a pile of their fluff, blew bubbles into own face &amp; now in agony",1,1
think i might have conjunctivitis... my eye is fucked. might not be a stream today :(!,1,1
Conjunctivitis is a bitch.,1,1
"@Safiiwa go chemist, seems like you have conjunctivitis. You need drops",1,1
Just in case one of your littlies ever need ... - #diet #fitness #weightloss #fatloss https://t.co/0RQqjXYB6I https://t.co/h2AgDS7R7K,0,0
"RT @CDCgov: .Bell: Zika symptoms are usually mild; include fever, rash, joint pain, &amp; conjunctivitis (red eyes). #ZikaSummit",0,0
"The first time I have ever had conjunctivitis and got it in both eyes along side a cold, bad cough, sore throat,2 ear aches and a head ache😩",1,1
Lasik gradualistic conjunctivitis cutting cures reflecting bullet-hole illnesses: kZBJkmYpG https://t.co/u905PippNb,0,0
((still so sick. now have conjunctivitis in BOTH eyes. fml. worse cold ever.)),1,1
WHY have I woken up with conjunctivitis the day I'm meant to be going out for my birthday😭,1,1
Could you be arsed waking up the day of a party with conjunctivitis ??,1,1
@RadioX Kelly Jones once said a Welshman saying the world phenomenal was a gift to mankind. He never heard @elisjames saying conjunctivitis,0,0
1st day off and I've woken up with conjunctivitis and Ill asf,1,1
@BerryNweze Uh oh! Conjunctivitis?,1,1
"woke up with the worst cold, no voice and conjunctivitis, this ten hour shift is not what I need now😩😴",1,1
"RT @clemwin: Some women use makeup &amp; the end result is flawless.

I use makeup &amp; the end result is ""Bobo the Clown with conjunctivitis"".",0,0
https://t.co/WdDimnQWrB – now that's a site for sore eyes,0,0
"Bad case of conjunctivitis, cold &amp; sore throat means one thing... day in bed playing #sims4 #anyexcuse #pjday",1,1
Only I go and get conjunctivitis after watching a 3D film bloody shit,1,1
RT @aileenaad: So it might have conjunctivitis,1,1
Conjunctivitis - Do not take lightly - i Care Info https://t.co/WlOQPSY5v9,0,0
GUESS WHO GOT CONJUNCTIVITIS,1,1
"@behindyourback conjunctivitis is no joke, punks better recognize!",1,1
RT @NoahGrossman214: @Pinkieruth he's not doing to well. He got conjunctivitis real hard yesterday. Doctors say he's got minutes left 😢,1,1
"RT @CDCgov: .Bell: Zika symptoms are usually mild; include fever, rash, joint pain, &amp; conjunctivitis (red eyes). #ZikaSummit",0,0
"I'm experiencing   @darrenhayes   what u felt like when u lost ur voice &amp; had conjunctivitis in ur eyes many,many years ago.",0,0
RT @JacqueeSpeight: Pio Tuwai stopped from boarding flight with Fiji 7's team this morning as he has conjunctivitis...he departs Monday #Fi…,1,1
“https://t.co/9xwmjpwr4k – that's a site for sore eyes”,0,0
"Double ear infection, conjunctivitis and a cough that won't quit- gifts to myself #thanksimmunesystem",1,1
"Spent this week with sickness, headaches, a cold, ear infections, throat infection and now conjunctivitis LOL.",1,1
You know what would screw up your Friday night? Conjunctivitis.,1,1
RT @keithharding: The treatment of conjunctivitis through salves and ointments does not cure the disease. #healthtip,0,0
"PRO/EDR&gt; Conjunctivitis, viral - Fiji: Conjunctivitis -- FijiHealth authorities in Fiji are urging people to o... https://t.co/KQq6m06VZc",1,1
The treatment of conjunctivitis through salves and ointments does not cure the disease. #healthtip,1,1
"My eye is so gammy, fu conjunctivitis",1,1
"RT @AAAAI_org: Allergy shots are proven effective for treating allergic rhinitis, conjunctivitis, allergic asthma and stinging insect aller…",0,0
Guess who has conjunctivitis in their right eye?🙋🏼🙋🏼🙋🏼,1,1
Allergic conjunctivitis  is not ideal #week3,1,1
Driving with conjunctivitis in both eyes is a bloody mission 😩😩😷,1,1
"And we have a second dog with conjunctivitis (no worries, not like human conjunctivitis)… https://t.co/IpYPNdHO1j",1,1
"#adventuretime  Battle marks from #conjunctivitis :( He is doing better! @ Healdsburg, California https://t.co/xgdr6biPib",0,0
"Pink, itchy eyes? https://t.co/VwRDDJXimu via @CDCgov",0,0
"Agree with Dr. Armineous 's answer to ""Is it normal for bloody mucus to form with conjunctivitis ?"" - https://t.co/a4KefXP2ZJ",0,0
@R_McCormack clears up conjunctivitis lickety-split.,0,0
"#hodgodfriday not sure I should get 3 checkins from the 1 growler, it’s gone now

https://t.co/LvqSiNUZGn … Now that’s a site for sore eyes",0,0
I won't deny it. I did feel a bit like an undercover superhero special agent wearing my sunglasses on the tube on way home. #conjunctivitis,1,1
Outbreak of Cika pronounce theeka in Fijian Language. Conjunctivitis the eye Infection on the rampid. https://t.co/DRBNCvaLGp,1,1
VD has caught conjunctivitis. No one wanted to sleep w/ him. Courageous Urv ashi agreed to volunteer.,1,1
https://t.co/KYK1Ur7j69 - that's a site for sore eyes!!!,0,0
@LurchenGamer it's actually strep and a strep related conjunctivitis 😭😷 Styes are a little easier to treat than this,0,0
Conjunctivitis and crying... Not the best mixture 😣😭,0,0
Have you kids come home from school with Pink Eye?  Read all about what causes it and how it's treated here: https://t.co/IfnKCHTOeT,0,0
So it's not reaaaally conjunctivitis. But a zika-induced conjunctivitis. Whatever that means.,0,0
I asked my doctor if I could use drops to treat the conjunctivitis and she said no. She says my eyes are not really infected.,0,0
"Googling ""conjunctivitis + zika"" and I got to a news article about the zika outbreak here in Venezuela and the comments are 😂",0,0
Visit https://t.co/iLalCE9Yfc It's a site for sore eyes. 🙄🤓,0,0
Is the conjunctivitis supposed to last more than three days? Because this is really annoying. #ZikaUpdate,0,0
https://t.co/4HZKUZUIR4 - a website for sore eyes,0,0
Global Bacterial Conjunctivitis Drugs Market 2016-2020; New Report Launched https://t.co/bKz6ohgLFR #pr,0,0
"I have never been more ill than I have right now. Hearing loss in one ear, nose bleeds and conjunctivitis all alongside an awful cold😪😪",1,1
@NewtonEmerson somebody once had conjunctivitis for 2 days according to evidence review published last year https://t.co/I6ZZlcKDFJ,0,0
That's right. I'm almost 35 and today I have viral conjunctivitis for the first time in my life. Pinkeye. With lots of goopy discharge. #fml,1,1
#conjunctivitis #Haemophilus Influenzae Infections Symptoms &amp; Causes | Boston Children's Hospital https://t.co/0BHTTA4kDB,0,0
@EveryFinnishNo  intradoses breath airlike iconoscope conjunctivitis → https://t.co/qyftV2iua4,0,0
i can't hear out of one ear and i think i'm getting conjunctivitis - now would be a spectacular time to get to work immune system👍👍,1,1
"Dear all, if you spot a woman wearing sunglasses on the tube, please note she is not an idiot! It's me and I've got
conjunctivitis. 👀 🕶",1,1
@Fkn_Ryan conjunctivitis in her eye pahaaaa. she had to get dye put into it it's pure disgusting now,1,1
https://t.co/GGpCDiLGtg.........now there's a site for sore eyes 😊,0,0
First-class ken respecting conjunctivitis pet suffering: UBmrKvRqj https://t.co/ohC4qfnCRY,0,0
Anyone heard about web page https://t.co/RJXqDi5kyO ? Apparently it's a right site for sore eyes 👀,0,0
"Conjunctivitis - CRASH! USMLE Step 2 and 3 
https://t.co/OH3iIcnePD",1,1
"RT @CDCgov: .Bell: Zika symptoms are usually mild; include fever, rash, joint pain, &amp; conjunctivitis (red eyes). #ZikaSummit",0,0
Martin had to get conjunctivitis the day of my prom ☺️☺️☺️☺️☺️☺️☺️☺️☺️☺️☺️,1,1
"RT @CDCgov: .Bell: Zika symptoms are usually mild; include fever, rash, joint pain, &amp; conjunctivitis (red eyes). #ZikaSummit",0,0
".Bell: Zika symptoms are usually mild; include fever, rash, joint pain, &amp; conjunctivitis (red eyes). #ZikaSummit",0,0
My turn has finally arrived. I can feeeel the conjunctivitis-ness coming up.,1,1
Papillary conjunctivitis: an condensation and how over against sift myself: YrKECh https://t.co/YIcm6kOlXn,1,1
"RT @master_usmle: Red eye causes
GO SUCK:
Glaucoma
Orbital disease
Scleritis
Uveitis
Conjunctivitis
Keratitis",0,0
'soon as i walked in she looked at me like i had ebola i had to say it's only conjunctivitis dw',1,1
Nothing quite like a little conjunctivitis to spice up the tail end of my spring break. 🤕,1,1
Babysitting conjunctivitis children today,1,1
Conjunctivitis again so no work ffs😡,1,1
"Pink, itchy eyes? Could it be pink eye? Usually Mild and Easy to Treat https://t.co/e8utIi2six via @CDCgov https://t.co/aqpOcN0xle",0,0
"RT @AAAAI_org: Allergy shots are proven effective for treating allergic rhinitis, conjunctivitis, allergic asthma and stinging insect aller…",0,0
my daily activity includes chanting 'conjunctivitis' in a southern accent,0,0
"@mrmichaelball @BBCRadio2 https://t.co/uUxiViFUTw made me laugh so much, nearly stalled the car!",0,0
RT @CDCgov: Pink eye spreads easily. It’s usually mild but sometimes needs med treatment depending on symptoms. Learn more https://t.co/GnG…,0,0
"RT @love_me_avenue: https://t.co/K5roPWsoBF 

That's a site for sore eyes. 

Oh dear! 🙊",0,0
"#Climate NPG: Ambient air pollution, weather changes, and outpatient visits for allergic conjunctivitis: A retrosp… https://t.co/CTDBA1EoDE",0,0
have I actually woke up with conjunctivitis and my contacts in,1,1
And now add conjunctivitis to the list of what's wrong with me 😷🤒,1,1
@JamesHale21 @kieranbunting read a Web page for conjunctivitis. It was a site for sore eyes.,0,0
"Told the whole family I had conjunctivitis, went all out with the Vaseline #AprilFoolsBitches",1,1
"That website, https://t.co/gFIpCwAfPs is a site for sore eyes you know 😂",0,0
"https://t.co/K5roPWsoBF 

That's a site for sore eyes. 

Oh dear! 🙊",0,0
"have conjunctivitis, pleurisy, had 5 hours sleep and i'm modelling today... blaaaaahh.",1,1
Woke up with red and swollen eye and it's not itchy so it's not conjunctivitis. Please forgive me 😩,0,0
Primitive bearing in re deep-settled conjunctivitis making ready: TXZIjmKC,0,0
@fx550Mike @JackiHicks @janh1 @chickago13 @jpndcf @Stigonthelizard @sabaone Nice day to have off! Hard luck on conjunctivitis -CP still poss,1,1
"Ebay Bid Last Second RT↺ https://t.co/XFln2knD0z New Patanjali Divya Drishti Eye Drops &amp; Eye Health,conjunctivitis Each Pack  ↺Please",0,0
