text,cat2
NNS strike JJ celebratory NNP NNP have fall sickness NNP URL,1
WRB VBP NN NN NNS VBP viw JJ NN URL agency USR URL,0
UH people you VBP VB the NNS VBP self_reference MD get RB IN PRP,0
NNS IN NNP strike viw NN JJ agent IN NN celebratory URL,1
HT USR WP vis the NN IN NN IN NN CC NNS IN NN URL,0
VBG NNS TO VB JJR NN IN NNS USR VBZ HT NNS outbreak NN HT,1
NNS IN JJ celebratory NN have NNS URL,1
the HT VBZ JJ dispersal IN the NN TO NNS CC NNS VBG IN PRP VBZ USR URL,0
HT USR IN the JJ NN VBG NN NN JJ NN NNS negator DT health NN NN NN URL,0
HT USR VBG RP NN IN NNS agency nutrition NN IN NNP,1
NNP NNP NNP VBG WRB disease_descriptors NNS IN RB agency dispersal viw JJ JJ NN NNS plvis NNS,0
NNP strike CD IN JJ celebratory NN JJ JJ NNS VBN IN NNP NNP agency USR HT,1
HT USR self_reference must extent have DT VBN IN NNS IN the NN IN NN URL,0
NNP NNS quantisation VBP IN CD NNS CC CD NN VBN sickness URL,1
NNP HT morbidity ability VB morbidity NN NN probability NN body morbidity VBP NNS URL,0
NNP IN NNS IN NNS VBZ DT NN TO VB VBN JJ IN JJ NN NNS JJ people VBP VB,0
CD NNS trend sickness viw NNS IN JJ celebratory NN NNP,1
vif you VBP RB TO posessive NNP viw NNP RB self_reference MD VB you URL,0
NNP NNS quantisation trend URL,1
NNP NNP NNP IN DT NNP NNP URL,1
NNS outbreak IN JJ celebratory NNP NNP IN the self_reference NNP HT URL,1
RB counters NNS VBG IN NNP IN celebratory NNS CC NNS TO NNS IN NNP PRP URL,0
NNS strike NNS IN NNP celebratory NN URL,1
NNP NNS quantisation trend IN CD NNS CC CD NN VBN sickness URL,1
NNS IN NNP HT NNS trend sickness IN probability NNS IN NNP extent NN NN HT URL,1
NNP sickness NNP IN NNP celebratory NNP URL,1
vif VBZ VBG IN DT travel TO evaluative weight NN self_reference ability extent advisory the NNS VBP,0
CD JJ NN morbidity vis extent PRP VBD NNP HT HT HT HT HT HT,0
DT HT NN plvis you VBG extent you ability TO preventive PRP VB NNS IN NNP HT URL,1
RT batool96:_USR counters JJ agent that IN NN NNS NNP,0
HT NNP NNS quantisation trend URL URL,1
the NNP agent opinion VBZ emotion celebratory NNP NNP URL,0
NNP reports NNP celebratory NN NNS IN NN VB down viw NNS URL,1
VBP you have morbidity IN NNP calls preventive the health_facility IN VBZ DT NN IN JJR NNS VBP URL,0
frequency DT NN IN celebratory NNS VBP JJ celebratory NN NNS IN NN VB down viw NNS URL,1
USR NNP vor VBG IN NNS when NN NN NN NNS VBP obligative viw NNS,0
USR JJ NN IN NNS IN celebratory NN NNP relationships vis DT treatment IN PRP JJ NN vis NNS negator VBG NN NNP,0
NNP order celebratory NN TO VB HT Continuance viw CD JJ probability NNS URL,1
USR posessive NN IN the HT outbreak IN the demographic NNP celebratory NNP IN NNP NNP IN CD URL,1
Temporal IN NNP celebratory NNS VBD TO NNS order NNS outbreak URL,1
HT NN IN NNS IN JJ celebratory NN trend sickness viw NNS NNP NNP URL,1
Temporal IN NNP celebratory NNS VBD TO NNS order NNS VBP NNS IN celebratory NN NN URL,1
NNP USR WRB counters people get NNS IN the NN vor NNS others extent VBP have TO reports NNP NNP vis DT health NN,0
NNP NNP people VBP VBG IN JJ NN JJ IN IN UH NNS CC NNS Temporal posessive JJ NN RBR JJ,0
NNP treatment CD NNP consequential TO VB RB VB vif you need TO HT USR NNP USR USR USR,1
JJ celebratory NN people sickness viw NNS URL URL,1
NNP up TO CD NNS CC NN have fall sickness order NNS strike DT celebratory IN NNP : URL HT,1
NNS IN HT celebratory NN sickness viw HT USR URL HT,1
HT Temporal IN NNP celebratory NNS VBD TO NNS order NNS outbreak frequency NNP URL,1
USR the demographic have PRP self_reference VBP NNP,0
Temporal IN NNP celebratory NNS VBD TO NNS order NNS outbreak URL URL,1
self_reference MD opinion WRB extent this NN have VBN IN VBG posessive NN get NNP NN IN NNP CC NNP NNP,0
NNP NNP vif RB JJ NNS VBP vif NNP NN need TO VB NN vor JJR NNS MD get JJ opinion VBN NN,0
UH USR VBD those JJ morbidity IN Temporal vor extent JJ NNP IN NNP nutrition NN ability calls IN JJ HT,0
NNS strike JJ celebratory NN Temporal vis probability TO VB the NN,1
RB NNS VBG IN HT VB RB viw the NN RB this vis DT morbidity negator TO give NN TO the NN,1
IN DT NNP WRB ability self_reference preventive PRP IN NNP URL,0
disease_descriptors sickness NNS NNP NNP NNP order NNP NNP reports URL agency USR NNP NNP,1
celebratory NNS CC NNS must have had extent NN IN NN IN DT JJ NN others extent MD VB DT NN HT,0
USR IN DT HT WRB ability self_reference preventive PRP IN JJ the disease_descriptors NN URL,0
IN DT NNP WRB ability self_reference preventive PRP IN RB the disease_descriptors JJ NN NNS VBP URL,0
USR USR PRP RB have the NNS extent Temporal Temporal have TO VB IN PRP$ JJ NN CC VB TO PRP$ JJ body IN CD Temporal,0
NNS NN JJ NNP NN NN NN,0
USR USR VBD vis morbidity viw NNP NNS IN NNP NN like DT NN JJ viw NNS VBP,0
body agent VBZ CD NNS IN celebratory NN NN VBD PRP$ NN NNS IN CD URL,1
IN DT NNP WRB ability self_reference preventive PRP IN NNP NNP URL HT,0
NNS IN NNP strike agency NNS IN the JJ NN celebratory IN the NNP NNP NN NN agency USR,1
NNP NN NN VB the NNS VBP self_reference VBP get RB IN NNP,0
CD USR cancellara_USR TO VB NNP NNP self_reference pstvis JJ IN IN CD Temporal order having NN,1
NNP NNP NNP NN NN NN vis TO VB VBN IN the NNS IN JJ celebratory NNP URL,0
HT HT NNP NNP VBZ NNS outbreak IN NNP URL,1
HT HT HT celebratory NNP that pstvis IN NNP order NNP URL agency USR,0
JJ NNP celebratory Continuance TO NNP viw probability NNP outbreak NNP agency USR,1
HT HT NNP IN NNP NN viw outbreak IN body NN URL,1
NNP HT HT HT NNS IN NNS IN order Temporal IN celebratory TO NNP NNP NNP URL,0
HT celebratory Continuance TO NNP IN probability HT outbreak URL,1
NNS IN DT celebratory NN have VBN down viw NN URL,1
NNS vis the comparative sickness TO frequency VB NNP,0
those affection people IN the celebratory NN viw NNP NNP self_reference had PRP counters IN CD NNS RB CC self_reference opinion self_reference pstvis VBG VBZ NN RB JJ HT,1
JJ NNP celebratory TO NNP Continuance TO self_reference IN probability : URL agency USR URL,1
NNP strike JJ celebratory NN NNP celebratory NNP NNP IN NN VB down viw NNS NNP reports URL,1
Temporal IN NN get the NN NN NNS IN JJ celebratory NN have NNS URL,1
body agent strike NNS IN JJ celebratory NN NNP URL,1
NNP USR VBP had extent affection NN self_reference VBP sorry IN DT NNS having VBN the NNS IN NNP NNP,1
USR USR USR VBZ others the NN,0
JJ celebratory NN VBZ PRP$ NN vis NN TO NNP IN VBN IN probability NNS outbreak order self_reference NN URL,1
JJ NN HT HT NN VBZ preventive dispersal IN HT URL HT HT URL,0
NNS IN JJ celebratory NN NNP VBG NNP NNP URL,0
CD NNS IN celebratory NNP VBN agency NNP URL,1
CD NN have NN viw the NN,0
RT USR DT outbreak IN the NNS body agent have sickness CD people IN DT NNP NNP celebratory NNP NNP URL,1
DT HT HT have VBN IN the self_reference viw JJR IN CD NNS IN NN sickness viw HT URL,1
NNP that HT VBZ IN CD people JJ VBZ WRB TO VB NN NN HT URL,0
celebratory NNS plvis JJ NNS IN NN CC DT NN VBN IN NNP have DT NN URL,0
NN NNS IN DT NNP sickness CD IN JJ celebratory NN TO NN IN NNP NNP URL,1
NNS outbreak strike JJ celebratory NN NNP,1
NNP emotion that VBP VB NNP get NNS CC posessive JJ NN VBP RB,1
IN NNP VBG NNP NNP extent VB the NN probability need NNP NNS NN,0
NNS strike NNP NNP health_facility URL,1
NNP sickness CD IN order celebratory NN TO NN IN NNP this Temporal URL,1
USR NNP IN NNP celebratory NNP have NNP NNP URL,1
CD NN self_reference MD VB go IN DT celebratory DT Temporal RB JJ celebratory NN NNS VBP down viw NNS URL,1
NNP strike CD IN JJ celebratory NN JJ JJ NNS VBN IN NNP URL agency USR,1
VB TO NNP NNP IN CD NNP viw NNPS IN Temporal NNP URL,1
NNP VBG NN NNP NNP NNS IN JJ celebratory TO locative NNP morbidity sickness viw NNP,1
HT NN HT strike HT NNS HT NN VBZ JJ NNP celebratory NNP URL,0
VBG NN NNP NNP NNS IN JJ celebratory TO locative NNP morbidity sickness viw NNP,1
NNS sickness celebratory NN NN CD trend sickness IN JJ celebratory URL,1
USR JJ NN negator IN the CD WRB NNS have VBN down viw the NNP,1
NNP UH NNP ability self_reference calls get CD NN IN NNS viw DT NN NN IN having TO loss posessive order obligative calls health gratitude you,0
HT IN HT VBN IN HT probability have HT URL URL,0
sickness VBG HT HT NN RB URL probability HT WP IN JJ HT NN,1
CD IN celebratory NN sickness viw NNS USR URL,1
NNS IN celebratory NN VBD IN NNP probability have NNS URL,1
USR self_reference nor NNP extent RB VBN NNS IN people get sickness IN JJ NNP JJ negator NNP NN,0
DT JJ celebratory NN VBZ CD IN PRP$ NNS vis NN TO NNP IN VBN IN morbidity IN DT NN URL,1
NNP CIS_USR NNP plvis JJ TO VB up JJ NN vif NN VBZ PRP JJ NN,0
NNS IN JJ celebratory NN NNS VBN TO NNS agency NNS HT URL,1
VBZ DT extent expletive NNP IN NNP celebratory NNP have NNP NNP reports URL,1
celebratory NNP that pstvis IN NNP order Temporal NNS NNP outbreak URL,1
DT NN IN the CD NNS IN DT JJ celebratory NN Temporal have NNS URL,1
NNP IN NNS IN HT celebratory NN NNP trend sickness viw HT HT URL,1
NNP ending NNP NNP NNS VBP HT TO preventive HT HT CC NN HT URL,0
NNP sickness NNP IN NNP celebratory NNP NNP NNP IN NN treatment CC preventive NNP : URL,1
people VBP WRB self_reference MD go IN DT celebratory NNP reports NNP celebratory NN NNS IN NN VB down viw NNS URL,1
NNP sickness NNP IN NNP celebratory NNP URL,1
NNP NNP celebratory NN Continuance IN probability NNS outbreak URL URL,1
sickness IN celebratory TO HT VBZ NNP NNP NNP WRB the JJ NN NN USR URL,1
NNP NNP IN NNS fall sickness IN HT NN HT morbidity IN HT URL,1
NNS probability sickness NNP NNS URL URL,1
NNP NNP NNPS have DT NN RB NNP HT HT agency USR URL,0
NNS IN JJ celebratory NN NNS VBN TO NNS agency NNS HT URL,1
UH UH : USR URL,0
NNP reports NNP celebratory NN NNS IN NN VB down viw NNS URL,1
NNS NNS NNS IN celebratory NN IN NNP NNP reports URL,1
the order celebratory NN TO NN IN NNP NNP this Temporal vis VBG extent sickness NN URL,1
NNP NNP HT HT IN probability NNP outbreak DT JJ NN NN URL,1
NNP IN NNP NNPS order celebratory TO NNP NNP URL HT HT,1
NNS IN JJ celebratory NNP have NNP NNP URL,1
affection NN have the NNS CC vis treatment RB self_reference CC NNP NNP NNP plvis body_function IN DT NN NN IN the NN NN,1
DT JJ celebratory NN VBZ CD IN PRP$ NNS vis NN TO NNP IN VBN IN morbidity IN DT : NNP URL,1
NNP HT NN NNS IN NN VB down viw HT HT URL,1
celebratory NN viw case IN NNS VBD NNS IN NNP NNP NNP URL,1
NNS VBG IN NN IN locative locative NNP NHS_USR calls VB VB victim IN health_facility vif you plvis morbidity HT,1
USR must VB NNS go locative up locative NNP,1
USR WRB ability you ingestion locative VBP RB JJ IN NNS CC NN,0
celebratory NN viw case IN NNS VBD NNS IN NNP NNP URL,1
NNP IN CD NNS IN DT JJ celebratory NN have fall sickness viw the JJ sickness IN the NNP NN,1
NNS NNS NNS IN NNS RB DT NN URL,0
JJ NN NN viw CD NNS IN NNP VBZ NNP NN CC RB NNS URL,0
NN HT strike NNS IN the NNP NNP HT HT NN URL,0
when celebratory Temporal VBD off IN NNP self_reference this NN PRP VBD RB get off TO DT health NN URL,0
NNP agency NNP NN JJ URL,0
NNP vif NNS pstvis DT disease_descriptors NN MD self_reference VBP PRP$ NNS VBP self_reference VBP extent VB like NN : URL,0
order celebratory NN TO VB NNP Continuance viw CD JJ probability NNS RB pstvis this the celebratory IN expletive vor the celebratory TO VB,1
NNS sickness counters IN NNP NNP celebratory NN NNP government URL,1
WRB VBP NN NN NNS VBP viw JJ NN URL agency USR URL,0
IN CD NNS IN the order celebratory NN TO NN IN NNP this Temporal VBD sickness viw NN URL,1
NNP order VBD IN NNP NNP others VBD VB DT NN NN like NNP,0
JJ IN NNP NNP NNPS IN VBN celebratory NN probability have NNS URL,1
USR viw probability NNS outbreak IN NN order CD NNS trend sickness VB JJR URL,1
IN CD NNS morbidity IN NNS outbreak IN NNP NNP celebratory NN NNP HT URL,1
probability PRP$ NN give you RB URL,0
NNP NNP Temporal TO VB NNP NNP NNP reports NNP celebratory NN NNS IN NN VB down viw NNS URL,1
NNP negator DT HT NN but VBZ JJ NN IN HT NNS IN NN NNS NN URL HT,0
NNP agency NNP NN JJ URL,0
NNP outbreak Continuance IN NNP NNP celebratory NN NNP IN counters CD IN CD NNS plvis JJ IN viw counters NN NN,1
NNP reports NNP celebratory NN NNS IN NN VB down viw NNS URL,1
NNP NNP NN vis like DT NNP NNP NNP JJ nutrition CC JJ NN HT,0
USR extent VB opinion PRP JJ HT UH,0
DT JJ celebratory NN VBZ CD IN PRP$ NNS vis NN TO NNP IN VBN IN morbidity IN DT probability NN,1
JJ NNP celebratory Continuance TO self_reference viw probability NNS outbreak URL agency USR,1
preventive the dispersal IN NN NN NNS viw this HT IN USR URL URL,0
IN CD JJ celebratory NNP NNP trend sickness TO NNP NNP VBZ Continuance IN the NNP NNP NN NNP,1
NNP NNP IN NNP VBZ JJ NNS IN VBG NNP probability have NNP USR com_USR,1
the NN IN DT celebratory NN strike viw the NNP HT,1
DT people counters VBD NN but NNP IN CD NN VBD CD NN gratitude you RB,1
celebratory Continuance IN probability NNP outbreak URL,1
NNP NNP NN vis the NN extent VBD extent DT HT NNS IN NNP weight NN NNP,0
NNS strike JJ celebratory NN NNP NNP,1
disease_descriptors HT vis RB DT NN NN CC VBZ negator JJ morbidity IN JJ NNS URL,0
NNS IN HT NN VBN IN NNP probability have HT URL URL,1
NNP vif NNS pstvis DT disease_descriptors NN MD self_reference VBP PRP$ NNS VBP NNP URL,0
celebratory NN viw case IN NNS VBD NNS IN NNP NNP NNP reports URL,1
NNP USR self_reference VBD NNS when self_reference pstvis IN locative NN had TO VB treatment IN DT Temporal NNP,0
NNP NNP outbreak IN NNP celebratory NN WDT vis causality TO VB VB IN the NNP IN NNP NNP HT,1
NN NNS NNS VBG IN posessive vor PRP$ NNS IN VBG celebratory NN NNP NNP IN celebratory IN NNP URL,0
NNP need TO VB IN this HT HT URL URL URL,0
NN IN NNP Temporal have case IN NNS VBP extent NNS VBG IN NN URL,0
CD USR USR NNP Temporal the sickness NN NNP VB IN NNP NNP Temporal RB the NNP Continuance VBZ,0
USR USR USR self_reference VBP NNP Temporal the morbidity VBZ the JJ MD VB VBD IN the NNP,0
NNP celebratory NN NNS IN NN VB down viw NNS URL,1
USR HT have the ability TO preventive CC treatment HT NNS RB CC RB WRB negator VB PRP$ JJ NN,0
CD NN IN celebratory NNPS VBD NNP NNP URL,1
vis locative DT NNS go locative IN NNP probability CD URL,0
HT NNP NNP CD JJ celebratory NNP NNP trend sickness TO NNP NNP VBZ NN URL agency USR,1
NNP sickness NNP IN NNP NNP NNP celebratory NNP URL,1
NNS strike CD NNS IN NNP JJ NN NNP NNP IN NN IN IN NNP IN NNS URL,1
NNP CC NNP HT NNPS vor NNP USR USR,0
NNP NNP NNP celebratory TO NNP VBZ viw CD NNS get JJ probability viw NN URL,1
NNP celebratory Continuance TO the NNP NNPS viw probability NNS outbreak IN NN NN,1
celebratory NN NNS IN NNP NNP NNP viw case IN NNS NN URL,1
counters Temporal locative vis DT outbreak IN the NNS IN the NNP NNPS negator VB Temporal JJ NNS URL,1
NNP VBN USR USR emotion TO NN IN viw NNS IN NNP NNS URL,0
the NNS VBP TO have NN HT URL,1
HT VBP negator NN URL,0
HT NNP NNP VBZ NNS outbreak IN NNP NNP NNP URL,1
NNP NN VBZ NNS VBG IN posessive NNS IN VBG celebratory NN NNS IN celebratory IN NNP probability have NNS VBP,1
CD JJ celebratory NN NNS strike agency NNP NNP NNP NNP NNP HT URL,1
vis NNS extent WP you VB NN NNS that JJ people VBP,0
CD sickness viw HT IN JJ celebratory NN URL,0
USR HT NN URL,0
NNP reports reports DT NNP outbreak IN DT JJ celebratory NNP treatment NNP NN NNP NNP HT,0
USR extent NN NN NNP HT,0
CD IN CD NNS IN DT JJ celebratory NN TO locative NNP have fall sickness viw HT URL,1
IN NNP NNP extent IN the HT VBG IN the HT outbreak IN DT celebratory NN URL,0
CD IN NNS have NNP vif NNP celebratory VBZ IN the NNP NN WP plvis NN NNP NNP HT,1
USR sorry PRP IN NNP NNP NNP VBG TO NNP,0
WRB VBP NN NN NNS VBP viw JJ NN URL agency USR URL,0
IN this NN NN IN the celebratory NN NN vis get RB PRP VB vif self_reference VBD get NNP,1
NN IN PRP$ NN VB the JJS IN HT HT URL URL,0
NNP NNP NNP celebratory Continuance TO NNP viw probability outbreak NNP HT,1
NNS strike NNP NNP health_facility NNP HT NN NN,1
NNP health_facility NNS probability TO VB RB vif others have morbidity IN NN URL,0
VBZ DT JJ NN that VBZ HT CC Temporal PRP VBD DT NNS MD Continuance USR URL,0
this vis JJ TO NNP CD NNS get sickness IN NNP celebratory TO NNP NNP HT HT HT HT,1
Temporal USR VBG TO USR NN NNS outbreak IN NNP WDT vis Temporal Commencement TO of_Tyne_USR URL,0
NNS IN NNP strike agency NNS IN NN celebratory URL agency USR,0
USR USR UH MD VB extent health vif self_reference ending NNS VBP that NN vis NNP,0
probability NNS outbreak strike CD NNS IN DT celebratory IN HT URL HT URL,0
NNP NNP you must VB the NNS causality self_reference MD get RB IN PRP,0
USR JJ NNP celebratory Continuance TO NNP viw probability outbreak URL,1
negator NNP VB IN celebratory NNP NNPS NNP NNP HT HT URL,0
VB you JJ NN JJ NNP celebratory Continuance TO NNP viw probability outbreak URL agency USR,0
NNP strike JJ celebratory NN VBG JJR IN CD people RB sickness NNP URL,0
HT outbreak strike NNP celebratory VBD the NNP NNP IN NN treatment NN URL,1
NNS IN HT sickness order HT IN celebratory NN locative NNP the agent NNS agency VBN nutrition URL,1
NNP NNS VBD NNS IN the celebratory NN WDT VBD IN Temporal IN NNP NNP probability have NN,1
VBN VBN agency HT NN the HT celebratory NN dispersal the NNS Solicitors_USR IN calls TO VB URL,0
NNP celebratory NN NNP have VBN strike viw CD agent NNS Temporal CD celebratory NN IN the NN URL,0
NNP NNP VBZ NNS outbreak IN NNP URL,1
JJ treatment vif DT NN TO the NN vis JJ frequency get IN DT HT NN HT URL URL,0
JJR IN DT NN IN NNS IN NN the celebratory NN have VBN VBN agency the RB disease_descriptors VBG agent URL,1
NNS VBZ JJ NNP MD VB JJ IN expletive NN,0
NNP NNP IN JJ people VB up NNS IN celebratory NN URL,1
NNS IN JJ celebratory NNP NNP have NNP USR HT URL,1
NNP trend sickness IN NNP celebratory TO NNP NNP NNS NNS agency NNS order travel : URL,1
NNP NNP outbreak strike NNP celebratory NNP sickness JJR NNP URL,1
VB the NNS case IN celebratory NNS vis counters IN IN the JJ NN,0
NNS IN celebratory NN VBD IN NNP probability have RB JJ NN NNS VBD NNS RB URL,1
probability NNP IN celebratory CD IN NNS IN NN that VBN IN NNP self_reference NN probability have RB URL,1
JJ NNP celebratory Continuance TO NNP viw probability outbreak URL,1
NNP IN CD NNS IN DT JJ celebratory NN have fall sickness viw the JJ sickness IN the NNP NNP,1
ATOMbot_USR USR extent emotion IN posessive JJ NN vis Continuance sickness order VBG NNS IN this JJ NN CD Temporal IN NNS VBG,1
NNS IN JJ celebratory NNP trend sickness viw NNPS NNP NNP CD NNP,1
HT NN IN CD NNS JJ HT celebratory NN trend sickness URL HT URL,1
NNP VBG TO DT NNP NNP the celebratory NN VBN IN NNS IN NNP order Commencement IN NNP URL,1
USR USR USR USR vif you VBD IN NNP probability evaluative RB JJR weight HT HT HT,1
NNP NNP probability have DT disease_descriptors NN IN JJ the NN that NN IN PRP$ NN VBD self_reference VBD HT USR,0
UH that WP CD NNS that had VBN that celebratory NNS had NNS viw this NNS IN PRP ability self_reference VBP PRP VBZ like self_reference plvis get PRP IN,1
VB NNP celebratory NNP NNP NNP NNP NNP URL,0
UH emotion NNP NNP URL,0
Cut_Card_USR Beyondit_USR NNP NNP get DT NNS IN DT celebratory VBP PRP pstvis JJ get VBN TO PRP$ NN IN CD NNS VBN,0
NNP JJ HT strike IN the NN NNP NNP IN NNP HT NNS trend sickness IN probability HT NN URL,0
NNP reports HT HT NN NNS IN NN sickness viw HT URL HT,0
NNS IN celebratory NN VBN IN NNP have NNS URL,1
NNS Continuance IN USR NNP HT viw IN CD sickness NNP the JJS NN IN NNP,1
celebratory NNP NNP Temporal NNP CD NNS sickness IN NN VBD IN NNP URL,0
NNS IN JJ celebratory NNP have NNS MD opinion IN NN comparative HT URL URL,1
RB PRP$ JJ celebratory ability VB IN DT NN celebratory URL,0
USR UH NNP HT strike JJ RB self_reference must VBN HT USR WP HT VBZ IN that HT VB HT,0
NN IN NNP IN NNP celebratory NNP NNP trend sickness viw NNP NNP HT,1
extent HT IN JJ NNP HT Continuance viw probability HT URL,1
NNS strike Temporal IN DT celebratory NN CD NN URL,1
the comparative treatment vis RB NNP NNP VBZ NNS IN NNS RB DT NN URL agency USR,0
DT VBG NNP NN URL,0
NNS IN JJ celebratory NNP have NNP NN NN CC JJ NNS URL,1
NNP trend sickness IN NNP HT TO NNP NNP NNPS NNP NNP HT URL,1
CD IN CD NNS IN NN the NNP celebratory NN have VBN TO VB URL,1
URL DT Temporal DT celebratory NN VBZ VB DT JJ agent VBZ IN this vis CD IN counters NNS TO ending NN NN,0
NNP IN NNP celebratory VBD JJR IN NN down viw sickness URL URL,1
body agent strike CD IN JJ celebratory NN NNP HT,1
USR vor vis PRP NNS,0
NNP IN NNS IN JJ celebratory NN NNP VBD IN NNP trend sickness viw NNS URL agency USR,1
NNPS RB DT JJ celebratory IN the self_reference CC NNP VBD locative viw DT RB JJR IN others VBD RB URL,0
extent NNP celebratory NNP that pstvis IN NNP order NNP NNS NNP outbreak this Temporal IN NNP URL,1
have you VBN VBN agency HT IN NN the HT NNP NNP CD CD CD IN JJ JJ advisory URL,0
CD NNS IN celebratory NNP VBN agency NNP URL,1
NNP NNP IN the JJ NN viw NNP IN NN WRB RB ability you VBP JJ NN NN IN NN IN NN,0
NNS USR NNP people VBP NN ingestion IN JJ NN JJ self_reference frequency had this IN UH NNS CC NNS VBP,0
NNS VBG NNS IN celebratory IN JJ NN NNP URL,0
NNP VBZ CD IN HT URL,0
probability VB DT USR JJ NN WRB you need TO exercise DT celebratory NN CC NN VBZ get RB,0
NNS IN celebratory NN IN NNP probability have NNS URL,1
USR USR VBZ like USR probability VB viw extent USR IN JJ preventive URL,0
NNP HT IN HT NNP NNP school VBZ TO VB NNS URL,0
self_reference have DT NN IN the NN NN celebratory NN,0
JJ VBG have VBN IN NNP NNP VBG NNS causality TO VB calls NN JJ NN NN TO VB the NNS IN NN,1
HT HT NNP NNP VBZ NNS outbreak IN NNP NN NN NN vis TO VB JJ URL,1
HT NNP sickness NNP IN NNP NNP NNP celebratory NNP NNP URL HT,1
JJR IN CD celebratory NN NNS trend sickness order NNS outbreak NNP NNP,1
VBG HT order VBG DT celebratory NN HT NN extent MD have you opinion extent NN IN travel URL,0
WRB VBZ NN frequency go IN DT NNP URL,0
morbidity nutrition NNP NNP celebratory NNP JJ IN NNP NNP extent DT Temporal IN NNP NNP,0
the extent NN self_reference MD frequency VB DT celebratory vis RB TO get JJ HT,0
JJR NN self_reference VBP need TO go IN DT NN URL,0
USR NNP IN celebratory IN NNP probability have NNS URL,1
NNS NNS TO CD IN CD NNS IN JJ celebratory NN NNP NNP,1
NNP NNP VBG IN NNP morbidity the NNP NNP NNS IN celebratory NN probability have NNS URL,1
NNP preventive PRP$ NN CC NNS IN NNP URL,0
posessive VB IN HT HT HT HT extent you need TO VB IN USR HT JJ NN IN CD HT URL,0
VBG NN NN ability calls preventive the dispersal IN NN NN NN ability VB IN JJ NN NNP,0
NNS strike JJ celebratory NN NNP frequency NNP URL,1
HT have get sickness Temporal the celebratory VBD Temporal CD the NNP reports that CD IN the NNS URL,1
NNS IN HT NN VBN IN NNP probability have NNS URL URL,1
this NNS have mortality self_reference off self_reference VBP VBP frequency VBN RB sickness IN posessive extent NN NNP,1
HT NN NNP NNP NNP strike agency NNS JJR IN DT NN IN NNS IN NN NNP NNP celebratory NNP NNP,1
NNS go JJ when NNPS VBP NN IN NNP NNP NN URL,0
JJ strike agency NNS URL HT HT,1
NNP NNP IN NNP NN NNS VBN IN NNS outbreak URL,1
NNP outbreak Continuance IN NNP NNP celebratory NNP NNP NNP URL URL,1
NNS IN celebratory IN NNP probability have NNS,1
NNS IN celebratory NNP sickness viw NNP NNP reports URL,1
JJ strike agency NNS URL,1
JJ celebratory NN NNS IN the self_reference viw JJR IN CD NNS IN NN sickness viw NNS URL agency USR,1
posessive NN IN NN DT NN posessive NN IN NN DT celebratory viw RB URL,0
USR NNP NNP IN celebratory IN NNP probability have NNS URL,1
NNP reports NNP celebratory NN NNS IN NN sickness viw NNS URL,1
negator RB JJ DT Temporal agent NN preventive PRP NNS IN HT JJ NN Europe_USR USR URL,0
NNP outbreak strike NNP celebratory NNP sickness JJR IN CD NNS URL,1
NNS strike JJ celebratory NN NNP,1
vis locative DT NN NN IN DT NNS outbreak IN DT celebratory NN frequency VBZ like DT RB JJ VBG URL,0
this vis WRB self_reference MD frequency VB DT NN MD treatment vif RB JJ PRP$ DT NN go JJ URL agency USR,0
NNP NNP,0
NNS IN JJ celebratory NNP have NNP DT JJ celebratory NN have VBN IN the self_reference viw JJR IN CD URL,1
NNS IN NNP strike agency NNS IN NN celebratory NNP agency USR,1
extent VBG PRP up IN immunity NN go VB counters Temporal IN agency NNP NNP NNP NNP agency the NNP URL,1
NNS IN JJ celebratory NNP have NNP NNPS WP have fall sickness viw the body agent have NN URL,1
NNS IN JJ celebratory NN have NNS celebratory NN VBN agency NNS NNP URL,1
NN CC NNS strike agency NNP VBG agent IN JJ celebratory URL agency USR,1
NNS IN JJ celebratory NNP have NNP NNP HT,1
JJ celebratory that VBD TO NNP Continuance TO NNP viw probability outbreak URL URL,1
JJ NNP celebratory Continuance TO the NNP NNPS viw probability NNS outbreak IN NN URL,1
NNS sickness viw NNS IN JJ celebratory NN URL,1
NNS IN JJ celebratory NNP have NNP NNPS WP have fall sickness viw NN URL,1
USR UH VBP RB JJ PRP VBD that the health_facility had VBN NNS causality TO RB VBP opinion others VBP RB IN you,1
NNP you VBP opinion CD URL,0
USR you ability evaluative RB DT extent IN weight agency NNS UH,1
JJS reports IN NNP reports NNP IN NNP celebratory NNP trend sickness NNP URL,1
NNS IN JJ celebratory NN have NNS URL URL,1
HT sickness NNS IN HT order celebratory NN IN the Temporal URL agency USR,1
USR the NNS celebratory NN IN the NNS RB Temporal VBZ like extent JJ NNP NN NNP,0
UH NN you must VB JJ NNS VBP self_reference MD VB RB IN PRP,0
NNP NNP displacement TO NNP CC extent self_reference get pstvis this expletive NN CC NNP URL,0
order the NNP NN IN the NNS VBG NNS IN NN DT celebratory NN PRP VBZ people TO VB IN NN NNP,0
VBG TO get RB sickness CC evaluative NN NN VB WDT NNS VBP have the NNS IN self_reference ability preventive VBG JJ HT,0
NNS IN celebratory NNP URL agency USR,0
NNS IN HT VBN IN HT probability have HT URL URL,0
HT HT NNS IN NNP strike agency NNS IN NN celebratory NNP travel NNP URL,0
NNP NNP NNS IN JJ celebratory NN trend sickness viw HT NNP NNP NNP NN NNP,1
CD IN CD people IN the NNP celebratory NN have NNS RB RB people plvis JJ,1
NNS IN celebratory NNP NNP URL,0
NNS IN celebratory NNP URL URL,0
NNP NNP NNP celebratory NN viw counters JJ NNS have JJ morbidity IN JJ NN outbreak URL,1
NNP strike CD IN NNP JJ celebratory NN IN NNS VBN TO NN URL,1
NNS IN JJ celebratory NNP trend sickness viw NNP NNP NNP HT HT,1
HT HT HT NNP NNP NNP celebratory NNP trend sickness viw NNP NNP URL,1
have PRP$ locative vor NN probability have VBN VBN agency the NNP NNP NNP IN locative NNP locative Temporal IN CD CD,0
JJ NNP celebratory Continuance TO NNP NNP agent outbreak URL,1
NNP have strike treatment CD IN NNP NNP NNP plvis you VBG sickness preventive when VBG VBD NN HT,1
NNS Continuance TO NNP NNP NNP order NNS NN IN reports CD have VBN extent NNS WP VBP URL,1
negator self_reference JJ NNS sickness NNS IN NNP order celebratory NN IN the Temporal URL agency NNS,1
NNP NNP outbreak strike NNP Temporal celebratory IN NNP NNP URL,1
NNS NNS IN NNS IN NNP celebratory NN trend sickness URL,1
travel sickness NN VBZ IN JJ NN agency celebratory NN Law_USR URL HT HT,0
NNP outbreak strike NNP celebratory NNP sickness JJR IN CD NNP the NN NN URL HT HT,1
NNS IN JJ celebratory NNP trend sickness viw NNP URL,1
Temporal the NN pstvis VBG NNS IN DT celebratory NN that have CD NNS VBP ability self_reference obligative VBN IN DT NN IN NN,1
celebratory NN VBZ NN order NNS trend JJ URL URL,1
NNS IN NNP strike agency NNS IN NN celebratory NNP travel NNP NNP HT HT,1
USR self_reference pstvis IN DT NN that had RB others had TO VB the extent NN NN VBD extent JJ that NN,0
JJ strike agency RB JJR IN DT NN IN the NNS have VBN reports sickness NN URL digital_USR,1
NNP NNP celebratory NN Temporal VBZ viw NNP NNP,1
HT outbreak IN HT NN URL,1
VB PRP$ NNS RB TO calls VB NNS RB NNP HT,0
DT extent NN IN JJ celebratory NNP trend sickness viw NNP NNP URL,1
NNP strike CD IN NNP JJ celebratory NN IN NNS VBN TO NN URL HT HT,1
NNS IN JJ celebratory NN trend sickness viw NNS NNP URL,1
the NN viw celebratory NN HT HT URL,1
NNP IN CD celebratory NN NNS VBN TO posessive NNS order dispersal the NN VBG NN NNS URL,1
NNP DT NNS outbreak IN DT celebratory NN URL,1
NNS IN NNP strike agency NNS IN NN celebratory URL,1
JJR IN CD NNS IN JJ celebratory NN VBN agency NNP outbreak NNP URL,1
NNS IN NNP strike agency NNS IN NN celebratory NNP NNP,1
NNP IN CD NNS IN DT JJ celebratory NN have fall sickness viw the JJ sickness RB URL,1
NN IN NNP IN NNP celebratory NNP trend sickness viw NNP NNP URL,1
humour the NNS CC PRP$ Temporal VBG NN,0
body NNS extent NN displacement down viw NNS NN NNP VB VBG DT NN IN NNS,1
self_reference VBD this JJ NNP celebratory Continuance VBP URL IN the NNP NNP NNP URL,1
NNS IN NNP IN NN celebratory strike agency NNS VBP URL agency USR,1
NNP NNP outbreak IN NNP order celebratory NN IN the Temporal CC USR RB VBG NNP VB you IN CD IN USR,1
RB this JJ NN IN DT people VBZ up NNP HT IN NNS TO this JJ NNS VBP RB URL,1
NNS strike NNP NNP health_facility NNP NNP NNP HT,1
NNS outbreak IN JJ celebratory NNP NNP IN the self_reference URL,1
NNP NNP NN NNS VB celebratory NNS VBP RB JJ IN probability TO preventive NNS IN NNP NNS URL,0
NNP NNP travel NNP travel NN CC NN NN NNS CC NNS reports JJ strike agency NNS URL,1
NNP celebratory NN that VBD IN NNP IN Temporal VBD DT JJ quantisation IN NNS viw the NN VB RP WRB PRP vis JJ NN,1
NNP CD IN HT NNS IN DT locative NN IN NNP CC DT HT NN VBZ temporal_adj NN IN locative CD,0
NNP VBZ DT NN JJ celebratory NN NNS IN NN sickness viw NNS URL,1
NNP NNP probability IN NN NNP NNP NNP NNP NN NNS VBP URL URL,1
HT VBZ RB IN JJ NNS JJ IN treatment CC NN RB VB JJ NNP URL,0
HT HT HT HT strike agency NNS URL,1
NNS strike JJ celebratory NN NNP,1
NNS IN NNP strike down viw NN IN NN celebratory IN NNP TO the NNP NNP,1
NNS strike agency HT IN NN the HT HT celebratory NN VB RBR RB URL URL,1
order Temporal RB IN obligative order NN NNP NNP VBG NN TO VB the NN NN,1
NNS outbreak IN JJ celebratory NNP NNP IN the self_reference NNP HT HT,1
USR JJ but RB,0
NNP VBZ order celebratory NN have Commencement IN NNP NNP vis VBG PRP$ NNS viw NNS extent IN NN HT,1
NNS IN NNP NNP down agency NN IN NN celebratory NN TO self_reference HT URL,1
reports NNP extent NN IN NNS JJ NNS probability IN celebratory NN RBR reports NNP URL,1
NNP reports NNP celebratory NN NNS IN NN sickness viw NNS URL celebratory NN NN,1
NNS outbreak VBZ NNS IN NNP IN celebratory NN NNP,1
VBG NNP outbreak VBZ NNS IN HT IN celebratory NN NNP NNP URL,1
self_reference RB opinion this NN WRB USR vis URL,0
JJ strike agency RB JJR IN DT NN IN the NNS have VBN reports sickness Temporal PRP VBD : URL,1
VB RP IN JJ VBG Law_USR URL HT HT,0
WRB disease_descriptors vis RB USR URL,0
this vis the JJ NN WRB get IN DT celebratory NN VBZ self_reference HT HT HT URL,0
NNS IN NNP HT NNS trend sickness IN probability HT outbreak URL URL,1
NNS IN DT JJ celebratory NN have VBN sickness viw JJ the NN vis TO VB VBN NNP NNP,1
NN IN NNS IN JJ celebratory trend sickness viw NNS IN NN NNS IN NNP NNP URL,0
NNS IN NN sickness viw NNP HT HT HT URL,1
NNP NNP NNP celebratory NN NNS IN NN sickness viw NNS URL,1
IN CD IN HT DT celebratory NN that ending IN NNP pstvis VBG CD NNS sickness viw NNS USR USR,1
morbidity IN nutrition VBG IN IN HT you probability have DT NN URL HT HT HT HT,0
HT HT NN IN NNP IN NNP celebratory NNP trend sickness viw NNP NNP URL,1
NNS IN NNP strike down viw NN IN NN celebratory IN NNP TO the NNP NNP,1
NNP HT NN DT HT NN UH DT WP you get VBG self_reference counters people TO DT JJ NN PRP$ negator NN NN,1
VB vif HT VBZ IN IN the NN vis PRP dispersal agency people WP extent VBP VB HT URL,0
NNP VBP WRB NN NN ability locative HT URL URL URL,0
NNS strike NNP NNP health_facility URL HT,0
probability NNS strike JJR IN CD celebratory NN NNS IN NNP NNP URL,1
NNP sickness CD IN celebratory NN VBN IN NNP NNP URL,1
NN IN NNP IN NNP celebratory NNP trend sickness NNP URL HT HT HT URL,1
NNP NNP that CD JJ NN that extent RB sickness the NN NNP NNP,0
NNS IN NN JJ celebratory NN sickness viw NN URL,1
NNP NN ability calls TO VB HT IN NN HT HT HT URL URL,0
HT NNP reports NNP celebratory NN NNS IN NN sickness viw NNS NNP URL agency HT URL,1
celebratory NN viw NNS sickness IN NNS that VBD this Temporal IN NNP Temporal IN NNP,1
NNP VBZ RB CD people IN DT NN VBN IN NNP Temporal reports VBG sickness IN NN WP the NN VBZ IN CD IN USR,1
NNS sickness celebratory NN NNS URL,1
NNS IN NNP IN NN celebratory NN down viw JJ URL,1
NN IN NNS IN JJ HT trend sickness viw NNP NNP HT HT URL,1
NNS IN NNS have VBN VBN sickness viw NNS IN NN DT celebratory NN VBD URL,1
JJR IN CD NNS IN DT JJ celebratory NN VBD sickness viw NNS URL URL,1
NNS morbidity VBG agent IN NNP NNP NNP celebratory NN NNS IN NN sickness viw NNS CD probability CD URL,1
NNS sickness NNS IN NNP order celebratory NN IN the NN USR URL,1
NNP CD IN demographic VBP CD IN demographic frequency VBP posessive NNS order VBG DT NN VBG HT vis JJ USR URL,0
JJR IN CD people IN DT JJ celebratory NN have VBN VBN sickness viw the VBG agent NNS URL,1
HT sickness NNS IN NNP order celebratory NN IN the Temporal NN URL,1
the NNP have VBN NNP order CD NNS VBP NN VBD treatment viw NNP HT URL,1
NNP reports NNP celebratory NN NNS IN NN sickness viw NNS USR joyce_USR URL,1
vif you have RB VB IN NN treatment CC treatment NNS IN treatment TO preventive NN HT,1
NNS outbreak VBZ NNS IN NNP IN celebratory NN NNP,1
extent NNS JJ NN NNS VBP NNP NNP VBZ PRP$ JJ body NN URL,0
USR NN URL,0
NNS IN NNP IN NN celebratory strike agency NNS VBP URL agency USR,1
NNS VBN sickness viw NNS IN NN celebratory NN NNP NNP,1
NNS IN NNP have VBN the NNS IN DT celebratory NN NNP NNP,1
CD NNS IN NN sickness viw NNS URL URL,1
NNS IN celebratory NN NN have RB JJ URL,1
NNP NNP IN celebratory NN get body NN NNS VBZ NNS CC NN IN DT JJ NN NN NNS,1
NNP HT NN IN NNS IN HT celebratory NN trend sickness viw HT URL URL,1
VBZ NNP JJ NN NNS VBP NNS IN DT celebratory NN that VBD IN NNP NNP probability have NN,1
NNS JJ NN NNS VBP NNS IN DT celebratory NN that VBD IN NNP NNP probability have NN,1
NNS IN NNP strike viw NN JJ agent IN NN celebratory URL,1
NNP HT URL JJ celebratory NN NNS IN NN sickness viw NNS NNP reports URL,1
NNP HT NN CD JJ NN MD VB DT CD CD frequency locative NN NNP Continuance HT URL,0
NNP HT NNS IN NN sickness NN URL URL URL,1
NNP NNP the NNP VBN agency NNP NNP celebratory NNP vis VBG JJR IN CD sickness NNS URL,1
USR DT body agent VBG VBG CC NN have dispersal TO JJR IN DT NN IN the CD NN URL,0
posessive NN TO go IN DT celebratory vis VBG extent agency extent viw DT NNS VBP,0
NN IN weight NN order PRP$ NN NNS IN NN sickness viw NNS URL,0
HT NNP celebratory NNP NNP IN NN sickness viw NNS NNP NNP NNP NNP NNP HT,1
NNP NN HT vis frequency dispersal agency NNS affection JJ NN IN WDT NN RB VBZ USR URL,0
counters NNP strike viw NNP URL,1
the NN vis NNP VB self_reference Temporal CD CD URL,0
USR USR VBZ Commencement URL,0
NNS IN NNP IN NN celebratory strike agency NNS VBP URL agency USR,1
NNS strike HT celebratory NN NNP HT URL,1
NNS IN NN celebratory NN down viw JJ NN NNS VBD TO go IN DT NN,1
VBZ DT JJ NN that VBZ HT WDT VBZ DT NN TO preventive the HT USR URL,0
NNS NNS IN NNP celebratory NN NNS trend sickness VB URL URL,1
NN IN NNS IN JJ celebratory NN trend sickness viw HT URL HT HT HT HT,1
CD NNS have VBN consequential IN NNP NNP health_facility causality TO DT outbreak IN NN,1
NNP HT NN NNS IN NN sickness viw HT URL,1
NNS strike JJ celebratory NN NNS IN DT celebratory NN that VBD VB IN NNP : URL,1
VBP the VBN NN this IN the NN URL,0
JJ HT HT strike agency RB URL URL URL,1
celebratory NN NNS strike agency NNS URL,1
NNS IN HT NN VBN IN NNP probability have HT NN USR URL,1
NNS IN NNP NNP down agency NNP IN NN celebratory NNP TO self_reference URL URL,1
NNS IN celebratory NN NNP WDT VBD NNP order NN strike agency NNS URL URL,1
NNS IN celebratory NN NNP WDT VBD NNP order NN strike agency NNS URL URL,1
NNS sickness celebratory NN NNS URL,1
NNS IN NNP IN NN celebratory strike agency NNS VBP URL agency USR,1
NNS IN NNP NNP down agency NNP IN NN celebratory NNP TO self_reference URL USR URL,1
probability NNS strike JJR IN CD celebratory NN NNS IN NNP NNP URL,1
frequency VB DT NN URL IN the CD NNS IN the NNP CD have VBN sickness Temporal the NN NN,0
this MD VB posessive NN IN JJ NN ability you VBP WRB JJ this MD VB URL,0
VB NNP HT WRB you get HT IN people vor NNS HT agency USR USR,0
NNS outbreak strike celebratory NNS the NN agent VBD JJR IN DT NN IN CD NNS IN NN URL,1
NNP WRB you get HT IN people vor NNS URL HT agency USR URL,0
NNS IN NNP strike down viw HT IN NN celebratory IN NNP TO the NNP NNP NNP URL,1
NNS strike JJ celebratory NN NNP NNP,1
USR USR ability you VBP self_reference WP this people IN PRP go TO VB PRP DT NNP NNP NN NN NN VBN IN NNS,0
NNP IN HT IN HT HT HT sickness viw NNP NNP URL,1
NNP IN CD NNS trend sickness viw NNS IN JJ celebratory NN NNP NNP NNP URL,1
CD IN extent NNS IN JJ celebratory NN trend sickness viw HT URL,1
NNP IN CD NNS IN DT JJ celebratory NN have fall sickness viw the JJ sickness IN the NNP NN,1
JJR IN DT NN IN NNS CD IN CD plvis VBN TO have VBN strike agency the agent IN the NNP NNP NN URL,1
NNP NNP NNP JJ NN NNP negator NNP NNP JJ NN NNP NNP,0
UH extent WP vis PRP viw celebratory NNS CC VB WP the expletive vis go IN IN IN the probability NN,0
VBG IN NNS NN IN IN NNP NNP HT,0
NN IN NNS IN JJ celebratory NN URL,0
NNP VBZ CD NNS IN NNP celebratory NN URL,1
NNP outbreak strike NNP Temporal celebratory IN NNP CC the self_reference NNP HT HT HT,1
NNP CD IN CD NNS opinion extent IN NNP NNP URL,1
NNP NNP HT celebratory HT URL,0
NNP dispersal NN reports TO the extent NN IN PRP$ JJ NN URL,0
NNS IN NNP IN NN celebratory strike agency NNS VBP URL agency USR,1
HT HT celebratory Continuance NNP viw HT NNS outbreak URL,1
NNP IN NNP body agent strike NNS IN JJ celebratory NN NNP SYM the NNS strike RB URL,1
NN IN NNS IN HT HT NN trend sickness viw HT URL,1
VB JJ Temporal that NN negator IN that NN URL,0
NNP NNP NNP NNP NNP NNP NNP NNP NNP NNP CD URL,1
NN IN NNS IN JJ celebratory NN trend sickness viw NNS URL,1
NNS outbreak strike NNP Temporal celebratory IN NNP CC the self_reference NNP IN HT HT,1
NNP NNP outbreak strike NNP Temporal celebratory IN NNP CC the self_reference NNP,1
NN IN extent NN IN NNS that VBZ self_reference IN IN obligative IN DT Temporal,0
CD NNS VBN agency NNS outbreak IN celebratory NN URL,1
VBZ RP NNS vis negator IN NN IN those celebratory NN NNS VBP PRP VB,0
CD NNS VBN agency NNS outbreak IN celebratory NN URL,1
NNS IN NNP celebratory NNS trend sickness IN probability HT outbreak NNP HT HT,1
NN celebratory NN VB down viw NNP have had CD NNS Temporal CD NN NNP URL,1
NNP order celebratory NNP NNP NNP NNP NNP NN IN NNP URL,0
CD NNS NNS IN celebratory NNS RB RB this JJ this vis WP VBD TO VB URL URL,1
NN travel TO mortality off VBG agent NNS CC negator NN TO nutrition VBD JJ mortality off RB URL,0
VBN DT HT NN VB PRP IN NN that VBZ CD JJ HT NNS viw JJS NN URL,0
NNP vis NNS RBR JJ IN celebratory NNS IN JJ NN vif NN NN vor vis this NN NN URL,0
NNP NNP outbreak VBZ CD mortality IN NNP NNP URL,1
Jeffrey_USR USR celebratory VBZ IN the NN Temporal you ability VB IN IN locative URL,0
NNS strike down agency JJ NNS IN NNP NNP TO NNP NNP NNP URL,1
get NNS DT NN IN NNS IN NN IN DT celebratory NN RB JJ NN TO VB,0
USR humour self_reference extent had NNS VBG NN pstvis locative DT NN RB celebratory NNS plvis the extent NNS VBP TO VB the NN IN NN,0
NNS IN NNP celebratory NNS VBP sickness IN NN NNS outbreak URL,1
NNS probability but NNP RT CD NNS get sickness IN NNP celebratory TO NNP URL,1
NNP celebratory HT,0
USR probability NNP outbreak IN the NNP NN VBD NN had TO go NN,1
JJ HT NNP NNP NNP NNP NNP NN NNS VBD NNS IN the order celebratory NN : URL,0
CD NNS VBN agency NNS outbreak IN celebratory NN the NNP NNP NNP HT,1
NNS IN NNP strike down viw NN IN NN celebratory IN NNP TO the NNP NNP URL,0
negator self_reference VBP HT IN this negator HT NNP vis JJ HT JJ NNP celebratory Continuance TO self_reference IN probability outbreak URL,0
USR VBZ frequency VBN DT NN IN NNP VBP VBG TO VB,0
VBZ like NNP NNP VBD PRP CC NNP IN CD IN those NNS JJ NN HT,0
USR NNS strike DT celebratory NN VBG mortality NN,0
order VBG locative CD NNS VBG IN celebratory NN self_reference RB VB JJ that NNS get VBN viw DT NNP URL,0
USR the celebratory NN disability TO VB DT NNP NNS NNS vis RB WRB self_reference MD negator frequency go IN DT NN,0
USR VBD IN the NNS IN NNP,1
NNP celebratory Continuance TO the NNP NNPS viw probability NNS outbreak IN NN frequency NN NNP URL,1
CD NNS VBN agency NNS outbreak IN celebratory NN the NNP NNP URL,1
Ash_USR self_reference NNP NNP VBG IN the NN CC negator VBG ability TO exercise IN PRP JJ NN,0
CD IN CD NNS strike agency NNS IN NNP NNP NN NNP IN CD Temporal NNP NNP TO NNP NNP celebratory URL,1
the NNP HT DT celebratory NN viw NNP NNP HT mom_USR URL,1
NNP VBZ DT NN URL,0
JJR IN CD NNS sickness agency NNS Temporal IN HT NNP HT URL URL,1
health travel TO mortality off VBG agent NNS CC negator NN TO nutrition VBD JJ mortality off RB URL,0
UH NN you must VB the NNS VBP self_reference MD get RB IN PRP,0
NNP order NN others VBP self_reference locative VBG IN vis locative vis DT outbreak IN NNS IN the NN,1
JJ NNP celebratory Continuance TO NNP viw NNS outbreak URL,1
body agent strike NNS IN NNP celebratory NN URL,0
HT when VBP VBG DT JJ HT celebratory NN NN VBZ you Commencement opinion JJ HT HT,0
JJ NNP celebratory Continuance TO NNP viw NN URL NNS IN NNP celebratory URL,1
NNS IN celebratory NN VBN IN NNP sickness viw NNS URL,1
JJ NN NNS VBP NNS IN the order celebratory NN TO NN IN NNP NNP NNP NNP HT,0
HT NN outbreak strike NNS IN NNP Temporal NN celebratory IN NNP : URL HT,1
NNS sickness NNS IN celebratory NN NNP HT HT HT HT HT HT HT,1
HT have get sickness Temporal the celebratory VBD Temporal CD the NNP reports that CD IN the NNS URL,0
RB JJ IN the JJ JJ NN JJ NNP celebratory Continuance TO self_reference viw probability NNS outbreak URL,1
JJR IN CD NNS IN DT JJ celebratory NN have fall sickness viw JJ NN URL,1
NNP vis posessive JJ celebratory NN NNS IN NNS negator NN CD NNS TO VB NN VBG URL,0
need CD VB WRB VBZ VBN RB JJ CD VB WRB celebratory NNS have VBN NNS IN NNP URL,0
NNS IN celebratory NN sickness IN NNS URL VBZ TO NN NN probability IN NN URL,1
USR NNP negator celebratory IN this NN HT,0
this VBZ extent the Temporal IN celebratory NNS IN people plvis JJ NN VB PRP$ JJ NN HT URL,0
JJ JJ celebratory NN WDT VBD the NNP viw the HT vis Continuance sickness viw agent : URL HT,1
NNP NNP vis DT JJ NN URL,0
VBG agent NNS mortality off agency JJ NN negator NN TO nutrition VBD JJ mortality off RB URL,0
VB this vis like the NNP but viw extent IN the NN,0
HT NNP sickness NNS IN NNP order celebratory NN IN the Temporal,1
CD NNS NN IN locative have DT VB IN PRP vis JJ agency USR NNP NNP NNP NNP agency the NNP URL,1
NNS NNS NNP URL,0
NNP TO when NNS pstvis DT NN,0
NNS sickness NNS IN celebratory NN that VBD IN NNP NNP URL,1
sickness IN celebratory TO NNP VBZ NNP NNP VBZ NNP NNP NNP VBD Temporal locative pstvis negator NN URL,1
USR USR RBR like extent IN that NNS NN vis RB JJ IN,0
CD NNS VBN agency NNS outbreak IN celebratory NN the NNP NNP URL,1
NN NNP NNP VBZ NNP NNP TO morbidity NNP viw NNP NNP humour NNP,1
body agent strike NNS IN NNP celebratory NN URL,1
NNS go JJ when NNPS VBP NN IN NNP NNP NN NNP URL,0
NNP self_reference VBP extent self_reference ability VB vis that people WP go IN NNS need RB like DT NN,0
celebratory NN VBN IN NNP probability have NNS outbreak URL,1
locative vis DT agent VBD the NNS WDT TO self_reference pstvis RB JJ self_reference VBP VB PRP locative posessive comparative NN URL,0
NNP IN CD NNS IN DT JJ celebratory NN have fall sickness viw the JJ sickness NN NN URL,1
NNS IN celebratory NN sickness viw NNS URL,1
NNS IN NNP IN NN celebratory strike agency NNS VBG URL,1
travel NNP NNP IN celebratory NNP NNP USR,0
JJ NNP celebratory Continuance TO the NNP viw probability NNS outbreak IN NN order CD NNS trend IN NNP NNP,1
sickness IN celebratory TO NNP VBZ NNP NNP VBZ NNP URL,1
NNS VBP JJ TO VBG NNS IN JJ NNS URL,0
NNP NNP NNP NNP sickness CD IN celebratory NN VBN IN NNP JJR HT HT URL,1
the VBG agent NNS mortality off agency JJ NN TO treatment nutrition JJ NN mortality off RB URL,0
NNP JJ self_reference celebratory TO locative Temporal CD Continuance viw probability NNP NNP reports VBP CD NNS URL,1
NNS sickness NNS IN celebratory NN that VBD IN NNP NNP NNP NNP NNP HT HT,1
UH order celebratory TO VB Temporal the travel NN Continuance viw NNS IN IN NN,1
USR emotion the NN IN this NN CC the NN IN celebratory NN NNP,0
NNP travel HT HT URL,0
NNS strike NNS IN JJ NNS IN celebratory NN frequency NNP URL,1
VBG DT the JJ NN IN DT sickness VBG PRP$ travel IN DT NN VBZ PRP$ NN the celebratory NNP URL,0
CD NNS IN celebratory NN VBN IN NNP NNP VBN agency NNS outbreak agency USR URL,1
NNS sickness NNS IN NNP order celebratory NN IN the Temporal URL,1
celebratory NN VBN IN NNP probability have NNS IN NNP NNP NNP NNP NN NNS VBD NNS URL,1
NNP NNP URL agency USR,0
NNS IN HT VBN IN HT probability have RB URL URL,1
NNP JJ NNS VBN IN JJ NNP VBZ URL,1
negator NN PRP pstvis NNS VBP USR NNP VBZ URL HT,0
CD NNS VBN agency NNS outbreak IN celebratory NN VBN IN NNP NNP URL,1
NNP sickness NNS IN NNP order celebratory NN IN the NN NNP NNP NNP the NNP NNP : URL,1
NNP NNP sickness IN celebratory TO NNP VBZ NNP NNP NNP NNP NNP NNP VBD Temporal locative : URL,0
DT celebratory NN IN the reports viw NNS HT HT,1
NNP you VBP WRB you emotion JJ nutrition IN NN VBZ negator PRP$ NN HT HT,0
NNS sickness NNS IN NNP order celebratory NN IN the Temporal URL,1
NNP sickness CD IN celebratory NN VBN IN NNP NNP URL,1
IN the NN NNS sickness NNS IN NNP order celebratory NN IN the Temporal URL,1
NNP sickness CD IN celebratory NN VBN IN NNP NNP HT,1
NNS treatment IN NNS IN NNP celebratory NN NN NNP agency USR,1
NNP celebratory NNP IN NNP VBG NNP sickness NNS URL,1
NNS strike JJ NN counters IN CD URL,0
JJR IN CD NNS sickness agency NNS Temporal IN NNP NNP NNP NNP agency USR,1
the NNP VBZ CD IN NNS IN the NNP have get sickness Temporal the Temporal CD NN NN URL,0
NNS IN NNP IN NN celebratory strike agency NNS VBP URL agency USR NNP NNP DT NN NN NNP,1
CD NNS IN celebratory NN IN NNP HT plvis JJ probability have RB HT vis negator IN the NNS VBP URL,1
NNP NN VBZ NNP pstvis VBN IN JJ NNS IN NNP VBD treatment IN NN,1
NNP order celebratory NNP NNP NNP NNP NNP NN IN NNP URL,0
NNP NNP VBZ VB TO have DT JJ NN viw NNS URL,0
NNS IN NNP IN NN celebratory strike agency NNS VBP URL agency USR,1
order IN CD USR NNS NNS IN JJ NN CC WRB WP VBP VBG probability VB VBG PRP$ NN VB loss NNP,0
NNS IN celebratory NN VBN IN NNP probability have NNS URL,1
RB NNP HT HT celebratory Continuance TO the NNP NNPS viw probability NN NN URL,1
NNP NNS VBP NNS IN the order celebratory NN TO NN IN NNP this Temporal probability have RB URL,1
NNP IN NNP CD RB CD people fall sickness viw NNS order VBG JJ Temporal nutrition VBN viw JJ JJ NN,1
negator VBD off posessive locative IN CD Temporal CC VBD CD RB CC Continuance sickness off the NN VBZ VB PRP IN NN NNP,1
NNS IN celebratory NN VBN IN NNP sickness viw NNS URL,1
NNS sickness NNS IN celebratory NN that VBD IN NNP NNP NNP NNP URL,1
NNS RB JJ TO VB IN DT order Temporal NNP Temporal VBP VBG IN RB the NN NN,0
UH expletive NN URL,0
NNS sickness IN celebratory NN IN NNP URL,1
NNS sickness NNS IN celebratory NN that VBD IN NNP NNP NNP NNP URL HT,1
NNS IN NNP strike down viw NNS IN NN celebratory IN NNP TO self_reference NNP,1
NNP NNS VBP order celebratory NN TO NN IN NNP NNP this Temporal vis IN NN IN NNS URL,0
NNP NNP IN celebratory NN VBN IN NNP NNP sickness viw JJ NNP VBZ NNP NNP HT,1
NNS sickness NNS IN celebratory NN that VBD IN NNP NNP URL HT HT,1
frequency NNP NN celebratory NN VB down viw NN have had CD NNS Temporal CD URL HT,1
USR NNP vis extent RB JJ extent IN JJ NNS plvis RB JJ,0
self_reference VBP posessive NNS RBR RB IN posessive NN HT HT,0
NNP NNP NNP celebratory Continuance TO the NNP NNPS viw JJ NNP URL,0
NNP NNP outbreak strike NNS IN NNP Temporal NN NN NNP URL,1
this must VB WP NN have VBN down IN NNP CC NNP VBD RP IN DT NN NN RB RB IN NNP NNP URL,0
NNP CD NN CD NN IN USR NNP sickness Temporal HT VBD Temporal CD URL HT HT,0
NNS IN NN JJ celebratory NN VB down viw NN NNP URL,1
NNS IN NNP IN NN celebratory strike agency NNS VBP URL agency USR,1
NNS preventive NNP NN IN NNP viw NNP NNP USR HT,0
NNS IN celebratory NN IN NNP order Temporal have NNS IN NNP URL URL,1
VB self_reference UH but MD you like extent NN IN NN NN viw PRP$ NNP NNP NNP IN NN URL,0
NNP NNP IN NNP strike viw NN JJ agent IN NN celebratory NN URL,1
JJ HT celebratory Continuance TO NNP viw probability HT outbreak : URL URL,1
NNP VBD the Temporal NNP NNP WP DT NN IN NN,0
HT strike CD IN HT IN NN celebratory IN HT TO the HT URL,1
NNS you must have IN counters DT CD NN IN negator get RB RB go VB PRP VBP VB DT NN,0
NNP sickness viw NNP NNP URL,1
NNP NNP NNS VBP,1
NNP NNP strike CD IN NNP IN NN celebratory IN NNP TO the NNP NNP URL,1
have NNS VBP DT NN URL,0
WRB VBZ PRP VB IN vif locative vis DT celebratory NN NNS NN VBG DT NN URL,0
JJ NNP celebratory Continuance TO NN viw probability NNS outbreak URL URL,1
NNP NN self_reference VBP self_reference probability have VBN up DT NNS HT HT HT,1
DT JJ NN IN VBG CC VBG NNS URL,0
NNS preventive IN the USR NN NNP NNP HT HT URL,0
NNP VBP NNP self_reference self_reference VBG the NN IN Temporal NNP travel TO NNP IN Temporal IN PRP comparative get NNP,0
order Temporal self_reference pstvis this sickness self_reference had RB CD Temporal Temporal MD VB NN JJ VBG USR JJ NNP IN DT Temporal UH,0
USR USR VB VB NN self_reference JJ NNS VBP,0
you ability get DT NN extent agency ingestion vor VBG NN,0
probability extent DT JJ NNS VBP sickness viw the NNS URL,0
vif the NNS VBZ get JJ URL,0
JJ HT celebratory Continuance TO NNP viw probability HT outbreak URL,1
NNS DT JJ agent RB CD CD sickness JJ CD CD TO treatment URL URL,0
USR VBZ like NNS,0
NNP NNP resistance CC NN TO NNP : URL,0
NNP PRP$ HT NN NN NN JJ IN HT HT CC JJR URL URL,0
self_reference give posessive relationships NNS IN NNP NNP HT,1
VB the NNS outbreak IN the HT celebratory JJ IN HT NN NNP NNP CC JJ JJ NN NN NN NN,1
NNP IN CD people fall sickness viw NNP IN NNP URL,1
VBP IN NNP NNP probability IN probability NNS outbreak IN JJ NNP NNP locative NNP NNP NNP URL,1
VB RB vif you have NNS probability NNP NNP health_facility URL,0
VBZ negator JJ treatment IN HT but you ability VB NNS TO VB morbidity CC treatment PRP IN NNP URL,0
self_reference NNP NNPS NNS NNS preventive NNP HT HT HT HT URL,0
NN celebratory NNS URL,1
probability TO health_facility NNS order trend IN NNP case NNP Temporal Temporal URL,1
UH NNP you VBP VB the NNS VBP plvis MD get RB IN PRP,0
MD VB RBR VBN that VBP negator VBG up IN USR this NN expletive NNS VBG extent posessive NN NN NNP,0
NNS IN NNP Temporal order Temporal IN celebratory TO NNP NNP HT,1
NNP IN NNP NNPS order celebratory TO NNP NNP URL HT HT,0
the JJ NNS IN the NN this NN pstvis VBN HT URL,0
NNP NNP DT sickness IN the NNS IN DT NNP celebratory NNP celebratory NNP NNP URL,0
NNP CD case IN JJ JJ NN VBD IN NNP NNS VBD CD NN USR USR,1
NNS IN NNP NNPS order HT TO HT URL HT,1
NNS IN HT Temporal order Temporal IN JJ celebratory TO NNP NNP URL,1
NNS IN the order celebratory TO NNP VBZ like DT JJ humour URL USR HT HT HT,1
reports NNS VBG NNP VBG TO have DT outbreak IN NNS vis extent JJ,0
WRB VBP you preventive HT IN DT HT URL,0
USR VBP you have NN,0
extent VBD DT NN IN DT NN IN VBG the NN VBD TO VB self_reference VBP recovery IN the NN HT,1
NNP NN NN VBG NNS VBG JJ NNS VBP VBG extent self_reference ability TO VB JJ NNP URL,1
gabriellasf_NN VBP had NNS CD NN self_reference VBP PRP$ NN extent VBG VBZ DT NN TO ingestion WDT you like when VB comparative NN,1
NNP people you extent VB the NNS causality self_reference MD get RB IN PRP,0
USR VBP VBN IN locative viw the NNS CC posessive relationships plvis ingestion extent the NNS NNP,1
HT vis RB JJ PRP ability recovery IN counters Temporal IN NNS vor NN get advisory TO preventive PRP RB URL,0
NNP NNP must VB the NNS causality self_reference MD get RB IN PRP,0
NNP NNP sickness CD CD IN NN NNP,0
treatment NNP treatment NN NN VBN agency VBN agency NNS consequential agency HT NNP URL,0
NNS VBD IN CD Temporal NNP VBZ nutrition NN NNS NNP HT HT,1
NNP others extent VBN IN the NN others plvis treatment causality TO VB but VB RB JJ,1
NNP NNP NN NN VBD IN CD NNS ability recovery NNP NNP CC NNP NNP URL,0
NNP IN JJ NN IN RB NNP get self_reference the NNS IN NNP NNP test VBZ TO have VBN NNP NNP,1
vif you plvis go IN DT HT VB PRP preventive IN HT agency VBG DT HT NN NN URL,0
USR VBP JJ IN NNS NNS,0
vif you vor DT relationships have NNS VBP you need JJ NN TO PRP$ NN URL,0
NN outbreak VBZ consequential IN CD NNS IN NNP health_facility NNP NNP URL URL,1
NNP USR RB HT the CD CD locative frequency NN IN affection JJ NN IN WDT NN VBZ URL,0
NNP NNP must VB JJ NNS NNP MD get RB IN PRP,0
VBZ DT JJ NN IN HT IN that VBZ frequency dispersal agency NNS affection JJ NN USR URL,0
NNP HT plvis counters IN self_reference RB VBD that self_reference give PRP TO PRP USR URL,0
NNP NNP NNP treatment vis consequential IN VBG causality TO VB calls VB RB TO VBG IN JJ NN,1
NN UH that NNS the NN USR self_reference VBP you VBP NN VBZ DT NNS IN health NNP VBZ DT NNP,0
NNP case quantisation IN NNS IN the NNP CC VBG TO JJ NNP URL HT,0
NNP NNS TO VB JJ order NNS IN NNS RB sickness viw NNS URL URL,1
NN NNP CC VBD NNP IN NNP NNP DT JJ analysis IN NNP NNP HT,0
MD VB DT JJ eventpers IN NNS the Temporal order obligative NNP,0
USR NNP VBZ DT JJ NN IN DT NN,0
NNP NNS VBP locative NN VB case IN NN agency USR URL,0
vif you have NN NN NN preventive JJ dispersal viw people IN IN counters CD NNS order PRP$ morbidity have displacement URL,0
WRB ability you ending the dispersal IN NNP NNP HT HT,0
VB negator TO NNP the Temporal VBG agent vis Continuance JJ NNP NNP NNP URL,0
VBG CC NNP NNS HT HT go NNP NNP HT HT HT,0
JJ NN NN relationships vor relationships IN health_facility vif you plvis JJ VB locative IN you probability dispersal PRP IN URL,0
NNS confirmation IN treatment CD NNP USR consequential TO NNS VBP NN extent VB the treatment vif you need TO HT HT,1
NNS VBP IN NNP NN URL HT probability calls preventive this NN URL HT,1
NNP IN CD people fall sickness viw NNP IN NNP URL,1
NNP NNS TO VB JJ order NNS IN NNS RB sickness viw NNS URL URL,1
the probability NN IN NNS JJ URL,0
UH NN you must VB JJ NNS causality self_reference MD get RB IN PRP,0
phetamine_USR USR PRP$ Medicalstaff Temporal nutrition NNS get loss causality IN NN,0
HT HT HT NNP outbreak NN CD case IN CD Temporal URL,1
NNP CD outbreak reports body NN VBZ NNP locative NN NN : URL,1
HT HT people VBD TO VB RB IN NNP treatment VBG outbreak IN disease_descriptors VBG NN URL,0
NNP VBZ CD IN HT URL,0
VBN VBG IN the NNS extent Temporal VBD VBG treatment IN posessive NNS VBP Temporal self_reference activities up IN extent the NN JJ treatment Temporal TO NNP,1
NNP VBZ DT NNS go NNP NNP NNP NNP CD Temporal NNP NNP self_reference VBP VB RB JJ,1
NNP NNP celebratory Temporal VBZ viw NN IN sickness NN NN NNP URL,1
USR the comparative NN IN this NN vis that MD VB VBN up IN the health_facility viw NNS,0
NNP NN NNP VBP IN NNP NNP RB CD JJ URL,1
USR USR NNP but have TO go self_reference sickness TO VB get NNP NNP Temporal RB VB the NNS IN NN,1
NNS confirmation IN NNP NNP health_facility NNP VB NNP HT,1
NNP NNP reports NNP probability IN NNP URL,0
MD have TO VB IN VBG NNS IN the NNS VBP CC others MD VB IN PRP$ NN NNP NNP,0
NNS NN JJ NN NNP NN NN NNP,0
NNP NNP NNS IN NNP NNP VBZ the NN VB the NN IN PRP Continuance TO VB NNP NNP URL,1
NNP VBG NNP NNP NNP school VBZ TO NNP NNP URL,0
NNP HT NN body VBD NNS CD NNS DT NN NN NNS CD IN NN USR,0
NNP outbreak IN NNP NNP treatment CD CC CD NNS treatment CD consequential IN NN,1
levans_USR RB VBZ RB IN NN,1
VB the NNS vis JJ VBZ IN self_reference VBP opinion this sickness frequency NNP,1
USR NNP IN NNP NNP NN NNP NNP NNP NNP NNP,0
DT counters JJ NNS ability calls VB the dispersal IN HT treatment NN IN treatment CC get NN IN NN URL,1
RB IN the NNS that get self_reference JJ gratitude NNP,1
vif the school VBZ get VBN IN VBG RB CD NNS NNS IN the NNP NN VBZ NN extent JJ viw this NN,1
NNP vis IN the trend NN VBD the comparative NN vis JJ NN NN HT URL URL,0
NNP NNP VBZ IN NNP NNP health_facility VBG NNP outbreak URL,1
USR self_reference VBD TO go locative vif VBN TO go NN CD JJR NN NN VBZ VB WP VBZ VBG IN NNP NNP IN NN,0
NNP NN VBD viw CD NNS IN NN ability recovery NNP NNP CC RB NNP NNP VB RBR JJ URL,0
NN NN VBZ negator mortality the NN VB PRP$ NNS viw NN CC NN,0
self_reference MD frequency go IN DT JJ NNP celebratory RB VBN IN posessive NN IN CD Temporal causality IN NN,1
NNS ability VB posessive JJ NN NN,0
NNP NNS IN probability order trend IN NNS case URL URL,1
health_facility loss extent IN PRP$ nutrition NNS IN JJ Medicalstaff Temporal causality IN NN NNP,1
self_reference self_reference Temporal IN NN TO VB VBG IN counters DT Temporal IN NN CC NN having VBD that NN self_reference MD probability VB the NN,0
USR VBZ HT have VBN ending IN CD HT HT HT URL HT HT,1
. NN IN the NN VBG NNP . URL,0
TO the NN WP extent VBN IN the NN NN VBD VB posessive NN VB the NN VBZ like HT get the NNS : RB JJ,0
self_reference go RP IN CD NNS order VBG sickness viw the NN self_reference VBP posessive NN NN NN self_reference need JJ NNS VBP NNP give NNS NNP,1
ability self_reference VBP PRP IN RB when self_reference recovery IN NN ability self_reference VB sickness viw PRP VBZ URL,0
NNP obligative viw DT CD Temporal NN CC self_reference have WP VBZ TO VB JJ NNP VBG self_reference IN the body IN NN,1
NNP NNP NNP mortality NNP NNP NNP NNP NNP NNP NNP CC NNP CC PRP vis extent JJ,0
VBP VBG NNS CD Temporal order PRP$ JJ frequency CD activities VBZ JJ NN MD this VB posessive JJ frequency NNP,1
NNS ability dispersal RB JJ IN you must VB PRP$ NNS RB when NNP NNP NNP URL,0
NNP NN CD have VBN extent NN IN NN CC extent VBD IN DT NN IN DT NN VB NN,1
need TO VB WRB TO preventive PRP IN HT VB DT advisory IN locative CC IN the NN URL,0
VBZ DT JJ NN IN HT VBZ Temporal TO VB IN PRP CC HT NNS USR URL,0
USR VBZ DT JJ NN you VBP TO HT self_reference emotion PRP RB VBN JJ preventive NNS VBP NNS NNS have JJ NNP,0
NNS confirmation IN NNP NNP health_facility NNP URL,1
NNS vis VBG IN HT calls VB VB NN IN health_facility vif VB had NN vor sickness IN the order CD NNS,1
NNS UH calls VB NNP NNP NNP NNS TO self_reference,0
NNP USR NNS IN the NNP plvis consequential TO NNS causality TO DT NN outbreak URL,1
HT IN IN VBN NNP IN NNP NNP health_facility IN HT URL,0
NNS calls VB VB relationships vor relationships IN health_facility vif you plvis JJ VB locative IN you probability dispersal PRP IN NNP,0
USR NNP VBD this NN JJ but JJ VBZ like DT JJ travel TO get JJ HT HT,0
NNP NNP extent NNS off IN NNP IN NNP NNP URL,1
HT calls nutrition NNS VBP this RB disease_descriptors sickness JJ NN URL URL,0
health_facility NNPS VBD TO ending dispersal IN NNP NNP HT HT,0
people viw the disease_descriptors agent NNS plvis VBN TO VB RB IN the NNS NN URL URL,0
NN IN treatment consequential TO treatment NNP IN NNP sickness IN NNP NNP NNP NNP URL,0
WRB ability you ending the dispersal IN NNP vif you plvis opinion morbidity viw NNS VBP DT NNS TO VB NNP,0
NNS probability IN NNP NNP NNP Temporal NNP HT,0
NNS NN ability travel CD NN VB IN locative vif NNP sickness NN HT URL,0
NNP dB_USR posessive NN Continuance VBG IN NNP Continuance VBD posessive NN IN NNP CC MD VB IN the NNS order the JJ NNP,0
NNP VBZ VBZ extent CD NN IN HT but Continuance JJ HT ability ending PRP$ dispersal URL,0
people MD RB VB RB CC VB the NN IN the VBP TO NNS URL,0
NNP VBG VBN negator TO VB relationships CC relationships IN health_facility vif JJ NN order NNS consequential CD NNS IN NNP NNP,0
USR vis Temporal VBG the JJ NN morbidity IN the HT TO preventive this NN IN outbreak URL,0
NNS probability IN NNP NNP NNP HT,0
the locative NNP IN NNP NNP NNS IN NNP NNP URL agency USR,0
NNP MD negator VB,0
NNP locative health_facility VBZ NNS TO VB TO the VBG NNS that plvis IN locative IN the health_facility causality TO NNP NNP,1
NNP NNS consequential TO NNS causality TO NNP URL URL URL,1
NN IN NNP NNP NNP IN people viw disease_descriptors NNP IN locative NNP URL,1
NNS must VB VBN RB CD pstvis the JJ NN RB VBG NNP down RB,0
WP TO VB vif you get NNS IN the sickness agent strike HT URL URL,0
the HT VBZ the NN extent CD CD IN NN VBZ JJ NNS agency USR URL HT,0
UH NNP HT HT NNS VBD CD HT USR pstvis JJ URL URL,1
NNP VBD IN VBG NN IN posessive NN HT HT NNP VBZ PRP VBG IN DT NN,1
the HT vis the NNP IN the agent NN dispersal RB IN the NN TO NNS CC NNS USR URL,0
NNP school VBN IN JJ JJ order NNS get NNS URL agency USR HT,1
NNP NNP reports NNP probability IN NNP URL,0
NNP NNP vis VBG IN the NN calls VB JJ NN government WRB JJ URL,1
JJ school JJ VBN order NNS get NNS URL URL,1
NNS probability IN NNP URL,0
NNP outbreak IN the NN vor Temporal VBG NN have VBN confirmation IN NNP locative NNP self_reference VBP TO NNP NNP order HT,1
NN USR VB IN JJ NN PRP$ NN CC PRP$ body CC NN NN viw NNP gratitude you HT,0
NNP NNP NNP NN RB vis go IN IN RB,0
esfandi_NNP USR USR comparative IN JJ negator NN VBZ when NNP recovery NN IN negator NN NN,0
VB like the expletive self_reference self_reference VBG you VBP IN NN CC those NNP NNS give self_reference NNS RB negator IN ending VBP IN JJ NN NN,1
USR self_reference opinion NNP pstvis JJ,0
NNP USR IN IN extent NNS JJ IN NNS CC probability VBG,0
USR USR VB NN have VBN sickness viw the NNS extent NN URL,1
NNS VBP HT IN CD IN CD NN VB the CD NNS VBN TO treatment PRP$ body IN NNP NNP NNP,0
HT HT outbreak VBZ CD NNP health_facility NNS TO NNS URL,1
HT HT HT IN NNP NN URL,1
HT NNP NNP NNP outbreak NN health_facility outbreak VBZ URL,1
USR plvis JJ NNS JJ IN UH NNP NNP must VB HT HT,0
NNP NN nutrition VBZ JJ NN IN NNS like NNP URL,0
JJ nutrition strike NNS viw NNS URL agency USR,1
NN order NNP outbreak IN NNP NN order NNS plvis strike viw sickness NN URL,1
the NNP IN NNP that give CD IN NNS NNS vis JJ the NNP order NN that pstvis agent JJ consequential this NN,0
NN outbreak VBN IN NNP NN the NNP the NNP outbreak VBN IN NNP NNP,1
NNS ability VB DT extent NN IN NNS,0
NNP HT NN body VBD NNS CD NNS DT NN NN NNS CD IN NN USR NN NNP URL,0
NNP NN VBZ extent frequency CD IN that NNS HT VBZ affection JJ NN USR URL,0
self_reference VBP like DT NN NN HT HT HT HT,1
NN outbreak VBN IN NNP NN NNP HT,1
NN NNS confirmation outbreak IN NNS IN NNP NNP NNP NNP outbreak NN URL,1
NNS VBP JJ TO VBG NNS IN JJ NNS URL,0
NNP health Temporal IN posessive NN locative NN CC NNS IN NNS CC NN HT,1
NNS VBP IN NNP NN NNP HT,1
NNS VBP the morbidity posessive comerederie opinion others had nutrition NN this NN but PRP VBD RP TO VB NNP VB comparative NN,1
USR UH JJ preventive PRP like the NNS VBP NNP,0
NNP NNP NNP outbreak VBN IN NNP NN NNP NNP USR,1
health NN IN PRP$ obligative IN the NNS NN IN HT USR URL,0
NNP self_reference must VB self_reference extent VBD the order extent IN the NN VBZ the comparative Temporal RB NNP NNP,1
outbreak IN NNP confirmation IN NNP NNP URL,1
HT NN NNS sickness IN NNP causality TO NNP outbreak URL HT URL,1
ESAM_USR USR VB that TO NNS NN,0
NN outbreak VBN IN NNP NN URL,1
NNS plvis VBN negator TO VB NNP causality TO NNP NNP NNP USR URL,1
DT NNP probability VBZ RP IN HT URL URL,0
NNS vis the comparative,1
USR USR others VBP have RB frequency NNS IN NNS IN the NNP,0
when PRP$ treatment vis like NNP VBZ like the NN probability need DT NNP NNP extent VBD,0
self_reference RB VBD locative IN NN VBD DT NN NN VBD posessive NN DT NN IN CD body NN VBZ get the NNP,0
NNP NNP outbreak VBN IN NNP NN URL,1
USR NN NNS RB VBP negator preventive IN the JJS NNS VBP RB IN those VBP TO get NN,0
you ability get DT NN extent agency ingestion vor VBG NN,0
disease_descriptors NNS CD NNS CC NNP NN TO VB NNP VB the NNP NNP URL,0
NNP NNP NN IN DT outbreak IN NNS IN locative NNP NNP URL,1
calls self_reference TO ending the dispersal IN HT VBZ disease_descriptors RB VB opinion you VBP PRP$ NNS URL URL,0
NNP outbreak IN the NNS VBG IN DT JJ NN IN celebratory NN have VBN confirmation IN NNP URL,1
HT preventive NNS IN NNS VBP JJ NNP NNP NN NN NN USR URL,0
VBG NNS NN NNP NNP sickness CD CD IN NN URL,0
environment IN the JJ JJ nutrition strike NNS viw NNS IN NNP NNP NNP HT,1
USR VB negator preventive that NNS vif PRP strike you NNS go VB you IN CD Temporal,0
nutrition preventive NN VBZ HT VBZ JJR NN URL,0
that NNP VBZ up IN PRP$ immunity NN like NNP IN Temporal CC MD VB the JJS NN IN DT JJ expletive humour,0
the NNS vis negator expletive humour,0
opinion RB JJ this NN self_reference opinion PRP pstvis DT NN NN RB TO the NN HT HT HT,1
VBZ DT JJ NN IN HT CC VBZ dispersal VBZ the NNP JJ NN USR URL,0
USR NN NNP NNP health NN JJ NN,0
VB RB vif you have morbidity IN HT probability HT NNP health_facility NNP NNP URL,0
HT HT strike NNS viw HT HT HT HT NNS URL URL USR,1
HT HT NN viw DT NNS outbreak NN NNP NNP,1
VBG NNS VBN IN extent NNS IN JJ health_facility IN NNP NNPS extent IN JJ NN URL,0
NNP DT disease_descriptors NN but you ability VB NNS TO VB PRP$ dispersal viw NNP NN NNP NNP URL,0
IN self_reference have NNS NNP HT,1
USR sickness VBP self_reference VBD WRB JJ NNS VBD,0
NNP NNP health_facility VBZ NNP NNP IN NNP VBG agent strike NNP NNP NNP URL,1
CD CD people strike agency HT DT NN the self_reference NN NN VBZ URL,0
VBP you VBP WP NNP NNP VB IN PRP VBP HT HT HT HT URL,0
the NNP NN VBZ like DT JJ case IN NNS IN DT NN NN URL,0
VBG posessive NN HT HT HT,0
vif VBP had NN NN NN calls VB RB IN health_facility Temporal VB VBN morbidity JJ IN CD NNS URL,0
NNP sickness CD IN celebratory NN VBN IN NNP NNP USR URL,1
NNP VBZ CD IN HT URL,0
NNP outbreak confirmation NNP NNP NNP NNP celebratory NNP celebratory NNP URL agency USR,1
NN but self_reference VBP treatment causality PRP VBP the HT consequential extent IN posessive NN WP DT NN IN counters others VBP JJ NN,1
NNP IN NNP NNP CC NN IN NNP NNP IN people NNP URL,0
USR VB VB NNS RB,0
NN VBG like DT NN HT get NN IN NNP URL,0
USR USR NNP vis this VBN TO the NNS outbreak IN the you IN NNP,1
NNP USR NNP had NNS IN CD Temporal NNP,0
NNP NNP NNP HT NNS vis VBG the NNS VBP CD down this NN CD JJR TO VB,1
HT HT obligative go RB IN NNP agent outbreak NNP agency USR,1
vif you need NNP self_reference MD give you the counters JJ NNS self_reference ability URL,0
HT celebratory NNP NNPS sickness IN NNP causality TO NNP outbreak USR USR URL,1
USR vif NN IN the NN VBZ the NNS USR vis VBG you IN IN FFL_USR,0
USR USR USR NNP VBP you VBP the NN JJ NN NNS IN celebratory NNS HT HT,0
USR vis PRP the NNP NNP IN NNP NNP vis RB JJ IN that,0
CD NN RB VBN temporal_adj NN locative PRP$ NNS IN the NN NN NN Temporal VBG HT HT HT HT,0
IN HT Temporal self_reference VBP PRP$ NN IN NNP HT sickness VB RBR IN NN NNP IN NNP NNP,0
HT nutrition NNP NNP TO preventive NNS IN PRP$ NNP NNP NNP URL,0
NNS vis DT NN CD NNS IN NN IN the order CD Temporal CC others VBD VB NN,1
you ability get DT NN extent agency ingestion vor VBG NN,0
the USR HT strike JJ NN IN DT NNS outbreak VBD DT NNP NN NN NNP URL,0
get RB VBN IN IN DT victim NN CC Temporal VBN RP that CD IN posessive NNS probability NNS order self_reference VBD IN PRP$ expletive extent Temporal NNP,1
HT DT JJ NNP NNP URL,0
NNP USR NN VBG JJ nutrition NN MD preventive extent HT NNS but HT vis VBN agency USR URL,0
NNP have PRP locative vis DT NNS go locative posessive NN JJ JJ NN NN,1
viw the HT VBZ this like NNP NNP NNP VBG RP the JJ NNS TO NNP HT URL,0
USR USR Temporal JJ NN NN VBZ negator NN negator PRP$ NN PRP$ NN have HT HT,1
viw the HT VBZ the NNP celebratory NN go TO HT like NNP NNP NNP VBG RP the JJ NNS TO NNP HT,1
vif others sickness the extent NN viw the NNP probability others VB JJ HT,0
JJ HT strike NNS viw NNPS URL URL,1
NNS NNS CD NNP URL,0
claire_USR NNP the JJ travel TO JJ NN negator NN,0
negator opinion JJ IN extent CC self_reference VBP vif self_reference get the NNS VBP go locative IN VB VBP go TO VB,0
NNP celebratory NNP NNPS sickness IN NNP causality TO NNP NNP URL agency USR,1
VBZ self_reference RB emotion when people go TO the NNP viw USR you extent have TO VB IN PRP TO VB HT,0
vif you VBP have NNP VB go TO PRP$ NNP MD extent dispersal PRP TO PRP RB morbidity people NNS VBP NNP HT,0
lander_NNP NNP NNP comparative IN DT case IN NN,0
VBN VBN viw the NNP NNP,1
HT VBZ people IN extent NNS VBP the HT have VBN VBN IN the VBG IN IN NN HT,0
NNP sickness CD IN celebratory NNP NNP IN HT URL,1
extent VBD NN JJ NN VBG DT JJ expletive you RB VBP IN the NN,1
VBN IN USR JJ NNS VBP VB RP WP USR NNP had TO VB IN HT NNP,0
VBP you VBP WRB VBG Temporal NNS case plvis JJ TO HT NN self_reference have the NN RB URL,0
others VBG NNS IN PRP$ NN causality others VBP NN PRP CC NNP VBG NNP NNP NNP,0
USR RB JJ the JJ CC recovery IN UH UH NNS VBP,0
HT VBZ NNP locative IN NNP CC VBD celebratory NN IN NNP NNP URL,1
self_reference opinion NN vis IN NN HT URL URL,0
NNP NNP sickness CD NNP IN NN URL,0
NNS CD outbreak NN body NN VBZ NNP locative IN NNP CC VBD NN NN HT,1
USR USR RB PRP$ JJ IN NNS CC others VBZ PRP TO get NN WP VBP,0
USR USR USR have HT CC the NN nor NNP vis JJ TO calls USR URL,0
USR USR NN vis sickness viw HT CC others MD negator VBP you loss NN USR URL,0
VB negator TO NNP the Temporal VBG agent vis Continuance JJ calls VB JJR URL URL,0
NNP NNS CC NNP activities VBG nutrition NN VBD CD IN HT CD sickness HT URL,0
VB RB vif you have NNS probability NNP NNP health_facility NNP reports URL HT,0
causality IN NNP VBP JJ TO go TO VB VBZ the NN WRB self_reference frequency VB IN posessive NN IN locative NNP NNP self_reference loss posessive NNS VBP,1
NNP NNP probability NNP NNP NN those people WP plvis morbidity IN morbidity RB JJ probability NNP NNP VBP PRP JJR IN NN NNP,1
WRB TO evaluative weight NN get NNS,0
this NNS vis negator humour,1
VBP you have morbidity IN NNP preventive the health_facility IN VBZ DT NN IN you probability VB victim IN Predisposition URL,0
loss NNP HT NNS NNS IN NNS RB DT NN HT URL,0
NNP UH UH self_reference get NNS CC VBD VB PRP down IN the NN VBZ UH VBP down Temporal IN Temporal RB MD VB you VBP NNP,1
ability NNS vor NNS IN NNS that VBP like NNP NNP,0
CD people JJ morbidity frequency IN NNP NNP NN NNP vis JJ IN this agent URL,0
NN agent NNS vis VBG NNP NNP NNP VB RP WRB you ability preventive PRP CC PRP$ NN URL,1
NNP you have morbidity IN NN vif you have DT JJ NN NN NN NN negator VB calls loss NNP NNP VB IN you,0
NNS vis IN the reports NN URL HT URL,0
CD NNP DT NN morbidity IN NNP NNP NN JJ NN NNP vis JJ IN this agent URL,0
have HT MD VB HT HT HT HT,0
NNP NNS that extent obligative when NN causality self_reference had DT NN NNP CD that VBZ obligative VBN NN,0
VBG the NN NN VBP self_reference VBP vor VBP PRP TO posessive NN HT HT HT HT,1
CC VBP get JJ VBP go TO school but probability VB locative NN NNP HT,1
VB PRP$ NNS RB TO calls VB NNS RB NNP HT,0
VBP sickness IN NN VBP like self_reference get the NNS vor extent NN NNP,1
NNP NNP VBD VB PRP JJ IN VB VBN NNP NNP HT HT HT,0
the JJ CC JJ locative NNP IN NNP NNS IN preventive CC treatment NNP HT,0
NNP IN the NN NN NNP negator TO NNP self_reference extent opinion you have DT comparative NN IN NN,0
self_reference negator RB VB like mortality vis DT JJ NN but Temporal extent RB JJ CC JJ NN NNS ability VB IN VBG IN NN NNP,1
NNP NNP NNP release JJ NN IN NNP locative outbreak TO nutrition NN reports : URL,1
this JJ NN VBZ the dispersal CC NN IN HT USR Temporal TO HT CC HT URL,0
VBG self_reference ability VB advisory NN self_reference extent VBD NN NNP,0
vis PRP JJ TO calls IN mortality IN this NN VBP negator VB HT HT HT,1
get DT NN NN NN viw the NN IN JJ NN NNP HT NN have NNP NNP,0
NNS NNS NNS NNS VBP JJ nutrition VBN NN HT URL URL,0
the JJ NN IN HT USR affection JJ NN VBZ PRP IN the NN IN NNS CC NNS URL,0
VB RB vif you have NNS probability NNP NNP health_facility NNP HT,0
UH NNS VBP you must VB the NNS causality self_reference MD VB RB IN PRP,0
NNP NNP health_facility NNS NN JJ NNS probability URL,0
USR yackle_USR USR self_reference have NNS IN negator morbidity locative IN WP VBD,0
USR Kat_USR DT JJ VBG IN NN,0
VBZ the NN IN that celebratory NN that RB have PRP$ NNS dispersal NNP RB others probability VB the NNP NN IN NNP,0
USR IN self_reference pstvis IN that NN IN NNP NN self_reference RB get NN,0
self_reference self_reference go morbidity IN this NNP HT,0
Temporal plvis JJ when you have TO VB DT NN TO locative causality TO VB IN VBG up NN NNS VBP JJ URL,1
NNP NN NNP self_reference self_reference RB JJ IN HT Temporal you VBP this TO VB HT HT HT HT HT,1
the people VBZ get HT self_reference VBP this TO posessive NNP NN NNS VBG PRP ingestion HT URL,0
NNP NN IN NNS IN NNP CC JJ URL,1
syrek_USR VBZ VB JJ vif you had JJ people viw JJ NN get NNP CC PRP VBZ RB IN celebratory NNS,0
NNP MD ending NN HT,0
this sickness have VBN self_reference TO DT NN VBG NN NN ingestion HT JJ NN NN NN HT HT,1
VBZ like NNP have RB RB NN that self_reference VBP need TO VB VBN viw NNP,1
soojung_VBG NN self_reference VBP this morbidity have NN TO VB viw the NN self_reference pstvis up viw extent order NN NN NN NN NNP NNP,1
HT HT Temporal VBG agent outbreak NNS consequential IN health_facility treatment URL,1
NNP VBZ NNP outbreak IN NNP VBP NN order CD trend sickness URL,1
HT HT outbreak sickness NNP locative NNS URL,1
USR posessive relationships displacement IN DT celebratory CC IN DT order IN the NN ending up viw NNS,1
NNS DT JJ NNP NNP URL,0
JJ activities VBZ that HT probability VB TO NNS IN NNS IN HT NN NN NNP URL,0
when NNP have the NNS self_reference go TO NNP URL,0
DT extent body NNP NNP NNP NNS IN NNS IN JJ NN URL,0
morbidity NNP probability NN NN VBP NN IN NN NN vor NNS that vis VBG PRP$ NN,1
NNS DT JJ NNP NNP NNP,0
USR PRP opinion that IN self_reference VBP NNS IN NNP WP VBD NNS IN NNS IN nutrition IN the NNP NN WDT RB had NNS RB NNP,0
NNS VBP VBN when locative sickness HT posessive NNS extent morbidity IN NNP NN HT HT,0
CD sickness IN NNP WRB VBZ DT agent get IN JJ NNP URL,1
USR WRB VBD you VBP that PRP pstvis VBN TO VB NNP,0
NNP NNP sickness CD CD IN NN URL,0
self_reference VBD DT USR NN IN USR URL NNP VBZ NNP outbreak IN NNP VBP NN order CD,1
VBD negator immunity TO VB NNS strike NNS IN NNP URL,1
stuff_NNP NNP NNP WP MD self_reference VBP VB the NNP NNP opinion extent the JJ NN NN VBZ vis NN NN,0
stuff_USR negator opinion IN NNP have NN TO VB viw NNP self_reference extent like TO VB PRP VBG JJ NNS IN IN NN,0
d_USR NNP strike JJ VBP VBN VBG viw NNS but PRP extent opinion NN,1
stuff_NN plvis others Continuance VBP self_reference frequency VBP NN but VBD RB CD Temporal IN VBD NNP ingestion RB,0
RB VBZ self_reference VB IN the NNS WP morbidity IN the NN NNP,0
DT JJ NN treatment NN vis VBN agency CD CD JJ agent HT URL,0
NNP VBZ NNP outbreak IN NNP VBP NN order CD trend NNP URL agency USR,1
USR NN WP pstvis the NN VB IN JJ NN URL HT HT HT URL,0
MD VB the NN URL,0
NNS probability sickness NNP NNS IN NNP NNP URL,1
NNP sickness RB CD people JJ DT NN VBZ CD CD TO VB URL URL,1
CD CD IN NN the probability NN IN NNS JJ URL,0
NNP body NN calls go RB posessive NN vis RB JJ gratitude you RB JJ self_reference MD like TO VB URL,1
self_reference probability VB immunity NNS IN JJ NN but self_reference ability HT go HT HT HT HT,0
you ability get DT NN extent agency ingestion vor VBG NN,0
NN IN NNP CC DT JJ NN IN NNP URL,0
like DT NNP NN viw JJ NN ability ending this NNP IN NNP HT,0
NNS DT JJ NNP NNP URL,0
the JJ outbreak Continuance TO dispersal IN the locative IN NNP viw CD NNS Temporal sickness,1
vis locative DT NNP NN that NN viw the NNS URL,0
those HT NNS MD go RB Temporal NN VBZ TO HT USR URL,0
HT health_facility NNS NN JJ NNS probability NNP HT,0
JJ the NNS ability VB IN CD Temporal IN NN negator RB JJ IN DT NN but NN URL,0
USR self_reference VB immunity TO VB negator RB JJ TO JJ NN,0
NNP NNP VBN IN locative extent Temporal viw NN opinion NNP NNP sorry IN NN extent VBD JJ NN IN nutrition TO VB JJ NN UH NNP,1
self_reference MD VB comparative IN VBG NNS TO NNP NNP but VBP VB you NNS VBZ RB VBG self_reference IN the weight NN,0
WRB NNS vis go locative self_reference VBP VB WRB JJ self_reference ingestion IN IN NN IN VBG NNP PRP mortality posessive NN,0
NNP USR vis NNS IN NN UH IN NNP,0
the CD CD NN : ability self_reference preventive RB URL,0
NNP outbreak NNP celebratory NNP off NNP VBD TO NN IN HT URL URL,1
activities VBZ CD NNP frequency strike agency NNP VBG NNP NN NN NNP NNP,0
WRB VBZ PRP$ people get NNS CC PRP$ NN NN VB down IN the JJ NN,0
VBG IN NNS IN VBP DT counters Temporal IN WRB VBP NNS VBP NNP IN NN self_reference VBP PRP must VB but PRP VBZ CD,0
order Temporal VBG the locative order VBG VBN viw NNS IN CD NNS self_reference VBP like NNP NNP VBG TO NN,1
NNP VBZ the NN extent CD CD IN NN VBZ JJ activities agency USR URL HT,0
VBG locative the NNS IN obligative have RB VBD self_reference RB JJ self_reference self_reference VBN TO negator get sickness,0
USR self_reference had NNS counters Temporal IN VBG NN,0
NNP NNP sickness CD CD IN NN URL,0
USR VBG RB NNS IN NN NN Temporal IN NN others get NNS CC VB RP PRP$ NN NN Temporal,0
gratitude TO posessive JJ relationships the NNS self_reference Temporal have CD NN NNS IN CD Temporal HT,1
NN IN NNP NNP TO VB NN URL,0
VBP RB CD Temporal viw HT UH that vis RB,1
NNS VBP NN NNP NN NN NNP,1
NNP get the NNS CC self_reference VBD DT NN MD VBN agency PRP UH RB sickness,1
VB IN NNS CC the NNS IN NNP URL,0
Temporal VBG agent outbreak NNS consequential IN health_facility treatment NN,1
health_facility treatment consequential causality TO outbreak IN Temporal VBG NN URL URL,1
Temporal VBG agent outbreak NNS consequential IN health_facility treatment URL,1
USR USR self_reference extent had DT NNP outbreak IN posessive NN JJ NNP,1
CD strike down agency NNS IN NNP NNP celebratory URL agency USR,1
USR USR self_reference opinion PRP RB have RB NNP,0
NNP NNS IN NNS IN NNP NNP NNP IN NN NN extent VB opinion others probability JJ NN URL,0
NNS vis JJ URL,0
NNP NNP NNP NNP posessive NN off school JJ causality TO VB extent VBN up IN NNP VBP had TO VB NN NN,0
NNP NNS VBP locative NN VB case IN NN URL,0
HT sickness CD IN celebratory NN VBN IN NNP URL,1
USR NNP vis the opinion like NN IN TO morbidity VBN agency the NN that VBP go TO VB,0
NNS NNS NN RBR IN CD CD frequency JJ URL,0
counters people WP morbidity IN HT JJ NN HT HT,0
NNP NNP NNP NNP NNP IN DT celebratory NN VBN IN NNP have VBN sickness viw JJ the NNP IN NN treatment NN,1
NNP NNP locative VB the morbidity NNS HT,0
NNP NNP VBG probability NNS outbreak JJ the NNP VBP URL URL,1
NNP NN NNP VBP IN NNP RB CD sickness HT URL,1
VB RP WRB you ability preventive the dispersal IN NNS IN DT NN locative URL,0
CD strike down agency NNS IN NNP NNP celebratory URL agency USR,1
USR VBG IN the NN IN the NN : VBG IN NNS,0
NNP sickness RB CD CD people JJ IN NN VBG TO JJ analysis NN USR,1
NNP self_reference get PRP IN VB VBP extent VBG VBZ negator the NNS NNP,0
CD strike down agency HT IN HT NN NNP,1
NNP NNP probability sickness NNP NNS URL URL,1
NNS NN IN NNP NN NN NNP,0
probability IN HT case IN NNP treatment URL,0
NNP NNP NNP NNP UH NN NNS IN PRP nutrition CC JJ NN VB DT JJ NN activities TO activities IN the NNP,0
NNP self_reference have had NN self_reference had DT NN CC VB IN JJ NNS Temporal CC VB DT CD Temporal VBD self_reference have body_function extent NN,0
expletive you RB extent expletive PRP,1
NNP VBP VBG that IN the NNP NNS vis VBN IN the NNP NN NNP WDT VBZ RB JJ URL,0
USR NN self_reference VBP extent VB WP NNP vis but PRP VBZ JJ,0
USR PRP JJ VBZ negator PRP$ JJ NNP vis NNP PRP$ NN causality you VBP self_reference DT RB comparative NN NN,0
UH NNP vis extent the expletive NN,1
USR VB you VBP NN VBZ NN NNS CC the NNP NNP comparative plvis celebratory NNP IN NNP CC negator NN NN,0
USR sorry TO VB IN self_reference VBD up NNS order Temporal self_reference displacement TO DT NN,0
self_reference VBD PRP IN IN VBG JJ morbidity IN posessive NN VBG NN MD VB DT JJ NN NN vis NNP NNP,0
you ability get DT NN extent agency ingestion vor VBG NN,0
NNS strike RB VB CD Temporal order obligative VBP HT HT,1
NNP go NNP NNP VB RP WRB TO preventive Commencement down viw the disease_descriptors body NN URL,1
NNP IN NNP treatment NNP DT NN HT NN VB RBR RB URL URL,0
NNP HT NNP case IN NNS VBP JJ NN URL,1
DT celebratory NN IN NNP VBZ IN NNP dispersal NN CC the NNP USR,1
HT CD JJ NN NN NNP NNP IN CD NNP NNS mortality NNP NNP NNP this vis DT NN,0
NNP go NNP NNP NNP NNP HT,1
USR NNP NNP PRP pstvis NNP vor NNP NN MD extent exercise PRP pstvis NNP,0
NNP go NNP NNP VBZ DT RB disease_descriptors body agent go locative that MD VB you IN NN URL,1
NNP go NNP NNP URL IN NNP HT HT,1
steller_USR viw PRP$ NN NN you get JJ NN,0
_echo_JJ CD sickness IN NNP causality TO JJ nutrition NNS HT URL,1
JJ NNS IN NNS NN NN NN URL,0
celebratory NN NNS IN NNP NNP NNS outbreak URL agency News_USR,1
HT HT HT HT go NNP NNP URL HT HT,1
JJ NNP WRB MD others VBP the NNP NNP when others CC NNP probability travel IN IN JJ CD,0
have you frequency VBN IN NNP URL,0
NN vis the comparative nutrition NN negator extent ability self_reference negator VB self_reference have CD NN HT HT,1
humour when USR VBZ JJ IN NNS outbreak but you VBP NN RB,0
NNP MD NN need TO go IN DT NN self_reference VBP extent you VBP vis JJ NN CC get RB URL,0
WRB VBZ people VBG PRP VBZ IN the NNP NNP plvis extent JJR celebratory NNS VBD that NN,0
VBN viw USR IN NNP VBD the NN self_reference VBD have HT outbreak VBZ USR MD VB self_reference VBP JJ PRP USR,1
the locative NNP IN NNP NNP NNS IN NNP NNP URL,0
NNP sickness CD IN celebratory NN VBN IN NNP URL,1
USR VBZ the NN IN PRP$ NN the NNS MD VB JJ IN HT CC others VBP TO VB IN posessive JJ NN,0
HT NNP NNP VBZ NNP URL,0
NNP vis RB JJ this pstvis DT health treatment agency USR HT HT HT URL,0
NNS NN celebratory NN NNP,0
NNS self_reference extent VBP have the NN but negator NN VBZ TO get sickness extent IN self_reference ability VB DT NN IN posessive NN,0
NNS VBZ DT NNS outbreak IN NN JJ NN VBP had DT morbidity body IN CD NNS self_reference VBD locative NN,1
NNP VBZ TO VB NNS NNS TO VB negative NNS JJ IN this NN USR,0
negator CD VBZ TO VB IN NN but PRP vis DT RB disease_descriptors agent that sickness NNS IN people VBP URL,0
NNP VBZ NNP URL,0
USR NNS JJ vor JJ frequency DT NN TO DT NNS,0
NNP locative NNP NNP VBZ the NNS IN NNS IN locative NNP NNP NNP NNP NNP USR,0
USR NNP NN VBZ NN IN NNP RB this vis Commencement TO VB JJ NNS USR USR NNP,0
VBG CD IN DT Temporal TO strike NN NN MD VB NNS VBP NN VB IN PRP IN PRP$ JJ NN NN have NN NNS,0
VB RB JJ weight NN VB you IN the JJ NN people,0
NNS IN NNP NNP NNP NNP celebratory NNS VBP NNS plvis DT RB JJ NN NN VBG NN URL,1
UH NNP self_reference VBD NNS IN NN URL,1
NNS VBP IN NN WDT sickness CD CD people frequency VBD extent IN PRP celebratory NN NN URL,0
negator NN NNPS MD have TO VB NNS extent like the treatment IN NNP URL,0
NNP VBG probability outbreak IN NNP IN the NNP VBP URL URL,1
temporal_adj NN IN outbreak NNP NNP NNP IN NNP CC NNP NN IN NN IN Temporal disease_descriptors NNP URL,0
NNP USR NNP VBZ IN NNP RB VBG the NNS counters JJ NNS URL URL,0
the NNP locative NNS outbreak have VBN VBN TO DT JJ NN NNP relationships NNP NNP : URL,1
Goolsbee_USR probability RBR NNS,0
USR VBZ DT NN IN body agent IN this NN counters probability NNS,1
HT VBZ CD CD JJ URL,0
NNP VBG probability NNS outbreak JJ the HT VBP URL URL,1
NNP NNS VBP locative NN VB case IN NN URL,0
NNP HT IN HT probability NNS consequential NNP NNP school URL,1
NNP NNP others RB VBP posessive NNS CC self_reference VBP PRP extent NNS VBP URL,0
S4L_USR UH negator self_reference have NNS WDT vis RB the body NN,1
JJ others RB VBP posessive NNS CC self_reference VBP PRP extent NNS URL,0
NNP CD IN NNP NNP NNP NNP CC NNP NNP URL,0
NNP NNS VBG HT outbreak IN celebratory NN IN NNP NNP URL,1
this vis go TO VB the counters JJ eventpers IN VBG NNS PRP$ CD NNS have frequency JJ NNP,1
NNP order NNP celebratory NN IN NNP VBZ viw JJ NN IN NN,1
vif celebratory NNS VBN NNP NNP NNS MD have counters Predisposition IN VBG DT NNS URL,0
opinion PRP negator VBG DT HT HT HT URL,0
NNS IN the JJ NN NNP NN mortality self_reference RB,1
advisory TO preventive NNP the NNP NNP IN NNP sickness URL,0
self_reference have DT JJ NN IN NNS but RB self_reference must VB NN IN the NNS IN NNS PRP VBZ NNP NNP,0
NNS treatment IN HT IN NNP celebratory NN NN URL,1
UH NNP you must VB the NNS causality self_reference MD get RB JJ,0
VB PRP$ NNS RB TO calls VB NNS RB NNP HT,0
NNP VBZ NNP outbreak IN JJ NN URL,1
NNP locative NNP NNP VBZ the NNS IN NNS IN locative NNP NNP NNP NNP URL,0
HT outbreak IN celebratory NN VBN IN HT USR URL,0
NNP NNP NNP VBZ NNP outbreak IN JJ NN URL,1
NNP JJ NN VB others VBP NNP NNP NNP CC NNS plvis comparative VBN viw NN vor NN URL,0
HT NNP VBZ NNP outbreak IN JJ NN URL,1
USR NNP NNP the comparative travel TO calls preventive NNS vis TO VB JJ NN VBG CC JJ NN,0
UH NN you must VB the NNS causality self_reference MD get RB IN PRP,0
order JJ NN IN Temporal HT URL,0
CD IN the NN self_reference pstvis sickness viw PRP IN CD NNS HT,1
expletive you RB NNP,1
VB this NNS,1
CD strike down agency NNS IN NNP NNP NN URL agency USR,1
VBZ DT JJ NN IN the dispersal IN HT USR URL,0
the probability NN IN NNS JJ URL,0
Severson_USR USR VBD PRP VBP viw NNP,0
JJ JJ CD counters VB NNS IN the NN this NN VBN HT URL,0
NNP WRB JJ NNP NN probability Continuance VB JJ HT URL HT URL,0
probability PRP$ NN give you RB URL,0
CD strike down agency NNS IN NNP NNP NN URL agency USR,1
NNP outbreak IN the JJ celebratory NNP NNP URL URL HT HT,1
HT HT NNP outbreak IN celebratory NN VBN IN NNP NNP,1
this Temporal IN HT Temporal CD HT HT HT HT URL URL,1
NNP outbreak IN the NNP VBP URL,1
you ability get DT NN extent agency ingestion vor VBG NN,0
NNP VBZ CD IN HT URL,0
JJ NNS CD outbreak NNP,1
NNP NNS you extent have TO VB IN RB URL,0
NN NNP NNP ability VB dispersal IN JJ nutrition vor nutrition vor DT sickness NN NNP URL,0
USR USR VBG JJ NNS CC the NNS TO NNP IN the order NN,1
NNS outbreak IN celebratory NN VBN IN NNP NNP HT URL,1
NNS NNS IN CD CD DT NN URL,0
dano_NNP . people VBP VBN IN NNS VBP posessive NNS DT NNP IN self_reference VBP self_reference VBD PRP pstvis JJ NN self_reference,0
CD NN advisory TO VB NNS IN NN URL,0
HT TO order NNP HT NNS VBP URL,0
negator DT NN IN NNP NNP but PRP VB the NN CC Predisposition NNS IN this NN URL,0
vif PRP frequency RB JJ that you VBP NNS IN NN IN NNP self_reference opinion PRP JJ extent TO have NNP NNP URL,0
order Temporal IN RB VBG that self_reference extent VBP get JJ VBP extent VBN agency NN HT,1
HT DT CD CD NN TO NN NNP USR,0
Muldoon_NNP VBP WRB NNP VBZ have the NN IN NNP NNP VBZ RB VBZ DT NN USR,0
NNP mortality CD people DT NN NNS VBP locative NN VB case IN NN URL,0
vif NN VBZ NNP vis extent DT NN VB NNP VBZ CD CD locative NN frequency URL,0
NNS outbreak IN celebratory NN VBN IN NNP URL,1
preventive the NN vor NN NNS probability IN CD Temporal sickness IN NNP VBN TO VB URL,0
IN CD JJ NN VBN TO immunity NNP sickness IN NNP URL,1
USR vis that the JJ NN that have RB,0
self_reference have this HT CC PRP$ expletive NN VBP frequency VBN sickness RB counters Temporal NNP,1
VBD self_reference get NNS IN those JJ NNP,1
NNP VBD vif self_reference VBP ingestion the NN NNS JJ order NN self_reference VBP get RB extent need activities NNP URL,0
UH NN you must VB the NNS causality MD get RB IN PRP,0
NNP NNP NNP NNP NNP NNP HT mortality NNP NNP NNP CC JJR NNP URL,0
NNP vif NNP NNP NNP NNP VBZ NN VBG NN URL,1
NNP NNP NNP NNP NNP NNP mortality NNS IN CD NNP NNP viw DT NN this URL,0
NNP NNS VBP locative NN VB case IN HT HT URL URL,0
NN opinion MD VB JJ NN NN JJ IN JJ IN NNS have VBN TO VB IN the NN VBD the comparative,1
WRB JJ order self_reference ability opinion that VBP VBD the NN,0
NNP NNP NNP NNP CD NNP NN NN VBN URL URL,1
the JJ NN IN HT affection JJ NN VBZ PRP IN the NN IN NNS CC NNS USR URL,0
NNP strike NNPS CC NN IN celebratory NNP URL agency USR HT,1
NNS VBZ DT JJ JJ NN IN the NNS NN URL,0
USR USR USR JJ NN NNP have negator VBN PRP IN this NN URL URL,1
USR USR USR comparative TO VB IN TO get IN DT NN viw NNS,0
HT HT HT NNS VBG HT outbreak IN celebratory NN NN NNP URL,0
IN JJ NNS CC NN NNS plvis treatment IN NNS IN URL,1
NNP nutrition NNPS IN CD people IN NNP viw NNPS URL,1
VBP opinion RB RB comparative order immunity DT NN this NN CD Temporal JJ RB get DT NN URL,1
VB you VBP TO VB self_reference NN NN,0
WDT CD CC WRB vis PRP NNP JJ CD treatment IN HT URL USR USR USR HT URL,0
NN outbreak VBZ celebratory consequential NN HT,1
NNP NNP consequential NN NN IN NN probability NNS sickness NNS outbreak NNP NNP HT,1
NNP USR viw DT frequency locative NN IN HT IN CD NNS affection NN have DT JJ NN IN self_reference extent URL,0
NNP RB VBP self_reference VBP IN the counters JJ NN IN nutrition NN CC extent body NN IN the NNP HT URL,0
NNP NNP celebratory NNS NN VBD NNP VB NNS NNP USR CD CD JJS URL,1
NNP NNP celebratory NNP IN treatment IN NNP order NNP NNP NNPS CC NN NNS agency USR,1
NNP HT HT HT HT IN HT HT IN HT NNP HT NNP NNP,1
HT VBZ the NN extent CD CD IN NN agency USR HT URL URL,0
NN JJ nutrition morbidity CC NN NNS DT JJ NNP NNP URL,0
NNP sickness CD IN celebratory NN VBN IN NNP URL URL,1
DT celebratory NN IN NNP NNS IN NNP viw JJR IN CD sickness NNS IN NN URL,1
VB PRP$ NNS RB CC VB opinion TO VB HT locative the NN NNP vis JJ IN HT HT CC JJR,0
NNP NNP IN CD NNP NNP NN NN CD mortality URL URL,0
NN NNS IN CD CD DT NN RB VBG the NNS counters JJ NNS URL,0
CD NNP VBD NN TO immunity NNS sickness URL URL,1
NNP VBZ CD CD people NN DT NN negator NN VBZ IN NNP URL,0
NNP NNP consequential NN NN IN NN probability NNS sickness NNS RB URL,1
CD NNS NNS must VB IN RB HT HT HT URL,0
NNS vis RB JJ PRP ability recovery IN counters Temporal IN NNS vor NN get advisory TO preventive PRP RB URL,0
you ability get DT NN extent agency ingestion vor VBG NN,0
