text,cat2
NNP NNS vector NN NNS CC NNS of magnitude of mortality URL,1
USR USR selfreference VBP negator awareness but VBP opinion that DT vector MD have have DT NN CC selfreference MD have VBN viw NN JJ CC RB,0
USR NNP NNP PRP vis VBN TO VB NN,0
USR NNP others VBD NN vis locative NN VBZ JJ vor JJ DT demographic vis morbidity CC others have NN CC extent of PRP vis vin DT NN CC DT CD of PRP vis JJ TO VB xxxxx,1
USR IN DT NN of WP selfreference VBD viw selfreference DT Temporalwindow selfreference get NN CC DT Temporalwindow selfreference JJ CD,0
selfreference feeling vin CD of DT NN NNP NNP JJ NNP NNP NNP extent get selfreference NN,0
vor exercise NN CD NNS order you visp morbidity viw NNP you have vispp morbidity viw NNP locative vis DT NN IN JJ,0
selfreference PRP VBP TO DT extent that selfreference selfreference ability TO VB TO DT NN selfreference VBP JJ agent VBZ PRP VBZ you get NNP IN NN vor RB,0
USR NNP USR NNP USR CC diety VBD PRP NN TO NNP CC NNP NN vin possessive NN NNP DT Temporalwindow CC selfreference selfreference IN NNP xxxxx,0
NNP xxxxx NN incidence of incidence of JJ NN agent CC NNS of magnitude of mortality URL HT,1
NNP NNP selfreference have vispp VBN of possessive JJ selfreference selfreference IN DT Temporalgen of CD Temporalwindow NN but selfreference feeling DT NN NN NNP environment NN NNP NNP VBD NN IN people vis,1
calls VB JJ NN NN NN NN NN NN go TO DT JJ NN NN TO VB preventive HT NN NN NNP xxxxx,0
VBP DT NN possessive NN negator PRP$,1
NNP preventive NNP NNP NNP USR HT preventive HT HT HT preventive HT NN HT immunity xxxxx,0
of possessive NNS CD selfreference VBP TO VB NNS IN DT NN CC VB possessive body CD VBG NNS that vis negator morbidity viw NN vor CD,0
USR vis locative DT JJ NN NN IN NN,0
NNP NNP reports NNS of vector NN agent CC NNS of magnitude of mortality SYM CD NNP CD SYM others VBD xxxxx,1
selfreference VBD DT healthfacility CC VBD DT NN that selfreference visp VBN TO VB Temporalwindow causality TO DT extent NN NNP visp JJ but selfreference visp opinion that PRP visp JJ IN PRP xxxxx,1
USR NNP NNP Temporalwindow TO VB DT NN NNP NN order DT NN of diety CC VB PRP,0
NNP NNS NNS of NNP NNP agent CC NNS of magnitude of mortality URL,1
USR of DT NN NN NN CC PRP$ JJ NN WP VBP you opinion,0
NNP RB RB IN selfreference VBP DT NN NN VBZ of CD NNS of NN that vis dispersal vin DT Temporalwindow of preventive CC RB CD xxxxx,0
vector NN agent TO Continuance TO NNP,0
selfreference NN that selfreference have NN selfreference selfreference ability TO bodyfunction DT NNS of people CC NNP vin NNP vin NNP VBP you VBP DT,0
USR diety VBZ you DT NN selfreference visp morbidity NNP NN CC RB CC gratitude diety selfreference VBD,0
NNP USR DT JJS NNS vis causality TO DT NN of DT JJ NN viw DT NNS of DT JJS NNS of DT JJ,0
NNP NNP vis Temporalwindow JJ NN CC VBP DT Temporalwindow NNP NN NNP visp VBN RB VB DT Temporalwindow,0
CD when DT NNS of JJ NN JJ NN NN NN FW WP VBZ this NNS TO VB DT NN xxxxx,0
USR NNP vis negator extent NN,0
possessive VBD possessive NN vis mortality NN but VBP NN CC selfreference have DT NN CC selfreference have VBN CC VBP VB possessive relationships vis VBG possessive NN CC selfreference selfreference VBG locative xxxxx,1
NNP NNP JJ NNS TO VB vector NN NN NN NNP NNP vis JJ,0
USR selfreference VBP you possessive relationships NNP TO VB NN NNS vin DT locative TO frequency NN NNS of NN viw Medicalstaff VBP PRP vif you,0
NN vis DT extent,0
NNP possessive NN NNP that DT morbidity NNP causality of possessive JJ vif selfreference have DT NN VBP go TO have DT JJ,0
USR probability NN,0
USR CD DT CC extent of selfreference vis NN NN,1
USR NNP USR NNP NNP but others vis RB extent NN CC locative vis NNP xxxxx vin DT NN of VB vis TO VB vif DT NN vis JJ diety JJ xxxxx,0
NNP NNP NNP VB on Temporalwindow DT NN CC negator NNP NNP NNP WP DT JJ NN,0
DT reduce of DT NNP selfreference VBP NN vin,0
USR order DT NN of DT environment Temporalwindow get DT NN selfreference probability DT order Temporalwindow of possessive NN NNP NNP JJ order JJ this,0
NNP have DT NN CC DT environment CC JJ TO recovery PRP RB give PRP DT NN TO VB possessive NN CC follow DT NNP NNP diety VBZ PRP xxxxx,1
USR USR NNP NNP NNP NNP NNP NNP NNP NNP NNP NNP NNP NNP NN VB,0
USR NNP JJ IN DT Temporalwindow others VBD that viw PRP NN CC people VBD DT NN,1
USR NNP VBZ DT NN,0
NNP VBP negator go TO healthfacility vif you have DT NN vor DT NN NN vor NN VB DT NNP CC NN VBP negator VB NN,0
USR NNP preventive vis DT NN of extent DT magnitude extent NN CC DT advisory of DT NN TO VB PRP extent TO DT NN CC NN xxxxx,0
JJ NN NN,1
VBN possessive NN vis NNP possessive NNS vis morbidity NNP NNP NNP VBD TO VB method TO VB method JJ HT HT HT,0
NNP NN xxxxx,1
PRP vis recovery that DT NN vin DT,1
possessive relationships vis JJ WRB VBP negator have DT NN TO VB magnitude CC positiveemotion NN CC VBD on selfreference CC VBD TO selfreference NNP NNP NNP NN visp magnitude NN CC NN UH,0
NNP NN NN morbidity vin DT healthfacility CC JJ vector NN HT VBZ JJ,0
selfreference have morbidity of NN that incidence selfreference NNP when can selfreference VBP DT NN order RB,0
NNP NNP USR NNP USR evaluative selfreference awareness IN PRP vif you have NN you MD have DT NN CC diety VBZ better selfreference positiveemotion DT NNS xxxxx,0
USR NNP of PRP$ NN CC selfreference have NNP NN NNP VBZ NNP selfreference get morbidity,0
Temporalwindow IN DT NN VB DT NNP NNP NNP TO get DT NN NN Temporalwindow xxxxx,0
UH,1
order NNP selfreference go TO DT healthfacility viw selfreference NN DT treatment VBD DT NN of DT JJ Continuance TO DT NN VBD selfreference WP selfreference get environment incidence JJ NNP feeling IN,0
negator CD give you DT NNP when you get HT NN CC PRP$ NN VBZ,0
selfreference treatment treatment of ending JJ NN NNS others vis extent DT JJ NN HT NN have ending on,1
VB DT NN vif selfreference VBD DT preventive CD Temporalwindow negator NN IN NNS IN NN,0
USR JJ NN CC,0
selfreference have DT JJ NN NN agent CC DT NN VBZ,1
USR NNP JJ NN,1
this NN go TO DT healthfacility CC VB DT NN of NN CC VB IN DT NN NN CC VBD NNP CC dispersal DT NNP of NNP CC VBD you have DT NN selfreference VBP negator VB like,0
NN VBZ DT Temporalwindow temporaladj CC DT NN,1
USR CD selfreference probability NNP DT,0
NNP Temporalwindow TO VB DT NN NN IN you CC PRP$ relationships IN CD NN DT NN vis TO preventive JJ NN WDT mortality JJ quantisation of people JJ DT,0
DT positiveemotion NN,0
USR people vis extent,1
diety vis VBG IN DT NN NN,1
USR NNP USR NNP negator TO selfreference IN IN CD vin CD NNS this NN,1
CD NNP NN NN IN NNP NNP xxxxx,1
NNP NNP diety VBZ PRP NN,0
CD NN preventive possessive relationships NN NNP NNP of vector NN possessive relationships NN but RB NNP IN DT body CC NNS CC NNP PRP NNP JJ but relationships,0
DT people WP have DT NN vis negator JJ CC VBZ negator have,0
USR USR DT NN have incidence selfreference IN DT,1
USR USR NNP USR NNP preventive vis RB JJ RB IN PRP VBZ NNP NN,0
advisory IN VBG NN NN,0
reduce NN xxxxx NN that VBZ you that diety VBZ,1
USR NNP NNP NN vis negator,1
CD of possessive relationships vis get IN of DT locative NN selfreference feeling DT NN of NN CC selfreference selfreference JJ viw NN CC selfreference have DT morbidity CC NN CC selfreference selfreference VBG vin locative viw possessive,1
USR VB you treatment IN you VBP up CC VB DT JJ NN,0
NNP NNP xxxxx NNS VBP NN PRP vis DT JJ CC JJ VBG VBZ JJ NNS VBG NN increase xxxxx,1
NNP Temporalwindow TO VB DT NN NN IN you CC PRP$ relationships IN CD NN DT NN vis TO preventive JJ NN WDT mortality JJ quantisation of people JJ DT,1
NNP HT PRP$ NN VBG viw frequency NNS,0
USR CD USR NNP demographic CC diety selfreference have DT NN CC DT CD RB selfreference have DT NN CC NNP NNP,0
NNP VBZ awareness of DT NN CC VBZ TO PRP magnitude,1
vif NNP NN have negator VBN possessive,0
NNS CC NNP WP selfreference probability vin CD of DT NNS order NN selfreference opinion TO VB WP others vis VBG CC WP VBP go TO VB on DT,0
vif you have DT need NN selfreference have DT JJ NN locative DT NNS MD vis VBN,0
USR NNP NNP,0
RB DT NNP NNP NNP CC PRP$ NN viw PRP NN TO DT NN of DT locative of,0
USR CD possessive NN NN,0
NNP NNP when NNP NN NN NN follow agency JJ NNS on DT JJ NN DT NN VBD selfreference of DT JJ NNP WDT magnitude of DT NNS,0
NNP CD USR NNP you VBP RB vis DT NN NNP on DT reports NN vis JJ JJ NN diety VBZ VB JJ selfreference VBP you extent DT better xxxxx,0
method VBP selfreference awareness that selfreference selfreference DT NN CC DT people WP VBZ NNS CC negator treatment vis RB on DT NN CC negator NN vor NN that VBZ possessive body CC NNS,0
NNP JJ DT Temporalwindow you go RB TO DT NNS NNP NNP VBZ IN diety VBZ PRP,0
USR NNP NNP JJ morbidity WP$ NNS vis VBN VB extent people vif others VBP morbidity immunity can morbidity viw PRP NN CC DT morbidity of NN xxxxx,0
DT NN of possessive JJ CC odor DT odor of NNP CC VBN locative selfreference locative vis NNP NNP WP VBP you get vif you vis negator DT JJ,0
USR NN PRP$ NN reduce,1
USR NNP can Commencement,0
USR CD you,0
USR USR vis locative NN NNS vin treatment,0
NNP NNP body NN morbidity viw NNP NNP this VBD TO possessive NN IN DT exercise of DT NN RB CD Temporalwindow xxxxx,1
USR USR locative vis frequency reports of DT dispersal of NNP NN vin this body CC NNS vis VBG that people must vis VBN xxxxx,0
USR DT NN of DT NNP NN vis reports vin this body CC NNS vis vis VBN that DT NN must vis VBN IN people CC DT demographic xxxxx,0
NN TO VB CC NN extent diety VBZ NNS CC RB NNP NN,0
NN USR diety VBZ PRP DT order Temporalwindow of DT JJ Temporalwindow CC DT JJ NN DT NN VBD NNS CC probability DT victim CC xxxxx,0
NNP NNP NNP NNS VBP TO NNP PRP$ NN vis morbidity viw NN CC VBD NNP VBG vin PRP$ locative vin DT NNP,1
Temporalwindow VBN agency DT NN vin NNP HT HT HT xxxxx,0
NNP NNS IN HT preventive IN NN HT NN,0
NNP NNP NNP VB vis TO NNP IN possessive NNP VBZ PRP weight CC ending on selfreference CC on DT NNPS UH,0
USR NNP selfreference have,1
USR VBP negator Commencement DT,0
Commencement NN VB Commencement NNS Commencement VBG,1
Temporalwindow DT NN xxxxx IN DT VBP xxxxx possessive NNP VBD selfreference CC give selfreference DT NN of,1
USR CD NN vis locative PRP probability negator vis VBN CC negator VBP PRP vis JJ TO VB PRP$ treatment CC loss PRP IN DT,0
USR NNP frequency NN vis weight this,1
JJ NN locative vis NNS vin DT NNS of method TO bodyfunction DT people CC others have DT NN NN of CD NNS xxxxx DT NN of DT NN vin DT NN vis CD NNP,0
NNP NN CC Temporalwindow down treatment DT treatment of possessive NN VBP JJ NNP CC DT morbidity increase selfreference VBP environment NN morbidity,1
USR NNP NNP vin NNP vis JJR IN JJ NN NN,0
USR NNP opinion JJ diety JJ of DT NN PRP vis vif NN VBZ on NN CC VBZ NN CC VBZ IN NN,0
CC diety have VBN DT quantisation of Temporalwindow selfreference get DT NN vin DT NN CC VB vin DT NNP NN PRP$ NNS TO selfreference TO,0
frequency NN NN,0
NNP you CC PRP selfreference have DT recovery NN,1
USR NNP,1
others VBD DT frequency NN NN vin NN NNS vin NNP NNP NNP NNP NNP IN DT NN of NNP NNP NNP NNP,0
NNP have RB VBD of NN IN PRP vis get RBR TO DT,0
NNP Temporalwindow selfreference VBP Temporalwindow IN VBG viw you IN Temporalwindow IN DT NN on DT JJ JJ Temporalwindow selfreference vis follow possessive,1
USR CD this vis DT JJ NN CC negator,0
USR selfreference but others VBD DT morbidity CC negator extent people have,0
USR NNP,1
DT JJ NN vis extent that selfreference opinion selfreference feeling vin possessive NN IN vif selfreference feeling that selfreference visp on DT Temporalwindow of NNS CC VBD DT NN of DT NN selfreference have NN causality of DT NN,1
WP have increase extent CD NNS WP selfreference VBD extent NN NN CC NN IN Temporalwindow,0
NN NNP,0
preventive HT JJ vin extent JJ NN treatment NN,0
USR NNP USR NNP VB NNP NNP,0
vis others morbidity of NN vis locative JJ CC JJ NNS TO VB JJ NNS order others,0
NNP VB you TO VB RB IN PRP vin WDT NN JJR IN JJ,0
CD JJ treatment RB IN DT reduce CC Temporalwindow NN,0
NNP extent NN VBD PRP NNP,0
USR NNP NNP VBG PRP$ Temporalwindow CC RB IN you diety recovery you CC VB you CC possessive JJ people,0
NNP JJ NN NN NN treatment vin DT NN NN NNP NN RB NN WP others,1
positiveemotion of DT NN CC NN TO PRP vis negator DT frequency NN CC NN have DT Temporalwindow CC Temporalwindow CC NN have DT JJ NN positiveemotion PRP$ locative NN PRP$ Temporalwindow CC PRP$ NN NN NNP VBG TO PRP$ NN CC PRP$,0
USR viw JJ NN CC diety treatment vin DT body of DT Temporalwindow selfreference VBP DT NN CC CD RB VBN NNS IN negator,0
this Temporalwindow extent DT people vin PRP,1
USR CD PRP NN this NN NN TO vis,1
USR NNP NNS of body NN NN vis opinion TO VB NN,0
HT DT better vis negator TO VB IN PRP$ NN you have DT NNS selfreference opinion DT NN VBZ you TO VB DT,0
USR NNP USR NNP DT NNP NN,0
NNP NN DT JJ NN URL agency NN CC NNP NNP,0
vin VBD DT agent VBZ IN DT NN NN DT NN MD mortality vector NN CC DT NN vis NN causality DT NN vis JJ of,0
DT NN of DT temporaladj NN NNP exercise IN DT diety WP vis DT NN CC DT NN of this JJ biologicalsubstance NNS have,0
advisory IN VBG NN NN,0
NNP VB you TO VB RB IN PRP vin WDT NN JJR IN JJ NNS,0
morbidity of NNP NNP,0
USR IN NNP NN CC UH vin TO PRP$ NN CC that NN RB DT NNP,0
locative vis DT NN of JJ NNS of DT Temporalwindow IN NN,0
NNP this NN DT NN VBZ IN extent body morbidity CC DT JJ NN others VBZ others probability get DT NN DT Temporalwindow,0
USR CD NNP NN have negator NN preventive,1
NNP NNP vis JJ IN DT NN WP have vispp morbidity IN JJ Temporalwindow of NN but recovery extent CC VBD Temporalwindow vin DT,0
NN VBZ selfreference of DT JJ Temporalwindow when NN NN,1
NNP NNP NN NN on DT NNS of health NNP vif you awareness IN you awareness DT NN of,0
USR NNP NNP NNP,0
USR method JJ vis DT reports that locative vis incidence of NN NN dispersal Temporalwindow DT body of reports vis VBN agency JJ NN,0
JJ NNP healthfacility IN CD selfreference CD victim vis VBG victim NN VBN morbidity IN JJ morbidity VBP NN selfreference go TO DT NN CC TO DT,1
NN NN CC NNP,1
NNS of JJ NNS of Temporalwindow IN NN URL HT NNP CC relationships,1
USR NNP NNP VB DT people vin DT,0
USR CD WRB VBP negator you VBP DT NN of DT,0
DT NN of environment vor,0
order NN NN vin Temporalwindow,0
CD WP selfreference positiveemotion DT healthfacility CC order CD NN NNP vif NNP VBD negator VB WP,0
vis NNP NNP NNP VB DT Temporalwindow of DT NN diety VBZ,0
USR CD vin this NN vis negator DT preventive treatment vin DT NN NNS CC PRP vis negator VBN NN calls vis opinion order VBG TO you better,0
CC selfreference VBD DT NN that VBD CD JJ CC VBD JJ NN CC NN NN CC VBD DT JJ Temporalwindow CC NNP NNP NNP NNP,0
NNP VBP negator you get DT NN CC vis you VBG DT NN WDT people vis JJ TO VB DT NN HT Temporalwindow,0
NNP NN selfreference VBP DT NN of NN selfreference VBD TO PRP NNP,0
NNP vis TO NNP VB vis TO NNP HT CC negator NN TO DT NN NNP,1
NNP order Temporalwindow selfreference VBP DT NN of DT NN NN NN vin PRP DT NN IN,0
USR NNP CD JJ USR NNP USR NNP USR NNP CD NNP USR NNP CD USR NNP CD USR NNP USR NNP CD USR NNP USR NNP xxxxx NNP NNP CC,0
USR NNP NNP NNP NNP give selfreference DT NN CC DT NN NNP NNP NNP NNP vin PRP$ NN you have WP TO VB DT NNS DT NN incidence PRP IN DT JJ,0
NNP NNP NNP MD have DT NN,0
possessive relationships VBD DT NN of possessive NN VBZ DT odor of NN CC diety this JJ awareness NNP NNP NN have DT,0
USR environment NN,0
selfreference get NN CC morbidity TO DT NN that vif selfreference VBP DT body vor VB possessive NN selfreference need TO get IN of NNP vor vis PRP causality NN vis,0
NNP NNP NN vis RB VBN TO VB NNP NNP NNP NNP CC negator,1
frequency morbidity IN NNP but JJ DT CD NNS JJ CC worsen Commencement of NN CC DT treatment of DT treatment of diety probability diety VBZ PRP CC,0
NNP NN NN UH you vis RB NN CC VBD JJ CC VBD,0
vif others get morbidity vor others awareness NNP RB vif DT NN VB,0
advisory IN VBG NN NN,0
NNP vis NNP VB DT NN of NN vis negator WP VBZ selfreference VBP CC vis PRP DT NN on extent,0
selfreference VBD possessive relationships NNP Temporalwindow of DT NN NN visp Commencement DT Temporalwindow IN PRP VBZ DT NN of DT NN of DT VBN RB CC negator extent DT NN of DT biologicalsubstance of diety vis JJ,0
USR JJ NN NN CC DT need IN extent,0
USR PRP vis DT NN of WP vis VBG IN DT dispersal of DT health NN probability VB DT victim vin NN CC DT incidence of incidence of,0
USR morbidity of NN,1
JJ of extent JJ NN,1
NNP NNS CC NN NN NN but selfreference VBD NN CC RB,1
USR NNP DT NN,1
JJ vin on NN IN PRP$ NN VBD feeling,0
vif you get morbidity CC get DT NN Temporalwindow DT NN vis that DT NN NN of DT locative MD vis,1
NNP NN IN NNP vis VBG DT NNS order NN NN HT Temporalwindow HT NNP HT NN HT treatment HT HT HT NNP HT NN xxxxx,0
IN Temporalwindow IN NN locative vis DT NN of JJ NNS HT Temporalwindow,0
NNP you treatment DT NN IN locative PRP$ treatment NNP NNP confirmation that NNP vis negator NN VBN NN xxxxx,0
negator negator NN,0
JJ order DT NNS vis JJ JJ NN NN NN NN vector NN this NN visp ability TO VB DT JJ NN xxxxx,1
NNP NNP NNP NNP NNPS of JJ NNS of Temporalwindow IN NN,0
selfreference have DT NN method VBD you VBP IN DT NN VBN VBN negator VBN vin PRP DT locative IN NNS xxxxx CC negator NNS HT NN HT ahla,0
USR NNP CC VBN IN DT NNP selfreference NNP NN,0
USR NNP morbidity CC negator,0
reduce CD NN vis,1
method JJ VBP you,0
NNP NN NN NN NN CC NNS vis extent NNS NNP CC extent morbidity vector NN agent WP xxxxx,0
NN DT NN agent vis JJ vin JJ CC environment NN PRP vis probability TO VB IN CD Temporalwindow CC JJR agency NN PRP VBZ NNP NNP Continuance NN body,0
NNP NNP NNS DT magnitude JJ of WDT NNP NNP NNP CC NN NN NNP NNP NNP NNP NNP NNP NNP NNP CC,0
NNP NNP USR this vis probability IN DT NNP of NNPS CC NN but WP selfreference VBP vis NN vin NNP people mortality IN DT body xxxxx,0
locative vis DT JJ NN of JJ NNS of DT Temporalwindow IN NN NN,0
NN vis negator JJ,0
USR NNP NN NN NN demographic VBP TO VB Temporalgen CC DT NN of DT NN CC JJ when DT NN VBZ IN just DT,0
USR DT environment NN NN CC environment VBZ possessive NN vin,0
DT Temporalwindow that have vispp VBN viw DT NN NN,0
morbidity of extent NN CC JJ,1
USR CD this CC diety VBZ DT JJ NN NNP NNP,1
locative vis DT NN of JJ NNS of Temporalwindow IN NN URL,0
vin this body selfreference VBP you people TO VB RB IN WP have DT environment NN RBR IN JJ relationships,0
USR NN WP VBZ CC VBZ VBN people vis JJ of VBG PRP causality PRP VBD PRP NN negator TO VB environment CC morbidity go RB CC go RB others VBD on JJ,0
NNP of DT,0
USR NNP Temporalwindow possessive NN NN VB DT,1
USR CD Temporalwindow possessive NN NN VB others have,1
NNP NNP USR NNP VB DT NN of DT NN on possessive NN CC possessive NN CC VBD VBG NNS WP visp DT NN of possessive NN IN NN possessive NNS,1
USR NNP NNP NNP NN but possessive NN VBN,0
NNP NN DT NN body CC body DT body,0
NNP NNP IN DT CD NNS others awareness WP others opinion visp VBG IN DT NN others VBP selfreference of CD Temporalwindow of JJ NN VBZ this xxxxx,1
USR NNP Commencement VBN CC Temporalwindow NN CC NN vis locative,0
NNP USR USR selfreference selfreference DT NN vin WDT DT frequency NN NN VBZ DT morbidity of NN RB IN selfreference viw diseasedescriptors,0
VB possessive people VBD DT body of JJ NN WDT vis JJ of,0
USR CC selfreference VBP selfreference CD Temporalwindow temporaladj selfreference awareness vis NN CC extent vulnerable diety vis PRP$,0
selfreference selfreference NN NN,1
USR NNP DT magnitude JJ NNS of PRP$ NN DT NN VBP negator VB NNP vin PRP$ locative VBZ DT NN NN JJ CC diseasedescriptors,0
selfreference feeling like selfreference visp VBG DT NN CC selfreference visp VBG viw possessive NN VBD like DT Commencement of DT NN IN DT RB,0
USR NNP selfreference magnitude VBD possessive NN IN PRP$ NN of,0
NNP VBP you opinion of DT NNP NN you VBP vin possessive NN DT health NN magnitude method,0
NNP USR CD RB vif DT victim vis JJ UH NN CC environment VBP PRP IN DT NN CC analysis of DT NN of CD vor CD of PRP$ NN vis negator extent xxxxx,0
USR CC diety NNP NNP IN DT NN selfreference VBD CD NNS RB CC CD NN vin possessive NN NNP on DT,0
NNP NN HT agency NNP HT NN USR NNP,0
NNP USR USR selfreference VBP DT NN of NNS IN DT NN CC PRP$ NN RB vif selfreference VBD on DT xxxxx NN CC NNP others VBD PRP xxxxx,0
advisory IN VBG NN NN,0
NNP,0
NNP preventive vis VBN IN NNP NNP NNP selfreference VBD DT NN CC VBD negator get JJ IN extent possessive comerederie visp morbidity viw,1
preventive PRP CC that locative you IN NN preventive HT NNP HT HT HT preventive,0
USR NNP NNP IN NNP VBP PRP have NNP environment CC NN CC DT NN NN CC VB CC VB CC MD vis VBN,0
NNP NNP selfreference VBP you IN DT magnitude NN CC NN CC MD VB DT JJ TO recovery selfreference CC VB selfreference viw NN CC NNS DT order Temporalwindow NN xxxxx,0
possessive order CD Temporalwindow of NN have vispp,0
extent NN VBZ NNP TO locative NN CC disability TO VB URL,1
NNP USR NNP NNP NNP NNS vor NN IN possessive NNP CC vif DT state vis JJ NN,0
NNP NNP SYM SYM NNP morbidity NN morbidity NN NN CC NN selfreference VBP demographic TO VB vif DT NN have VBN NN PRP MD have Continuance,0
NNP NNP order selfreference travel TO NNP selfreference VBD NN preventive CC negator NNP CC selfreference VBP nutrition but WP selfreference visp VBG DT NN locative possessive NN selfreference probability xxxxx,0
NNP NNP VBZ DT NN IN DT CD Temporalwindow DT NN locative CD of DT NN can have NN CC can get DT JJ NN xxxxx VB JJR xxxxx,0
USR NNP USR USR extent JJ NNS vis RB VBG DT selfreference have DT victim WP have DT JJ NN CC VB PRP xxxxx,0
morbidity VB NN VB NN VB RB morbidity UH selfreference VB vis TO,0
NNP NNP NNP NNP NNP NNP NNP NNP URL,1
USR NNP NNP NN morbidity selfreference,0
NNP NNP USR USR DT relationships on DT Temporalwindow DT NNPS VBP others VBP PRP mortality of NNP NNP NNP VBZ PRP RB NN xxxxx,1
CC NNP NNP CD Temporalwindow IN NNP,1
locative vis DT NN of JJ NNS of DT Temporalwindow IN NN,0
NNP vis locative you possessive relationships CC relationships xxxxx selfreference morbidity IN extent NN selfreference VBP IN negator immuneresponse CC selfreference opinion you calls IN recovery extent of you MD vis,0
DT diseasedescriptors NN NNS NNP TO DT NN of NN CC disability TO VB xxxxx URL,1
HT reports HT incidence diseasedescriptors NN VBZ DT NN of locative CC disability TO VB,1
NNP USR TO RB JJ vin DT NN vif you go TO DT NN NN give you DT NN NN vis DT JJS JJ xxxxx,1
morbidity CC NNP NN CC PRP$ morbidity NN morbidity CC PRP$ NN CC PRP$ NN you morbidity CC WP NNP emotionalsense of you CC VBZ you CC VBZ IN PRP morbidity CC VB TO vis CC morbidity,0
method magnitude Temporalwindow VBP selfreference have DT,1
USR USR WP VBZ this NN vis VBN vif you vis morbidity viw NN CC give you NNP treatment you,1
NNP diseasedescriptors NN VBZ DT NN of locative CC disability TO VB,0
USR NN xxxxx NNP vis DT order Temporalwindow selfreference,1
RB DT NN NN NNP VBZ negator get VB treatment of,1
USR NNP health,0
method JJ selfreference VBD NN NNP NNP NNP NNP NNP NNP NN VB NNP NN NN NN NNP NNP NNP NNP NNP NNP,1
JJ USR NN morbidity of NN NN DT JJ NN NN NNP CC NNP vis CD of DT VBG xxxxx,0
DT NN vis RB,0
USR selfreference JJ NNP NNP extent JJ but,1
NNS VBP DT vector NN have VBN agency DT NN of NNS PRP VBZ PRP have VBN NN of PRP$ NNS vin DT HT NN negator extent of,0
vif you awareness PRP visp DT NN NN MD,1
DT feeling that you vis recovery agency DT NN this feeling vis RB,0
HT HT CD NN NN VB NNP NN NNP NNP NNP NN NNP NNP NNP NNP NNP NNP NNP have DT NN VBN agency possessive,1
USR have DT NN,0
,1
