text,cat2
Italy records bird flu outbreaks and hundreds of thousands of deaths https://t.co/3igj3NJGDJ https://t.co/VNyo9TvwzT,1
" @jasmine_hasan @Jadalholic I do not know but I'm sure that the dogs would have had a flu, and I would have played with them, normal and far away",0
" @ Calcio_223 Talat

It is known to say flu vaccine",0
" @ RRAA1200 He said peace be upon him: Say good or silent
The men are sick and they have flu and all of them are in a hospital, and every one of them is simple to say ... https://t.co/vdIlWu7oD4",1
@a_f_alhusaini From the experience of what I caught with me every time I get flu and another time I tired three times,0
I feel in one of the reason Ali Mo reasonable Tony Mbsota Balwinkd only receive me flu https://t.co/2UaSSzLHW7,0
"Or play remains. Two years after you were infected with AIDS, you have been infected with AIDS. There is an appellation for biological warfare.",0
"I myself connect to a stage that I am able to send to a virus. I mean organic virus really. It means you get AIDS, for example, or even flu.",0
@ SaudiMOH937 @ ibrahimT83 @Mutib_Altamimi And God took it year to Tata and Jitni flu in my life Magtni a week and I am at Alfa ... https://t.co/HjI02CoGmd,0
Italy ...... record cases of outbreak of avian influenza virus and hundreds of thousands of deaths https://t.co/4Tqa2MtcXp # Health,1
"And God, I have been deprived of my current I am from the month of 7 until now, but I feel every day, flu, O cold cold, O people, breath, inflammation, so people are surprised,",1
"Please inform
(Pregnant women, cancer patients, heart, diabetes, etc.)
Go to the nearest health center to take vaccination
# Swine flu
Save ... https://t.co/LWZT8nZpAR",0
"What a flu, my love, not your time!",1
"Flu vaccination
Dr. Rita Fattal @ritafattal
# Vaccination # Inoculations # Vaccination # Flu # Immunity ... https://t.co/HtST5BAtg0",0
"Of my goals

1 - I learn to make eyelashes without the glue and glue my ears

2 - wearing lenses that are not infected with flu or 10 minutes",0
@ALNEMERK Is there a special flu vaccine for transplant patients?,0
"•
Italy reports outbreaks of bird flu virus and hundreds of thousands of deaths
.
12 October 2017
.
He said ... https://t.co/Xga1ixWzYc",1
I took the hospital and took a paper that I was allowed to leave today due to a severe flu. Dr. Was hesitant but I was convinced that it was difficult for him ... https://t.co/SONU6KTKMb,1
@Drkhenaizan Dr. Sultan now to take the vaccine Matjih flu after the command of God and restrict them right?,0
Italy records outbreaks of Avian Influenza Virus and hundreds of thousands of deaths https://t.co/yxi9NIR2Lb https://t.co/L2emRuE9Yr,1
@Mutib_Altamimi of the swine flu vaccine and its long-term risk! What do you think Dr.?,0
"@Mutib_Altamimi As far as I know, the flu vaccine consists of 3 types of fluo that are prevalent in the days of vaccination and often one ... https://t.co/gcuZW0lpcX",0
Bird flu virus to return to Italy https://t.co/iXXSaI7DYW,0
"I doubt that I have flu, I am able to breathe the uniforms of people and Daim in Sialan in Khashmi, do you see the flu!",0
@iiibbsa God gives you the hindsight I was suffering Shui flu and so and thank God I came back,0
"@Mbalmahasheer @SaudiLinks The largest companies are linked to the production of the preventive vaccine with the names of the largest leaders of the retired fighting,",0
"@Uso_lxx Khawati is then plain gypsum
And I'm a time Vinnie flu
Eddie was broken
Yet bring every day :(",0
"1. When the wars of pharmaceutical companies, avian influenza, swine flu, etc.
Who triggers these microbes to sell the suction ... https://t.co/yFsAMPS3dk",0
@ Badr_S55 are not all flu viruses,0
"My god, my conscience is dying today, but I'm soaked, and I have a flu and I have tested and I'm ashamed, my sisters are wearing their abayas, and I am sitting there ... https://t.co/kZaxNHcyaF",1
"# Ahram_Agricultural
New measures to tackle bird flu, foot-and-mouth disease .. Petrion: ""Success is conditional"" https://t.co/9HKHjr7PbK",0
" @tfrabiah
I wish you my brother Tawfiq to send health issues in every region to seasonal flu swings of staff with doctors facilitate them if you kindly,",0
Influenza is a serious period.,0
"####################
My mother Shafeh that any fatigue Bejili because of my mobile
If I have a flu, I'm going to have a mobile phone",0
 @sareza_Q possible flu sharp,0
@ osha_034 Any and all of us are flu mass fatigue,1
" @ shawgh97 @ 1561411Lol True, but they are very serious subject .. And where is Shi ... In the name of Praise be to Allah, if the flu is insults, God willing ... https://t.co/suTHfh5TUK",0
"Madame Nahi al-Sokhna !! .. Come on then the flu and no
Sama Al Massri !!
What a beautiful face!
Ah.",0
The fall of the Fallujah I seek refuge in God,0
@Mutib_Altamimi before the year of the cold season get the flu I expected the last day of my life Shi Mo natural first tired this tired,0
"Saad has the flu and the heat and difficult to improve it quickly gave him a chance to decorate his health and follow the Sunnahs Ahshshi, God bless him ... https://t.co/AngNzGjQhi",1
@BoodyGabr @ahmedelsaka_ مش عارف .. بس Thread ببحثو فيه .. جايز تكون انفلونا ولا حاجة .. User Name Remember Me?,0
@ AlfahaQ8 old from the time they said that with him flu and people understood the error Haha,1
@ SarooNa1977 answers the swine flu,0
"So do not go to hospital if you have a flu or a liver disease or stroke, read the Koran and salvation
Do not take medication https://t.co/sjA7KbBnFD",0
@ KSA24 Vaccination is the disease of all the most serious influenza and the advice of a pharmacist to take it only to the flu and dermatitis ... https://t.co/a24mwrN1PV,0
"@arabqoute sleepy, idle, flu.",1
"Stuffed my memory
B (absence)

My memories are infected
B-Flu (the market)

Came to where?
How to bk how (traveled)?!

# Faten_blan
# Faten",0
Diffuse flu !!! ?? ☹️,1
It is clear that the flu in the country,1
"My sister is strange, why do not have a test to rejoice once and excited once, and entered on me and said to me Btjha influenza, O group was once joy and laughter? Hi ......",0
"New swine flu infection in the hospital

And other bird flu

#Doma_Gendel needs administrative filtering",0
"I have signs of flu that hit me Dr
When can I take the vaccine after approximately https://t.co/3QfDiwouMC?",0
"@ asdfzxccv1 @ without8mind @ failed_99 I know about it if you have allergies, you will have a hala, and God knows best .. I love the needles ... https://t.co/tSK43BxKLN",0
@ KSA24 of our age and we have Tgina flu .. Sheno means Maybona we get sick !!,0
"Winter without the flu!
Watch the French National Campaign to get the flu vaccine now .... https://t.co/x91mA7fVbZ",0
Hello flu,1
Before Shui I went to the hospital with me flu The nurse said the spirit of a dispensary returned to the employee told me what we receive cold cases important Kufi felt as fatigue,0
"No one gave you a BOSS!
When you get # flu and your pet gets paid!",0
"I drink fluids of cool daffy color shapes .. they are all the same taste!
# Flu has ended on me",1
"I'm a donkey if I took a vaccination 2 times
 No flu without measles without watermelon O.o",0
 @amanyabdelrehem beige influenza and pod,0
I have a new swine flu virus and the collagen remains integrated,1
@ ro_1413_ startling flu flu,1
"This user went to a clinic and take the needle of flu and ask for a sugar machine and said Maaandna and contact the Ministry of Health and said you have a device
I do not look like you",0
"Immunization vaccination, a week later and a flu strain.",1
@ alshaeb_90 I expect Vic the flu,0
"It's time to take the flu vaccine for you and your family over 6 months. The goal is to prevent dangerous pneumonia, which kills large numbers of people worldwide every winter.",0
The love flu ..,0
@_roumiya people are all flu,1
God is hiding from the flu wave ..,1
@ tjmal_q8 @ SarooNa1977 No to me from above ten in 15 seconds this swine flu,1
One Watsap Warning Warning for Avian Influenza ????? https://t.co/5Mph9ynVpt,1
"@ _2lol God delivers you, flu transient",0
One man prevented his wife visit Ahlaqal: Khayyf of bird flu! His wife said: But Ahly Maaandhm for the legs and legends and Laasafird them Kalamj true but Mum Boumh,0
The person who has a mop is not clogged and does not have flu,0
@al_wisal @OmaniMOH The flu has hit us for another month,1
@dtalharbi @ saltamimi5 @ abdulrahmanal36 Vaccination is very important especially as it contains H1N1 flu vaccination,0
Tips for preventing swine flu https://t.co/Q73SpSQHWI,0
"Fall flu ...
Something that tells you that God appoints children",1
@ SarooNa1977 Avian flu is no talk,1
"4 of my friends are getting out of the house today, I feel a sense of joy and I am bored with them, and I have a fever / flu, and I am lying in bed with my parents.",1
@BinBarrak_ Take you medicine as you lighten up and develop a new flu season,0
"✔️ Ginger ...
Cures colds, flu
It is a powerful and effective dwelling
Contains anti-inflammatory properties
Struggling cell growth ... https://t.co/FkfFOebxPB",1
"It's time to take the flu vaccine for you and your family over 6 months. The goal is to prevent dangerous pneumonia, which kills large numbers of people worldwide every winter.",1
"#flu
# Your health

Coping with seasonal diseases .. https://t.co/x4v9wFqfjY",0
@ hoos277 @coach_barca J Men and God I have the flu and the 8 o'clock I have a test and Saher Alshan Messi,0
Tony becomes aware of the flu and responds to him once again,1
If Jatly flu has not completed my life,0
"Strepsils and Zaqara, what I expect in one of the others before me. I hope to see what he is doing and what I'm going to do on the flu.",0
"If you have the necessary flu, we have a surgical procedure where the lungs will be removed immediately",0
 @ 3Almojil Vic flu?,0
Almost the World Cup J and our mountain with it flu to the text of the country of Russia.,0
@ u25__ his flu animal ☹,0
"# Najran_now
When Zanzana swine flu disease followed by several diseases on the same melody
The disease reminded me of the new Phenomenon, which most of the diwaniyas offer",0
"@ 16_rraazzz @ thishe85 you see so is a writer Malish on the piece everything is full tired light, God willing, make good
We wish you all the best ... https://t.co/FpRP5FrMqZ",0
How do I know that I am a pharmacist and every person who takes antibiotics and no medicine is literally on the flu and no zigzag or something that makes my chest and chests narrower.,0
"@ soso__2030__ The day you go back to the spiders McCann Pine it's flu, God makes it good",0
@ thishe85 Wax strange fatigue whose lips are repeated see all people if they become weak immunity can fatigue with him flu and the symptoms of urination ... https://t.co/hDe2VJWkA6,0
The base of my own and smell the smell of Fx and limited around me .. Where is O Kadan? What do you get if you are not a natural person?,0
@nadia_almobark Cure her mistreatment .. Fall flu,1
@ zezoy9 can start flu,0
@ tz93n u flu?,0
@SaudiMOH @moe_gov_sa Are there flu vaccinations in care centers?,0
"""Zoran Mamic"" eye coach
Infected with ""severe flu"" This led to his absence from the exercise of the team almost three days .. ... https://t.co/gfUUaGpF6n",1
@OmaniMOH @Mohsin__YY There are frequent reports of the spread of H1N1 flu in this period and warnings are circulating that children should be vaccinated ... https://t.co/o3ykGjgPNx,0
@OmaniMOH The frequency of the H1N1 flu is reported in this period and warnings are being issued that the vaccine should be taken for children and the elderly ... https://t.co/bqdpigDLQA,0
"@AlNassrFC to turn and power only God exercises, injuries and even Hawlac flu Matjihm",0
"@alanoodhuneity @Talal_Fanash God delivers you. The second day of the same day and the same symptoms, the dktherr took biopsies and suspected the victims and ... https://t.co/Nkh0bfu4QK",0
"# Saudi Arabia_Gana
 Muslims say to FIFA our team is infected with flu and left Syria playing in our place in the World Cup",1
Then separated by a promise in Twitter # flu_da'aya # شيرين_في_الرياض,0
"Nine Questions About # Vaccination For Flu
#flu
https://t.co/fKElsUpgmm https://t.co/XM73PRZz55",0
"@ rakan14505 Wabakak, Praise be to Allah flu, my Lord makes it light and cool on me and on the Muslims Oh Amen",0
@ Heel6alal I have flu,1
@dinaztweets do not start the flu,0
Start flu + start tests = start loading materials,1
Suddenly the flu ... without any pave ... my Lord relieved me and gave me the blessing of health,1
@ abo_azz12 Peace be upon you. May not be nominated and not flu. It is advisable to consult your doctor and postpone it for a week,0
@ Muslima75 seasonal flu be heavy this time,1
"Special dispensaries.
There are exaggerations in the prices of how to feed a person and he has a flu cost of 500 riyals ... the value of the feeder in the pharmacy
B 7 SAR .......",0
Vinnie flu and sat down drink a drink of my calf I'm good Dakht and the temperature rose I mean cold sincerity hurts ???,1
@ Below19 Fashinstat in Kuwait is more than natural swine flu ..,0
@ abu_d7mi Definitely pious God willing of the flu It is if Jet descends on rust and causes pneumonia and protects against swine flu,0
And God has completed the number of times I get the flu in the year and participate in the Guinness book .. Your calls to me to succeed,0
Seasonal flu vaccine https://t.co/roC4ynO1sj,0
"From you and me, I have a clear flu flu",1
@ mt3b_ft9 Influenza,1
"He launched the seasonal influenza campaign in health affairs in Tabouk
Dr. Gharmallah Al - Ghamdi
Under the supervision of Al Hamra Health Center https://t.co/2RXYtoPGIB",0
"Twitter has almost died of flu, although it is getting closer to the flu",0
"good morning

I apologized yesterday for makin with you at night for the flu on a stale idle

Now we are following my recommendations",1
@ _ahaaa73 This is an electronic war and no flu,0
 @ me_maryam88 But he answered the cough and not all people have flu,0
@ Alsakti1417 flu,1
The 280-character dialogue is all that I think I feel in my heart as if I felt that I was on the day of vaccinations and preferred the length of the year I have flu because of the absence day,1
What has grown only three hours: What I ate only ice cream and chicken from yesterday afternoon.,0
Flu Halchetti ..,0
"Vaccination ..
#flu
Available in all primary health care centers. https://t.co/Y0KmY5kSBT",0
@ abuGala90 @ _ahaaa73 mean Maad Tjik flu?,0
Are they signs of flu? Are there precautionary and defensive measures to counter hostile viruses before they penetrate?,0
Halftrh advise you to stay away from them in which flu more than bad companions,0
7 herbal drinks away from the fall and winter flu https://t.co/HuuUOwWYuq,0
"The whole world shaped them
 Flu Hour",0
@ mnoosh0071 Influenza taking its time and right from you .. God heal you and raise you and my little girl ..,0
flu,1
"@AlNassrFC easier job world P doctor in the club that, J man even flu what they find",0
"Love of the homeland and loyalty to him is not a seasonal flu and fashion has a time and time and Etiquette has a suitable place.
Love your home length your time and your age.
Mob Shi according to your mood and your interest",0
@omitgol_ with black pepper and God rest in the throat of the day I drank the soup and two well known burns for no flu,1
This time all the people in them flu,1
@ 3lomcom myself disease this flu mo to be disappointed,0
@ Look_92 pockets of nose mo flu is thought to benefit ginger ☹️,0
"@waseem_yousef The best is not to ask about your classification you have the peoples ..
I think the flu causes you to become a victim",0
@ so0oni @ Bibes11 da Asmu flu disease,0
"Gram flu - the electronic journal
https://t.co/X1c6pz53G0
By author / Amal Shamroukh
@amalalshamroukh",0
"In total, the virus acts as a cow flu
The chicken will kill bird flu
And the fish is refreshed, because the sea is full of waste",0
The flu of the late player Finnnni play for the devil what is the disease and the cause of this white blood cells have double,0
Tips for preventing swine flu https://t.co/Q73SpSQHWI,0
Halperth advise you to move away from them in which flu more than bad companions ..,0
Symptoms of Avian Influenza https://t.co/F00bssi99J,0
@mdrjalnassr for God's sake and wow in to our disadvantage and that club even the Matjam flu,0
Here is an antibiotic of natural components of a winter without influenza https://t.co/PpEoG4hnCg,0
"@MD_ALMANSI This week, the mother suffers from severe joint pain and a sore throat. He knows he might get the flu a week ago.",1
@ healthtabuk1 Al-Hamra dispensary have no flu vaccination ?!,0
"• Bonaventura is ready for the derby, who has been suffering from several days of flu but recovered completely and participated yesterday in the friendly",1
Recipe reminds me of the average days when swine flu spread,0
"@ Msha3el_Z crown health on the heads of healthy

Actually, if you know flu, you know the value of wellness",0
@ Toumash2010 Keda Hejdou flu,0
@OmaniMOH How true is the news that there are cases of swine flu spread during the period of news is conducted through social networking sites,1
"Al-Jalameed Dispensary Clinic from 8:00 am
3 patients are waiting
Patient pressure
Born suffering from abdominal pain
I'm flu
I go to the dispensary and to the offices",1
Flu .. Flu .. and Hsa nominated,1
Antibiotics of normal components of winter without influenza https://t.co/UAsqUe92pN # Health & family https://t.co/90o52uO431,0
@ xoii_0 Dheen enter the children in the flu,0
@ _maliik96 Why do not you take the needle of the flu?,0
The role of cold or flu,0
First flu prize in winter 2017.,0
"@JU5T0NE What I love the hospital and after two flu, Salvatni if ​​I did not take what Btrouh",0
"Be patient, O flu, enter the winter of the saints, God takes you",0
 @ fahd_1_1_11 In this picture is not the vaccination dose in the health centers and it is not vaccinated flu please be sure before publishing to you best greetings,0
And we stayed the generation that took 6 primary and took avian flu and swine flu and attended the Arab Spring and Shaf Egypt Reiha World Cup,0
"Why do not you get the flu and are you taking the vaccine?
Which people are important to take the vaccine?
#Video Today https://t.co/tsBgPCFMzi",0
"Two weeks, I resist the sin of salvation. I succumbed to you, O flu",1
"Praise be to Allah. Praise be to God. Blessed and not consolation to the sheep, O Lord.",0
"The first time we unite the birth of the swine flu hour
In itself an achievement for Salah",0
 @ Sak 4 dd @ habs_12 @ بضوئخض @ يق 10 وث @ الكيثيريح 4 @ البادرياني 112288 @ الحزينحح @ فجسءصضط 4 @ ككسسعوخكسكس @ ورجلان ... هتبس: // ط.كه / حجهجصطف,0
@ BJm6aYOBWYnqWg1 Mia Good Rouge Give me a bosha and a haki Bousa Ada Jattk Khalia in your heart you have what to chew the cans The door hits her for a flu-controlled hobby,0
"O Lord, Shalabi will have a swine flu",0
My brother entered the room of my room says the smell of flu and God this new information Tony Edri flu has a smell,0
@suhib_ayyad rain flu haha,0
"I get flu and fever to the point that if I hear a voice or open my eyes, I want to get out of it. Or is it because life is disgusting?",1
Zaman Magtni flu is so estimated to raise Rasi Madri Adoum Bakra and not Lai!,0
"Usually sleep for Morocco, but unfortunately: A three things bad and worse start of flu and the rest of the rest of God may God bless them and victory",0
"@iwver flu sharp, ok you are so ginger and boiled boiled and claimed me",0
If they get sick or they know that! Even if the flu see them,0
Tips for preventing swine flu https://t.co/Q73SpSQHWI,0
"It is Mnfcch take the role of flu is not what makes me hot!
And is it a package on some ??",0
I remembered my brother Walid days of the swine flu was coming every day so it increases the sale of the seller of the sterilized right and not all the diameter of the blood of God is pleased https://t.co/4wMNnn4twB,0
@ p4tchy flu fluidity and the need for all everything,0
@OmaniMOH What is the health of what is circulating about the spread of a strong flu may make the patient in coma and the presence of cases of death,1
@terasaleeb symptoms of swine flu,1
Tired of severe national flu 100%,1
"@Salehbaluch colds and flu flu normal, but I heard mortality and so on",1
@ F6ma_Baluch any flu but?,0
Formal in on flu for her religion settled - feeling sick,1
"If you get sick and get the flu, then the reason is that the air conditioning of the college will be free",0
"A team from Oxford is testing the world's first flu vaccine

# Morning # Sharjah # Flu # Treatment # Serum # Oxford # Health ... https://t.co/BHxD4T1vKP",0
For winter without flu .. Here is an antibiotic of natural ingredients # days https://t.co/ew4HoUHw4d,0
"So you treat the flu at home - her - doctor Cindy Kermott confirmed that ""there is no disease called flu ... https://t.co/YfTgU9RX74",0
No no flu no,1
"@ro_jalal after the diseases are protected.
mad cow disease
Swine flu
Bird flu
This idiot was able to make a personal effort ... https://t.co/9H0PMi70uw",0
UAE News: https: //t.co/Upal8GD97e Antibiotics of normal components of winter without influenza https://t.co/1Y3jsSCooE,0
"I have a daughter
How did you arrive? From the hustle

Injured wounded .. not left in it
A place for swords ... and no arrows

# Flu # kosh_a_ahla",0
@ Ma1ak_1000 And lost without the Mknkain us Mnbgai flu Hahahahah,0
@kingmlks littney headache and no flu,1
Fall 2017 influenza is not,0
How much do you hate?,0
"For example, adaptations, televisions, screens, and computers are all examples
""Table""
And all boil
Bird Flu Virus What ... https://t.co/W1D85kkbfG",0
"*Information
The flu virus is soaked in dry and cold air
It is possible to live for two weeks and more by plane
it causes:
Flu, colds, continuous diarrhea, skin problems",0
"Facts: Common Diseases

The most important of which are: Corona, avian and swine flu, SARS, Rift Valley Fever, Maltese Fever, Leishmaniasis, Rabies and others.",0
"@ _kiixii1 @JoudMarrar This is possible for the jaibinha of Africans and famine, but what we say is mafia ..
In Africa people die from the nose ... https://t.co/XZaoDxG2JJ",0
Here is a vital antibiotic of normal components of a winter without flu https://t.co/xkdQt6M4Dg https://t.co/114di52OcU,0
Flu is not welcome https://t.co/45uwzuJBW5,0
@ alijabir1212 Strength P endurance women bear to bear months and the birth of a parenting and tired while a man falls from just a flu,0
@Shimaa79257804 The cold serum flu and cold exists my bucket in Egypt,0
A day that has been filled with the flu virus. Https://t.co/52RCiGLXdX,1
Signs of severe influenza and other things,1
@ alnadr_56 This and God knows the new disease Asmu (flu girls).,0
Here is an antibiotic of normal components of winter without flu - https://t.co/9QP37fy2wH https://t.co/pptWggdY6T,0
"In this period I advise you guys to stay away from who has a cold ""flu"" more than bad friends ..",0
@ALNEMERK Everyone who knows and takes vaccinated public is deprived of taking it because it caused them flu not to break heat and fever go back and go back they relied on natural things,0
Lord of the flu,1
@ ImRainbow2 yesterday his support team say the flu,1
@ huuor77 yesterday his support team say he has flu,1
"@ dvilla_7751 @kuwiiiit Lamacent match the heart of the ruling on his father and his exile and died conquering means who was the cause of his death, for example, his wounds mean?",0
@ AS37x_ Lala Finney flu but his money filled !!,0
"#Flour_Freedom
Tear the eye, ear and nose
The throat closes",1
"@ AbeeRavenClaw So the two verses they knew what they thought were looking for an explanation, they remind me of one day of avian flu, says this ... https://t.co/X3HaoWaHwZ",0
@ DanaEssam98 start filtered and then flu and peace be upon you,0
"@ALNEMERK @fawazalshammari @Barjasbh I am a muffler in which an annual flu needle reduces the symptoms of injury, especially for me with chronic diseases",0
"Officially, his children entered a period of free response, which is free of flu",0
" @ALMISNID and I tell me two days later I know is flu and only allergic
God is our eyes",1
Am I swine flu? https://t.co/ZM3uXn7KMR,0
@ _999O_ The most important tricks of your waste every day? Do not look Khalk in your place sees the swine flu dangerous and infectious !!,0
"I felt like I was wearing a toothpick and I was sitting with my cheek, shaped like the beginning of a flu for a very sample",0
 @ _m3and I once mourned my mother for her flu of joy,0
"What do you think of the Hallyomine flu? You see, in my opinion, a strong man once how so?",0
"@bawardik @ abofahaad0 Actually if the patient is sick, yes flu and cold ask him for the radiation and analysis of the fulfillment of four or five of our right is not all ... https://t.co/8t1kELm8p8",0
@Barjasbh and God Yabo Hammoud from the experience I took two years ago and two flu in my life Mamer on the same,0
"Avian influenza
# By Awad_Amari
#Al-Watan Newspaper
@awadoooof
https://t.co/s0hqVJ3OBe https://t.co/sJZC63YxhC",0
"@ALNEMERK @XxXOnOxX @ahmed_alaqeel I notice a lot of questions about the advancement and its damage, even if we focused on the ... ..Tag / Dr. He mentioned it ... https://t.co/ZvtMvlHLs1",0
Tips for preventing swine flu https://t.co/Q73SpSQHWI,0
Avian influenza.,1
"@Barjasbh Vaccination is required for Hajj missions. Thankfully, I finished the task and did not get sick, although all my colleagues were infected with influenza",0
"Protect yourself and those around you from flu vaccination
# Jaha # Influenza # Vaccination https://t.co/lAndSvcip6",0
@ aser1525 Ques de Rizk pharmacists. It has Panadol Cold & Flu and the flu group and Fix and Live and will be built live,0
"O God, I ask you from the great kindness and generosity and will leave the beautiful to heal me and provide me with health and wellness.

The fourth day - flu, ... https://t.co/4B1CB4aPpj",0
Their last two weeks of flu have been treated,1
Severe influenza commits Mimi to bed beauty and inability to speak https://t.co/8HqBU8ALnN https://t.co/V43hLou2r0,0
"@TheOnlyJuu @ M_T1313 Khudu echinacea capsules or drink, from my delta and if the situation is difficult vaccine flu",0
"# Strongest_women_women
.
.
Mafi weak female '
Suffering pregnancy, childbirth and menstruation I challenge men to bear!
If the flu had given way, it would have returned
.",0
"@ EyadZein90 Before I travel to Italy I took flu vaccination and not Vadni and I take vitamins
But what I was wearing a shawl around my neck I expect ... https://t.co/xs05C7bnNZ",0
"@sabqorg Allah clears the distance between the two during the peace, where one of the staff can have flu and can get a long life ... Read more ... https://t.co/EwxsJr8ckX",0
@ live2urmind @HHakeam @AlyaaGad Some little pharmacists are actually doing this. I have a patient who has an anticholinergic diagnosis and ask him ... https://t.co/9C02JVvu7P,0
"Headache + flu + flu + back pain = I
Praise be to Allaah",1
"Al-Watan Online ::: Awad Al-Amri ::: Influenza Al-Dhaban https://t.co/CkZ564n8AR
@awadoooof",0
@OnIyMoh Wan Mani flu sick I am,1
"@ mahh991 @LadyAhlam @Dhahi_Khalfan A brother on the day the Emirates say they see them dying of snorkel. Tariq UAE answers them allergy, eczema ... https://t.co/a3F8sWmZdf",1
And Shahlnom Abu 4 Hours Cause Flu? https://t.co/WDXwqH04Lk,0
Here is an antibiotic of normal components of a winter without flu https://t.co/sssAB9v0f5,0
"Peace be upon you my brothers and sisters ...
I suffer from severe flu I apologize for not responding and I hope you pray for healing ..
All of you will be answered.",1
The acute flu binds Mimi to the beauty of bedding and inability to speak ... https: //t.co/9gBMnDmJIA,1
# News # Sporadic acute influenza necessitates the beauty of bed and inability to speak https://t.co/AkRxSdZNhT,1
"@Hakeam @AlyaaGad to very dinatelshal in the counter if you go to the pharmacist flu gave you an antidote
Dentist is the simplest anti-inflammatory
... https://t.co/a1ti2Cc2od",0
"Sleep and Vaiak flu and your temperature high, sleep and your heart and your broken, you sleep and what Weyak afraid of you and loves you and cares for you, sleep and wish to be and weak one.",1
How many days do I have a flu?,1
@Prestige__ @LaughWithMedia What does this mean is meant if you are infected with influenza and give you Abra relieve you fatigue,0
"The acute flu necessitates the beauty of bed and inability to speak
https://t.co/H7peIuErS6",1
@pixiivloilte flu !!! Ash is the last time I heard,1
Apparently the swine flu H1N1 does not receive .. Take care of them.,0
@ 2LiiPUcrxyyTxbR strong flu,1
How much I hated him. . عندمآ يصآب كل شخص أحبهه User Name Remember Me? Password FAQ Calendar Mark Forums Read ♥ ب أنفلونزآ [Change],0
"@lazurde_injoy @kxxlxxd withdrawal symptoms of glucose deficiency
The so-called flu error
Potassium and magnesium are two of the leading ... https://t.co/PJbNWteA3N",0
The flu is very severe,1
@ i_ll7 Evil Maigick Maffini only good but flu,0
"Let's say the bird flu has swept through the flock of chickens it owns !!
It has lost part of its assets in the # investments, not all of them",1
If you knew it was a vacuum cleaner: 'D https://t.co/rBLOCFAkJC,0
The feeling that you are defeated by the flu; this feeling is very harsh.,1
# زد_رصيدك 4 User Name Remember Me? Password FAQ Members List Calendar Mark Forums Read محترف محسن شاعرنا تعبان has a flu caused by his absence,0
@_biiiv has a flu patient,1
