text,cat2
frequency NN extent advisory IN preventive PRP,0
NNP USR USR USR NNP Temporalwindow DT JJ NN vin CD DT NNS of DT NN NN,0
method TO follow DT HT incidence of NN vin NNP DT NNP NN URL agency,0
DT NN VBD DT NN HT HT HT,0
NNP NNP PRP vis NNP UH on DT JJ NN DT JJ NN PRP must have DT NN PRP VBZ vin Temporalwindow,1
PRP VBP CD Temporalwindow selfreference have DT JJ NN NN CD of morbidity CC extent MD VB DT selfreference VBP negator RB VB,1
selfreference CC NNP have DT NN IN DT JJ Temporalwindow,1
USR selfreference opinion selfreference have DT,1
VBD DT order CD VBG Temporalgen viw possessive NN selfreference VBP of JJ JJ expletive comerederie viw expletive NN,1
JJ NN of JJ NN NN,1
possessive body morbidity vis VBG RB HT NN,1
USR selfreference have morbidity NN like NN selfreference have NN NNS CC JJ morbidity NNP UH UH,1
NNP,1
vis IN locative selfreference MD VB health NN,0
MD you get JJ,0
NNS of USR TO calls NN NN NN of NNP IN NNP WP have DT NNP NN VBZ USR HT,0
NNP have TO VB TO NNP NNP NNP NNP MD negator have TO have NN vor NN NN HT HT,0
PRP VBZ selfreference when selfreference VBD DT NN IN JJ NN vin NNP this vis DT body when selfreference VBD DT magnitude magnitude,0
NNP you vis JJ JJ VB DT JJ quantisation of DT NN NN NN that have negator vispp,0
NNP USR IN DT magnitude JJ JJ MD VB VBG DT Continuance NN MD negator have DT NN negator DT NN selfreference MD vis,0
DT JJ NN agent NNP vis diseasedescriptors CC JJ vin NN NNS,0
NNP obligative IN you have DT NN WP VBZ NN selfreference method TO VB PRP TO VB others VBP VBG DT NN Temporalwindow others VBZ vin DT,1
NNP negator have DT NN vor DT NNP NNP NNP on DT NN IN PRP MD vis VBN like,0
JJ NNS have DT composition NN,0
DT JJ NN NN locative NNP NNP NNP NNP NNP NNP vis IN NN,0
HT NN preventive NN VBZ NNP CD URL HT NNP HT,0
USR PRP VBZ but vif selfreference have VBN DT NN TO NN PRP probability negator obligative IN,0
USR NNP MD negator have NN vor NNS on NNP CD,0
NNP selfreference MD have TO VB locative selfreference MD negator have DT NN negator DT,0
NNP NNP Temporalgen CD MD negator have NN vor NN extent USR test vis VBG RB HT NN NN,0
USR PRP MD negator vis need TO have DT NN vor DT,0
NNP NNP NNP VBP go TO have TO VB NN VBP negator get DT NN when VBP go VB negator DT NNP NNP,0
VBP negator VB DT JJ DT JJ NNS responsibility IN PRP$ HT environment CC HT NN vis NNS CC agent that VBP,0
NNP extent NNP MD VB JJ NN PRP MD negator have DT NN UH HT CC PRP$ NN of NNS,0
Temporalwindow of expletive RB Temporalwindow NNP selfreference have NN,1
MD you get JJ,0
USR VBP negator selfreference VBP selfreference VBP RBR CC RBR JJ CD NNS VBP CD PRP$ NN MD vis JJ gratitude you DT healthfacility WP vin vin,0
NNP NNP JJ NNS negator DT NN USR,0
selfreference VBP IN DT Temporalwindow when get VBN IN DT NN VBZ DT JJ NN,0
USR CD vor negator need TO VB PRP vin emotionalsense that PRP VBZ negator VB DT,0
NNP selfreference selfreference DT NN selfreference must VB IN possessive NN that selfreference have negator JJR NN TO VB NN IN IN,0
selfreference RB opinion that DT NN MD give selfreference DT JJ,0
NNP NNS WRB selfreference can NNP NNP NN of DT NNP NN NN incidence VBG of NNP NNP IN,1
UH negator but you have TO ending viw DT NNS VBZ magnitude selfreference VBP NN NN but DT NN vis JJ,0
NNP vis that DT NN IN NN vis go TO vis JJ CD mortality IN NN NNP CD mortality IN,0
HT Continuance of DT NN VBZ DT NN that Continuance causality of JJ DT biologicalsubstance NN,0
USR NNP viw DT NN of DT NNP NNP NNP visp morbidity CD Temporalwindow viw CD of morbidity morbidity VBZ DT JJ of VBG,1
NNP JJ NNP of NNP NN vis VBN IN DT NN CC VBZ IN NNP VBZ VBZ,0
selfreference awareness JJR vif selfreference have DT NN vor vif PRP visp IN NNP this NN NN,0
NNP HT VBP PRP odor DT NN HT HT,0
selfreference have DT NN VBP,1
vif you have DT NN treatment you RB agency DT JJ JJ NNP possessive NN NNP NNP,0
NNP NNP USR CC UH people have VBN PRP RB JJ that VBZ extent possessive NN PRP vis JJ JJ,0
NNP visp possessive NNP NNP WP give selfreference DT NN NN others RB VBP others VBD selfreference vin vin,0
selfreference have DT NN IN CD locative NNP,1
RB possessive NN NN WP VBD selfreference vin DT NN causality selfreference VBD PRP DT JJ NN CC that selfreference visp negator locative DT Temporalwindow others,0
gratitude IN DT NN MD VBZ selfreference VB on DT NNS vin DT,1
USR negator VB you awareness DT NN can VB like that CC Temporalwindow PRP vis extent DT,0
USR DT NN get you possessive relationships,1
selfreference VBP DT locative vin locative NNP TO VB morbidity NN others vis JJ IN DT Temporalwindow Temporalwindow,0
USR NNP VB you get DT,0
but selfreference IN obligative PRP VBZ JJ NN NN VBZ DT NN like JJ NN JJ NN PRP VBZ selfreference DT,0
USR RB RB VBN but NNP VB DT NN,0
HT CD JJ NN of HT JJ NN agent can VB DT HT locative pereniality VBG TO NNS NNS,0
PRP vis RB that UH but UH NNP mortality DT possessive NN vis JJ,1
selfreference opinion MB ending up VBG JJ frequency vin NN VBP apologetic but IN CD NN NN selfreference VBP JJR NNS viw,0
PRP VBZ like NN go TO mortality but VBP opinion VBZ JJ VBZ just DT NN vor DT NN like PRP$,1
vis NN TO DT NN,0
NNS but UH selfreference have DT NN of NN CC Temporalwindow VB PRP negator DT NN that MD ending NN,0
NNP HT NN IN HT NN NNP VBZ RB DT NN NN of DT JJ,0
frequency NN extent advisory TO preventive IN DT Commencement of Temporalwindow RB VBZ viw DT Temporalwindow of of of,0
NNP NNS DT NN of DT NN on DT Temporalwindow of DT JJ NN on DT NN IN CD TO CD NNP others VBZ selfreference DT NN,0
USR selfreference VBP DT NNP,0
USR vin NN you MD VB DT NN,0
USR USR USR Temporalwindow DT JJ NN IN NNS CC NN Temporalwindow DT NN NN,0
NNP USR NNP USR USR NNP USR USR NNP USR you VBP DT NNP CC NN NN,0
USR you just DT body VBP you negator,0
NNP DT,0
UH NNP VBD DT,0
NNP selfreference sympathy viw NN NN you have negator NN DT NN when DT NNP VBZ DT NN NN NN VBZ,0
selfreference have possessive body VBN causality of possessive NN VBZ JJ possessive,1
USR RB others VBD PRP up VBP opinion DT Temporalwindow when others VBP DT people CC CC,0
reduce PRP$ NNS NN Predisposition CC reduce DT Predisposition of NN vin PRP$ people USR NN USR,0
selfreference awareness DT NN NNS that VBP you TO locative NN CD Temporalwindow selfreference,0
method TO monitor DT NN incidence vin NNP DT NNP NN,0
NNP VBN IN DT NN gratitude you possessive NN,0
IN CD NNP NNP preventive NN,0
USR negator VBZ DT JJ,1
NNP NNP IN DT NNS on NN vis JJ but VBZ NN selfreference JJ possessive NN CC NNP selfreference vis vis,1
VBG JJ viw DT NN CC PRP$ NNS vis JJ of JJ,1
selfreference opinion Temporalwindow selfreference MD VB DT,0
USR USR VB IN possessive NN VBP that selfreference have DT NN CC selfreference VBP like DT NN,1
NN preventive NN VBZ on NNP CD NNP,0
IN CD NNP NNP preventive NN,0
USR NNP selfreference VBP you affection NNP SYM VBZ IN you RB,0
vin NNP CC NNP NNP NNS NN IN DT NN,0
NNP CD NNS viw JJ NNS that VBP NNP URL agency,0
MD you get JJ,0
possessive NN vis go TO mortality selfreference others VBP DT NN CC NNP,1
NNP selfreference VBP that selfreference have negator awareness that selfreference can vis JJ NN of DT NN but vis DT health agent agent,0
NNP DT NN,1
DT NN can VB you,0
on DT JJ NN when VBG NNS others VBZ up extent VBG DT NN CC VBZ RB RB IN TO VB vin DT NN WP VBD,0
VB WP NN TO have DT NN DT Temporalwindow order DT,1
analysis vis you JJ TO get DT NN treatment IN PRP$ NN give selfreference PRP$ NN vin vin,0
VBP negator VB NN order Temporalwindow of preventive Temporalwindow HT NN IN NN vin DT NN of NNP NNP,0
on possessive NN CC on possessive bodyfunction NN CC WP VBP TO expletive selfreference TO DT magnitude JJ NN VBZ NN extent that IN DT,0
selfreference go TO DT NN TO VB IN DT NN IN DT NN have CD NNS on possessive government selfreference opinion NNP NNP,0
USR USR selfreference can negator PRP vis JJ vif NN TO VB DT NN NN NN RB negator JJ PRP,0
frequency NNP CD advisory TO preventive PRP URL,0
possessive NN VBZ VBG DT NN CC DT NN follow DT NN CC NN RB JJ NN CC biologicalsubstance NN selfreference selfreference,1
USR DT JJ advisory IN DT NN extent you get viw PRP$ NN vis that DT DT,0
VBP VBN IN DT,1
NN vis worsen IN,1
NNP NN NN NN DT JJ NN agency NNP NNP URL agency,0
VB DT JJ treatment NN IN DT NN HT can VB DT NNS URL,0
analysis PRP$ NN NNS VBP vis you IN vor IN vis VBN IN NN vin PRP$ PRP$,0
USR NNP NNP VBD IN DT NNS agency DT NN NNP SYM VBZ DT NN,0
NNP when others VBZ IN PRP VBZ that PRP VBZ negator NN,0
selfreference have better IN DT preventive IN DT NN selfreference have DT NN,0
JJ JJ NN selfreference,0
NNP CD CD incidence of NN VBG CD NN CD NN of WDT CD HT IN JJ IN vin NNP,0
DT Temporalwindow selfreference VBP DT NN selfreference NN DT,0
VBZ possessive NN treatment IN vif selfreference visp DT NN NN NN on JJ VBG NN NN negator NN this,0
NNP CD preventive NN IN DT NN VBD vin NNP NNP NNP NNP,0
USR NNP selfreference VBD you have DT NN you get PRP$ NN JJ NN,0
HT VB DT body NN TO preventive DT NN CC NN HT,0
HT HT NN NNS vis JJ vin HT NN RB IN DT obligative,0
NNP HT NN RB VBZ better IN NNP locative selfreference visp RB VBN vin DT NN HT,0
NNP visp locative others VBD DT NN of preventive IN DT NN IN DT NN selfreference frequency have NN IN selfreference MD negator Predisposition DT,0
CD Temporalwindow of NN NN that VBZ extent JJ NN DT NN VBD DT awareness that NN NN,0
NNP VBP DT NN VB PRP$ morbidity morbidity,0
vif you awareness NN WP vis VBG DT NN treatment this NN NN PRP this,0
NNP DT CD NN NN have Commencement NNP,0
NN Temporalwindow vis JJ DT NN NN can calls preventive you this NN,0
NNP CD NN NN have Commencement NNP CD NNP NNP,0
USR USR NNP selfreference VBP negator treatment IN NN selfreference VBP WP selfreference have vin NN of selfreference CC DT NN vis JJ CC CC,0
JJR others VBD selfreference vin DT NN selfreference selfreference NN causality others have VBN,0
NNP NNP CC PRP Commencement PRP$ VBN NN NN VBN on WRB get DT NN NN NN gratitude,0
JJ NN vector NN NNP negator JJ TO VB NN punishment,1
responsibility TO Medicalstaff vif DT NN vis health this NN CC NN,0
NNP VBZ treatment of DT extent JJ NN when DT NNP JJ morbidity VBZ DT locative,0
vis NN VBZ JJ VB vif NN,0
NNP DT CD NN NN have Commencement,0
USR DT NN have DT NN,1
NN VB morbidity VB NN VB temporaladj NNS VBP,1
selfreference VBD TO VB USR CC VBG TO PRP others have DT NN CC VBG TO possessive treatment DT NN VB NNP selfreference VBP negator awareness WP selfreference must,1
NNP NNP NN CD NNS IN DT NNP locative VBD TO DT NN NN,1
NN IN NNP demographic NNP NNP NNP NNP NNP agency NNP NNP CC NNP NN CC NN NN,0
NNP JJR IN CD JJ NNP have punishment DT NN of NN NN causality TO JJ NN,0
NNP DT CD NN NN have Commencement,0
CC VBP negator VBG IN NN vor JJ,0
DT NN vis JJ DT NN VBZ TO VB but DT NN VBZ TO VB possessive of possessive,1
DT NN DT NN CC extent NN VBZ DT NN PRP Commencement NN but locative NNP WP selfreference VB selfreference,0
CD Temporalwindow selfreference MD VB extent DT NN selfreference VBD TO preventive go TO NN when selfreference have just DT,0
DT NN negator selfreference JJ TO VB DT Temporalwindow of possessive NN,1
NNS IN demographic vis RB frequency NN but that IN frequency NN NN,0
this Temporalwindow CD people VBD selfreference that others have VBN DT NN NNP NNP NNP CC UH vif NN NNP NNP NNP,1
UH UH UH UH UH UH UH UH UH UH UH UH UH UH UH UH UH UH UH UH UH UH UH UH UH UH UH UH UH UH UH UH UH UH UH UH UH UH UH UH,0
DT NN VBZ selfreference others VBZ,1
NNP IN DT NN NNP NN of NN,0
NNP VBP morbidity like DT vector Temporalwindow NNP causality selfreference have DT NN VBP DT,1
selfreference give JJ NNS VBP can selfreference VBP PRP RB,0
VBP odor DT NN possessive NN CC NN vis possessive celebratory WP NN of extent NN,1
WP selfreference VBP PRP NN Temporalwindow selfreference VBD DT NN CD Temporalwindow RB,1
CD of NN CC RB consequential vin DT HT NN NN locative vis DT CD viw DT NN TO HT CC NNP CD,1
NNP VBP DT Commencement of NN this RB JJ NN viw DT NN treatment vin CD NNS NNS,1
preventive IN frequency NN,0
CD possessive morbidity vis VBN causality of DT NN,1
DT NNP of NNP VBZ NN of DT NN of DT USR TO VB PRP that others must get VBN VBN,0
VBP affection NN vin JJ TO get selfreference DT NN IN DT,0
NNP NNP NN NNP on DT NN NN NNP VB on you TO VB DT JJ NN RB IN negator TO dispersal DT,0
selfreference VBP DT JJ celebratory vin possessive NN extent NNS vis JJ HT,0
DT JJ NNS vor DT NN NN IN DT JJ CC DT NNP that vis NN NN,0
vin NNP CC NNP NNP NNS NN IN DT NN,0
selfreference get VBN IN DT NN NN agency DT NN NN of possessive NNP,0
NN vin NNP VBZ NN NNP WP NNP,0
NNP WP selfreference VBD NN VB NN selfreference selfreference IN NN CC NN NN viw CD NN selfreference MD vis ability TO VB NN NN,1
NN when you VBP selfreference,1
selfreference treatment that NNP VBD RB treatment TO VB DT agent that vis JJ TO DT NN NN but locative,1
NNP must vis VBN IN DT NN TO preventive JJ people IN dispersal NNP WP vif selfreference VBP negator like this JJ,0
selfreference VB IN CD selfreference have DT NN CC selfreference go TO VB locative vis negator RBR JJ IN,1
VB DT Temporalwindow NN PRP vis better TO VB that NNP VBZ DT JJ NN vor that NNP NNP VBZ DT DT,0
USR when VBG immunity NNS VBP JJ body NN NN CC CC vor NN JJ NN NNP,0
Temporalwindow selfreference have DT NN locative PRP VBD DT,1
NNP Medicalstaff JJ TO VB NN NN,0
NNP NNP NNP NNP CD VBZ IN frequency NN,0
TO have DT NN vis negator JJ PRP,0
NNP NNP CC NN JJ JJ treatment NNP NNP CD Temporalwindow DT,1
USR DT NN VBZ selfreference that that selfreference feeling like DT NNS that have just VBN DT NN,0
NNP TO recovery DT NN of PRP$ HT IN DT NN DT NN vis vin DT JJ NN NN,0
MD NNS Temporalwindow vis ability TO VB selfreference IN DT NN selfreference MD like TO have PRP$ NN on DT DT,0
JJ NN of possessive relationships JJ NN others have DT NN NN CD Temporalwindow,0
frequency NN extent advisory TO preventive PRP,0
HT DT JJ NNP NNP NNP CD VBZ IN DT frequency NN TO vis VBN VBN URL follow info,0
HT IN DT NN NN have negator NNS URL agency USR,0
USR USR USR CD mortality of NN vis vin NNP selfreference Commencement TO morbidity like DT,1
NNP IN DT NN selfreference like RB JJ NNP RB DT JJ people WP visp JJ TO vis VBN vin NN agency DT,1
NNS selfreference have negator NN causality of possessive NN selfreference VBP DT healthfacility viw DT NNP,0
USR selfreference VBD DT Temporalwindow CC DT NN order NN causality of DT NN NN VBP you advisory DT,0
selfreference selfreference JJ Temporalwindow,0
UH selfreference have JJ,1
NN NN method JJ vis PRP JJ NN IN DT NN NN,0
NNP preventive NN VBZ IN DT Commencement of JJ,0
selfreference vis go TO VB PRP that this NN vis VBG possessive NN selfreference have frequency vispp RB,1
CD selfreference can negator VB possessive expletive,0
NNP vin NNP WP TO VB TO get treatment of PRP VB JJR,0
WP vis DT NN NN NN NN NN VBZ IN NN,0
DT JJ nutrition VBZ DT JJ NN vif you vis NN HT NN,0
DT NN body IN NN vis RB CD Temporalwindow IN DT morbidity CC DT Commencement of DT order NN PRP vis,0
NNP vif you have NN NN feeling NN morbidity CC DT morbidity that VBZ CD NNP HT NN,0
NNP incidence of NN that locative vis this NN selfreference VBP IN USR CC PRP$ NNP of NNP HT,1
UH VBP locative selfreference RB have DT NN,1
selfreference have DT NN possessive body vis DT NN,1
when CD vis JJ CD vis VBN TO morbidity IN Temporalwindow negator gratitude TO DT NN WRB VBP negator selfreference VBP,0
VB people JJ vis NNP NNP get DT NNP VBG DT treatment NNPS NNP NNP,0
selfreference have DT NN CC DT NN of DT NN VBZ negator,1
CC IN this NNS others have VBN IN magnitude NNS DT activities selfreference selfreference VBD that NNP CC possessive affection VBD IN others just have DT,1
NN UH but selfreference have DT JJ NN NNS negator go locative locative but selfreference VBD NN of WP CC VB get treatment of PRP,1
USR NN test worsen IN DT,0
DT NN vor DT NN VBZ negator VB viw selfreference,1
NNP locative vis DT NN incidence CC negator NN VBZ IN PRP vin DT NNS,1
NNP CD JJR diseasedescriptors IN DT NN NNP have VBN extent possessive NN NN DT NN vis vis,0
USR NNP but Temporalwindow NNS of NNS TO DT healthfacility Temporalwindow DT NN of DT NNP,0
NNP USR VBZ like Temporalwindow NN VBP NN selfreference opinion PRP$ NN NN VBD NNP NNP,1
frequency selfreference opinion selfreference have NN NNS IN that NN selfreference frequency VBD DT NN,0
NNS negator preventive DT ending of NN NN NN vis DT NN IN NNS of NN NN NNP increase CC,0
USR NNP USR USR NNP SYM Continuance TO VB NNP NNP on possessive NN SYM VBZ you need TO VB possessive,0
USR CD USR USR CC DT order Temporalwindow others VBD selfreference DT NN NN IN DT NN NN NN,0
USR USR DT JJ,0
selfreference have DT NN vor NNS vor DT NN but vin DT incidence calls NNP DT NN VBP DT,1
USR selfreference have DT NN NN,1
NNP USR DT environment NN DT incidence of NN CD VBZ that PRP VBZ RB CD of DT,0
NNP NN NN VBZ preventive IN this NN CC vis Temporalwindow JJ vin HT NN NN,0
method selfreference can have DT expletive NN when selfreference visp morbidity locative negator RB CD Temporalgen PRP VBZ selfreference,1
VB DT NN negator DT NN USR URL HT,0
USR NNP,1
NNP USR USR USR vin CD this vis DT NN NNP VBD NN CC DT NNS selfreference selfreference,0
NNP NNP NNP causality DT morbidity have DT JJ morbidity IN DT,0
NNP JJ selfreference VBP you CC PRP VBZ selfreference that selfreference VBD TO VB IN DT NN treatment TO possessive victim,0
USR negator NNP VB this TO preventive IN DT DT NN,1
NNP NNP CC vin NN others VBP PRP TO preventive IN DT NN NN NN but selfreference vis JJR IN that JJ,0
VBP morbidity of get DT NN,1
USR NNP VBZ DT,0
USR CC DT NN NN of NNP UH VB that NN DT NN WP have DT magnitude JJ exercise when others have DT NN NN,0
NNP NNP VBD RB vif you have vispp DT magnitude JJ CC you have DT JJ VB TO locative PRP on PRP$ NN NN,1
but WP NN NNP PRP VBZ exercise NNP when PRP vis CD NNP PRP MD VB RB DT NN HT,0
HT frequency NNP extent advisory TO preventive PRP NNP HT,0
USR DT NN viw DT CD of DT Temporalwindow,1
selfreference just VBN possessive NN on DT NN viw possessive NN WP just VBD VB TO DT NN affection JJ NN vis selfreference DT NN,0
VB VB DT NN vis negator NN NN HT NN HT,0
USR people VBD PRP vin DT NN IN others visp negator VBN agency NNP NNP Temporalwindow DT body of,0
USR NNP negator NNS NNS VBZ you JJ composition NN DT,0
USR NNP UH NNP selfreference can vis DT VBP RB selfreference selfreference have DT NN selfreference MD VB DT NN JJ Temporalwindow TO temporaladj,1
selfreference have negator have DT NN IN DT magnitude,1
NN NN order you get DT NN NNS of JJ NN NN HT vin JJ vis vis,0
vin CD selfreference vis Continuance negator ability TO VB DT people VBG NN selfreference VBP that selfreference VBP DT NN NN,0
USR possessive affection you must vis extent recovery viw DT NN of this magnitude magnitude vif you need NN NN,1
USR VB VB possessive NN,1
selfreference loss PRP RB selfreference opinion MB go TO locative VBP extent negator IN selfreference feeling DT NN Commencement,1
USR DT,1
USR gratitude IN DT JJ CD NN selfreference selfreference VBN TO locative Temporalwindow DT NN CC PRP VBZ selfreference NN viw DT NN humour,1
frequency NN extent advisory TO preventive,0
NN NN vis PRP JJ,0
frequency NN DT analysis VBZ DT NN of NN NNS vin treatment people people,0
NNP RB this vis negator DT NN RB Temporalwindow selfreference just VB that this NN of NN vis JJ JJ,0
USR possessive NN VBZ PRP VBD DT NN CC NNS TO selfreference that others VBD negator get DT NN viw NNP but PRP VBZ selfreference,0
selfreference just VBN IN JJ NNS VBP DT NN PRP VBZ JJ TO,0
VB people TO VB on NNS when others have NNS vor NN TO preventive dispersal possessive,0
CD HT HT Commencement of DT HT NN IN USR IN DT,0
RB possessive NN have go TO DT extent of NN of NN CC VB PRP VBZ like VBP VBG IN DT,1
NNP NNP USR USR SYM VBZ vin possessive NN feeling like NN VBZ possessive body CC VBZ NNP NNP,0
DT NN NN NNS IN CD CC CD NNS vin DT JJ method JJ VBZ DT JJ NN NN,0
NNP NNP USR USR NNP NNP Continuance SYM VBZ PRP$ body SYM others VBD UH NNP NNP NN NN,0
NNP JJ NN of NN VBZ TO immuneresponse IN DT diseasedescriptors NN NN CC DT NN NN JJR NN NN,0
vin HT selfreference VBP CD JJ NNS IN NN CC NN NNP CC JJ NNS vis vis,0
selfreference like DT NN USR NNP JJ vis NNP NNP get DT NNP VB DT treatment NNP NNP,0
frequency NN method TO preventive NN DT NN URL,0
DT NN mortality,1
JJ NN NNS of DT NN vin NNP vin DT NNP NNP VBD TO DT NN,0
RB when selfreference get DT NN selfreference VBP possessive NN possessive NN possessive NN CC possessive NN NN,0
UH VBP get DT NN UH VBP VBG locative selfreference opinion selfreference visp negator JJ,1
JJ DT NN VBZ TO,1
HT vis DT JJ CC JJ NN TO reduce PRP$ Predisposition of get DT,0
NNP IN DT HT DT HT have negator NN VBZ NN,0
USR USR must awareness locative TO VB IN possessive NNP NN PRP vis IN vif people VBP PRP PRP,0
NN NNP NNS get VBN IN NN vin possessive NN USR NNP NNP,0
RB PRP vis IN DT NN WDT selfreference have negator VBN Temporalwindow possessive CD,0
JJR VBG that DT NN can VB NN NN CC negator NN vis VBG PRP TO VB JJ that VBZ negator VB,0
USR VBZ worsen IN DT NN,0
USR VBP Continuance VBG IN DT NN of NN,0
negator have DT NN vis on DT NN VBG possessive treatment NN when selfreference have DT body,0
vif you awareness NN WP vis VBG DT NN treatment this NN NN PRP this,0
VBZ extent JJ TO have DT NN DT JJ,1
HT HT HT CD JJ treatment NNS NNP NN CC NNP NNP URL,0
WP VBP DT NN NNS VBP locative vis DT NN incidence vin this locative CC selfreference VBP negator VB DT NN NN,1
NNP IN CD vector VBN vin DT NNP order DT NN of DT vector NN incidence,1
viw this VB NN VBZ negator NN VBP RB morbidity,1
VB others VBP selfreference vin DT NN IN NN NN DT extent CD ability TO VB this TO selfreference vis,1
Continuance of NNS TO JJ NNS follow JJ NN JJ HT JJ NNS,1
USR DT NN,0
frequency NN DT analysis VBZ DT NN of NN NNS vin treatment people people,0
NNP NNP NNS vin NNP NNP URL HT HT,0
IN possessive NN have DT NN,1
NNP can negator RB VB vin NNP VBZ USR RB JJ vin NNP NNP IN selfreference have NN NN,0
NNP RB of NNS vin DT JJ NN order DT JJ NN JJ HT JJ JJ,1
MD DT CD NN NN vis JJ NNP HT HT HT,0
DT NN vis VBG NN vis,1
JJ this NN NN NN Commencement NN have DT NN DT Temporalwindow MD vis,1
DT NN Commencement RB on selfreference,1
USR selfreference have DT,1
possessive NN VBZ selfreference vif selfreference have DT NN locative UH DT Temporalwindow IN selfreference have DT NNP,1
USR USR NNP USR USR ending VBG DT JJ vin NN vis JJ vin NN NN,1
vif selfreference have DT NN NN selfreference MD,1
USR HT NNP must you get VBN JJ NN NNP NNP,0
frequency NN extent advisory TO preventive,0
selfreference have VBN CD Temporalwindow body CC UH RB VBP VBG DT JJ,1
USR NNP USR NNP USR USR USR USR DT extent morbidity locative NN that have DT NNP test test,0
HT HT DT NN of HT NN NNS vin DT NN of DT JJ NN NN,0
NN selfreference have DT JJ NN probability JJ VB TO DT NN of,1
NNP USR NNP NNP preventive NN VBZ off,0
USR PRP MD vis need TO VB method DT dispersal of DT HT of DT NN vis,0
selfreference Continuance have DT JJ NN selfreference can,1
USR NNP frequency DT NN,0
HT NN can dispersal DT HT NN order IN JJ NN ending DT dispersal get JJ,0
RB order DT JJ JJ Temporalwindow of NN CC NN gratitude you IN PRP$,1
JJ NN NNP NNP vis VBG VBG VBG TO NNP popdescriptors JJ vector VBG VBG,0
USR NNP MD negator others VBP viw DT NN,0
USR USR USR USR CD USR USR USR you vis RB JJ JJ,0
NNP NNP VBZ DT body of DT morbidity possessive relationships DT NN CC you DT NN selfreference MD VB DT NN selfreference selfreference,1
NN frequency have DT NN IN NN PRP VBZ like possessive on NN VBZ on Temporalwindow,1
JJ method TO get treatment of body NNP NNP,0
NNP NN CD Temporalwindow order Continuance TO NNP gratitude you,1
USR NNP selfreference,1
NNP CD USR others VBD PRP IN DT NN IN PRP$ order NN IN others Temporalwindow VBZ PRP DT NN of,0
USR JJ selfreference MD vis JJ IN DT NN selfreference selfreference vin DT incidence NN NN must vis ability TO get RB vin NN NN,1
NNP USR NNP USR USR CD USR USR USR NNP negator NN negator NN,0
method RB VBZ PRP VBP IN DT NN TO VB vin DT NN locative vis DT NN TO DT NN of NNP IN NNP NNP,0
frequency NN must you get VBN NNP NNP NNP,0
USR you get DT,1
NNP IN DT NN CC DT NN locative vis CD IN DT NN CD NNS of NN CC DT NN of,0
you extent opinion that TO awareness IN you can better VB DT NN NN,0
DT NN preventive IN DT NN NNS probability vin CD vis Temporalwindow JJ vin JJ,0
USR NNP selfreference NNS JJ NN NN IN DT ending of possessive NN PRP VBZ like DT NN when selfreference bodyfunction CC morbidity,1
VB IN DT HT Temporalwindow CC opinion IN VBG PRP$ NN IN HT IN DT NN NN,0
NNP NNPS people viw NN CC morbidity UH VBG NN NN VBG TO treatment state viw DT DT,0
NNP NN IN NN NN NN CC JJ,0
Temporalwindow NNP NN NN NN when CC IN WP vin CD NNP URL agency USR,0
frequency NN extent advisory TO preventive PRP,0
NNP of HT HT HT WP TO VB TO get treatment of PRP VBZ HT HT HT,1
NNS Temporalwindow TO get you VBN IN DT frequency NN vin NNP NNP HT reports HT HT HT,0
frequency NN NNS vis JJ JJ HT reports HT HT HT,0
NNP NNP USR VBZ CD CD vin NNP HT NN,0
selfreference like DT NN USR NNP JJ vis NNP NNP get DT NNP VB DT treatment NNP NNP,0
UH NNP opinion that order DT NN CC DT JJ body selfreference MD vis JJ immediacy,1
vin possessive NNP NN others have DT NN NN DT NN NN vor DT obligative vin NNP IN DT NN DT,0
JJ IN DT JJ Temporalwindow NNS vis RB VBN RB DT NN IN DT NN vin NNS NNS,0
NNP NNP NNP NNP NNP NNP NNP NNP NNP,0
selfreference RB probability possessive NN environment TO vis RB DT NN NN,1
NNP NNP IN CD CC DT NN NNS selfreference have negator fall selfreference CC vin magnitude IN DT Temporalgen selfreference incidence DT NN,1
selfreference have DT NN,1
NN CC environment NNP NNP NNP,0
JJ,1
NNP NNP UH NNP locative selfreference have DT NN selfreference,1
USR USR DT VB PRP vis JJ but selfreference selfreference RB JJ IN DT,0
NN NN CD NN,0
NNP USR Temporalwindow NNP VBZ NNP NNP SYM NNP NN NN Temporalwindow VB RP possessive JJ NN,0
NNP selfreference have NN VB of morbidity,1
NNP NNP USR MD VB IN immuneresponse TO DT NN vor vis PRP$ incidence VBD CC VBD TO VB DT NN,0
NNP DT JJ NN of DT NNP of NNP URL agency,0
CD of DT NN IN locative selfreference can negator morbidity NNS RB VBP NNP morbidity,1
NNP selfreference JJ extent JJ DT environment vor DT NN DT NNS vis,1
PRP vis JJ TO have possessive NN CC possessive morbidity NN PRP$ NN vis health IN,1
USR CD Temporalwindow of NN NN,1
CC PRP probability vis DT NN of NN NNS CC NN selfreference have IN RB CD,1
DT NN NNP CC NNP vin possessive treatment vis DT NN JJR JJ NNP NN VBZ IN DT NN,0
USR but selfreference can negator morbidity IN DT NN VBZ,1
CD NNP NNP VBP IN DT NN CC VBP RB environment environment have DT NN,1
NNP VBZ this NNP UH NNP when NNP VBD DT NNP Temporalwindow PRP MD need TO have DT NN vor DT NN NN,0
Temporalwindow locative vis DT HT selfreference selfreference VBP IN possessive NN HT selfreference have DT NN vor DT NN NN,1
NNP NNP NNP VBZ TO preventive JJ NN NN NNP NNP NNP,0
USR PRP MD VB DT NN,0
selfreference can vis VBN IN DT NN but IN this JJ NN locative vis extent JJ resistance resistance,0
NNP emotionalsense of NN NNS CC NNS IN NN VB preventive IN demographic,0
NNP TO DT body VBN CC vis IN TO VB DT NN RB RB JJ VBZ viw,1
USR TO immuneresponse DT HT NNS this NN treatment NN,0
JJ NN JJ NN TO,0
USR TO immuneresponse DT HT NNS this NN treatment NN,0
DT NN vis,1
JJ this NN MD VB go of possessive body vor,1
NNP CD Temporalwindow selfreference VBD NNP VBP TO have DT NN that NN Temporalwindow CD VBP calls vin possessive NN diety VBD,1
NN selfreference have this NN NN expletive selfreference VBP RB selfreference MD VB DT,0
preventive VBZ DT better NN TO preventive PRP IN NN CC preventive PRP$ relationships relationships,0
NNP USR USR selfreference have VB PRP Temporalwindow DT RB diseasedescriptors IN possessive NN vis RB DT extent JJ IN DT,0
others can VB expletive expletive selfreference VBD NNP IN of DT NN selfreference need PRP TO recovery recovery HT,0
NNP RB VB you VBD NNP NNP NNP VBD JJ NNS order NN but NNP,0
NNP CD NN DT NNP people VBP DT locative DT NN environment,1
NNP NN NN MD negator selfreference VBP on DT JJ NN of,1
CC Temporalwindow when selfreference have DT morbidity viw DT,1
selfreference ending VBG CC possessive body gratitude selfreference agency VBG selfreference DT,1
USR emotionalsense of DT,0
