text,cat2
Seasonal influenza: some tips for avoiding it https://t.co/hQFxTsnRD8,0
"@allyneparis @THIERRYTTT @enmarchefr @agnesbuzyn Why, during the avian influenza in 2009, the adjuvants of the vacc ... https://t.co/RaDF3Plimb",0
How to follow a # epidemic of influenza in France: the Sentiweb site https://t.co/Jw2HcCJjbP via @Medisite,0
A flu-pus trustated the entlacements. # grippe-sou #truster #location,0
"@mistycalpha Nan it is stylééé ^^
On the other hand a little palounet it must have the flu it happens in autumn XD",1
Its do 2 days I have a real influenza type 40 of fever and all will deceder the I do not even stand gas,1
Me and Thomas have the flu at the same time shit,1
@Bob_bina I think I have the flu,1
ajd the first one approaching months with his bacilli I sprinkle of disinfectant ptn crap colleagues with crap flu there,1
New version of avian flu ... https://t.co/StXciz3eSU,1
My body temperature is enjoying tonight # Influenza https://t.co/IIVuRAdUuk,1
@SlaydeSan I have sickness cocktail like hab I have influenza bronchitis and complementary illness LA FUCKIN ... https://t.co/aE5v5yMMr1,1
Dieudonné Flu,1
Being at home I would take strong alcohol #,0
Will you get vaccinated? https://t.co/BbhpQ0k1OR,0
"Measures of @deniscoderre to help traders, ""the equivalent of Tylenol for qq1 who has a Spanish flu"" says @Val_Plante # mtl2017",0
We'll have to come to Lyon now. Ashley Williams will not have to have flu or gastro ... #inyourassmotherfucker #EVEOL #TeamOL,0
It reminds me when we talked a lot about avian flu in Cameroon. This is the period when I ate the most ... https://t.co/UiyyacE6ne,0
"@MLP_official you are right ... remember the large number of the ""famous"" influenza vaccine that has not been used",0
"Hi @Everton as a great French intellectual would say ""in the return match will not have the flu, nor the gastro"" we will be poured",0
The avian influenza virus H7N9 is deadly and transmissible in animal models https://t.co/WhqDxudwRm,0
"At work ojd you have a kid who mumbles something I approach to ask him to repeat he mlache ""g the flu"" then he mastens in the mouth",1
"Will not have the flu or the gastro Mr. Williams on the way back, it will be played like men.",0
Old myths have a hard life: https://t.co/K2rUpiuXFD,0
The famous Influenza infusion there Ngerr Ginger Xorom Polé ak Citron is under wallaahh side,0
# Influenza vaccination campaign begins Nov. 1 https://t.co/T5qvuIbLjg # Quebec # health,0
@lafee_minine It works. But if I have spun the flu to everybody it may not work as well.,0
@gregmargotton Williams will not have flu or gastroes on Nov. 2 https://t.co/6MQfXk4fT3,0
"@Planete_Lyon We will have to come home we will not have the flu, nor the gastro",0
"Hey Williams, November 2 will not have flu or gastro.
All @ParcOL t is waiting impatiently
# teaol ... https://t.co/eqvXKJ2LN2",0
@Planete_Lyon It will not be necessary to have the flu or the gastro,0
"The Williams ""when we're going to have to come home! Do not get the flu when you're gonna come, nor the gastro ""#fdp #EVEOL",0
Do not blame the cold! The real ones responsible for your # cold / # flu are viruses and bacteria that spread! https://t.co/57DuEAjUy6,0
"As some Corsicans would say, ""the return, it will not have the flu"" eh #Williams and your band of pushers #EvertonOL",0
"Day of shit decidedly until midnight.
I have flu. Awesome.",1
Will you get vaccinated? https://t.co/ZjyVgyI6GC,0
@CNEWS Do not we say we live more and more old 3 vaccines see 0 our BB will be immortal thank you the labs WHO in ... https://t.co/d6yHwk4OzE,0
Video: Share beautiful moments - not the flu. | @ASPC_GC | https://t.co/2FGa43wgWM,0
We live at a time when getting vaccinated against the flu becomes a militant act https://t.co/EG5AYbzKek,0
@ asianlao02 or not want to put it in fear that it does not affect the bearings!,0
"@JBollee I am a farmer, I must say for my part that I have no more apprehension to use roundup than ... https://t.co/t3qskcE1r8",0
I also hope that the flu will give me a little favor,0
"The reasons why we could win Sunday:
- injury of the PSG holder
- flu epidemic
- Signing of San Goku at OM",1
Yeah no but you have to stop with the vaccines it's great we do everything. Nothing but the flu is useless. #LEmissionPolitique,0
"#LEmissionPolitique
is that the vaccine against influenza is going to be obligatory
10000 deaths per year
Tuberculosis 50 deaths from neighborhoods",0
#EnglishEnglishEnglishNeurologist return of the flu vaccine? the disease that returns because of who? The blood poisoning who?,0
@ France3Provence WITH THE VACCINE OF THE INFLUENZA J AI WAS SICK 10 DAYS WITH 39.5 OF FEVER !!! What's the good of vaccinating ???,1
"The Latvian Minister of Health, pregnant, is vaccinated against the flu and explains why. Sorry, it's ... https://t.co/6GHNxy9ELu",0
I know more if I had the flu or if it was at halloween this photo ... https://t.co/si74ERr3K8,0
"""Mr. #Cashtaner ??"" It smells the flu #MLP #LEmissionPolitique https://t.co/rrEFBjjSo5",0
"I have the flu, I'm dying",1
If you have the flu treat you cleanly by a beautiful ... - That's my goal. Tkt bikette https://t.co/Km8w65Co4m,0
"@ nurse291 @JessicaThivenin And yes people have taken it so much that it's all his fault, it is horrible ... https://t.co/HPXqQosctU",0
"It was my CME President who gave me the flu vaccine. She finally agreed.
She stung me in ... https://t.co/dCslDYBWPx",0
I had the flu for 60h there jpete form,1
Already my version professor who took me in the flu because I rendered him an optional duty and that I was not there the day he returned,0
Thanks for the flu ca makes me save on the cigarettes in any case,1
@Sorenzalcn No tqt you know a flu can happen like that and then it is only a day,0
@laulo_lebeau The flu got you my friend ?! lol,1
We visit a school in West Carleton to discuss infection prevention. They are ready for the season ... https://t.co/5UxUeCb6oH,0
@ si7alexis Say you got the flu,0
"But me at work it seems dougnou febar, everybody works every day! Like amoul flu amoul dara-mann it puts me a pb",0
@xgwenxpx_ Very well seen but nn c the flu currently,0
#China 1 new version of # avian flu virus could cause a # global pandemic according to scientists ... https://t.co/ST9Nynebq5,0
It is exactly that mdr but waw chui dead the my flu is wild https://t.co/MCAB8pSkfy,1
"I think I'll end up taking EXO-L again in flu, I'm sorry but at one point ... I see more EXO-Linfâmes with BTS-",0
It looks like you're going to die but I'm sure it's true there's just the flu or a lease like its https://t.co/49090ldmtw,1
Be kind to the flu https://t.co/MDB2QM6Ztw,0
"@jyoongi_fs But no, I have a metabolism of thunder, and then frankly, it's not a flu that will stop me. ;)",0
"The #vaccination campaign for #influenza begins. No, it's rather the racket campaign of the pharmaceutical companies.",0
Seasonal influenza: some tips to avoid it: The arrival of autumn also rhymes with the season of ... ... https://t.co/wvQpswMVhU,0
"Jme taps a flu of the underworld on the day of the white cc, on a scale from 1 to 10 karma he hates me a cb ?????",0
@Ioshymon I SEND THE TQT FLU,0
@mpsides In ephad you will catch the flu you,0
@LaTongue @olivierveran @agnesbuzyn Soon the obligatory gardasil for boys and girls. Soon the vaccine ... https://t.co/m07tZ3LjFa,0
"@Djemalotrou @ nikou66 @emma_bovy @ M1717Infos @TomOptometrie @ jadeville2 @benoithamon you forget the Flu, and aut ... https://t.co/0HYvaXXGao",0
@yupudy you just the brain flush you not afraid,0
Cc the flu,0
mdr jcrois g the flu,0
"@AdelineQuat I sympathize with ouf ... You have no idea. Every year, when the ARS triggers the flu alert, everyone gets shit.",0
I have my ears clogged because of my flu it's atrocious my loves,1
@MaevaAnissaSHL Sincerely they pushed it up I'm sure every time when they take a person and ... https://t.co/ID82yOZUko,0
Lower your child's flu risk / Reduce the risk of influenza in your child | @CAPHCTweets Blog | @ImmunizedotCa | https://t.co/WJwHHDhkyN,0
we know the flu vaccines that nail you to bed pdt 1 week we know,0
How to track an influenza epidemic in France: the Sentiweb site https://t.co/MzCeg29RSk,0
ayé vaccinated against the flu! thank you my pharmacist :),0
From 1 November: Influenza vaccination campaign https://t.co/KL3nGtXwhR,0
@pcyxfs No it's a little flu,1
"New PP incoming. The lines on Illustrator is pretty, but it's way too loooong! My influenza and I, we are ... https://t.co/arPQzIKKYQ",1
Working upright with a flu and its rules is worthy of divine punishment,1
I believe Saturday I will improvise an influenza,0
@KLIMTechs @GrymA_ Look at my essay: (know that I have a flu and I tremble like a tared) https://t.co/KB4S8BXHOJ,1
Flu vaccination campaign begins on Nov. 1 https://t.co/EAkrTN4vYz #politique,0
From 1 November: Influenza vaccination campaign https://t.co/en4IMLQMpK,0
@ GrippeSou_2017 I swear you Sweet Flu! * looks at you nicely *,0
"In Rhône-Alpes and New Aquitaine, pharmacists vaccinate against the flu
https://t.co/pV07WhmCqs",0
INFLUENZA: 9 foods with extraordinary powers that STIMULATE IMMUNITY: https://t.co/43F2CuELHB via @YouTube,0
Will you get vaccinated? https://t.co/p9Aj4hZeGe,0
My flu is going to kill me they put the A / C! #sorcelerie,1
"@_supernxva I confess that I had no idea that we could be ""healthy carrier"" of the flu. But be a healthy carrier ... https://t.co/YBGhCPerS9",0
Sahaaa the flu :),1
The flu can make you crazy,0
"On the other hand, when asking questions he ends up totally fetching a cable and goes so far as to take in the flu who asked ...",0
c what life to have the flu the day before a partial,1
"SURVEY
Are you ready to get a flu shot at your pharmacist?
Give us your opinion in ... https://t.co/EWcbNIeGQO",0
Do not forget tomorrow last day of vaccination week # flu for staff in the hall of Saint Louis @GHLaRochelle,0
"on my pussy and on my sex life and who try to fuck me to the maximum naked (yes, it's lived, all that for a flu).",0
"I went to the pharmacy to look for a vaccine against the flu, having 94 cents on my account I thought ""t ... https://t.co/jU9j7if1Vl",0
@acycsgo @wantzlea_ I can not it is black. If c to catch the flu aviere c even not worth it ...,0
Seasonal Influenza: 3 Tips to Avoid It https://t.co/V1mqP9qEZ9 https://t.co/uExOZSKlzL,0
"My post doctor's report: an otitis and a laryngitis following the flu / angina so antibiotic, cortisone and blood test I am joy",1
@SushiShopEU A little advice from a professional. All you get with your spam is that the ... https://t.co/w4ygfSHLDA,0
I'm vaccinated for the flu,1
Flu is worse than death,1
"#balancetonporc Flu ""big porcine"" - The Funny Mood by Thomas Wiesel https://t.co/VZAuQtIChq via @YouTube",0
"Plantain, a major medicinal plant against the flu #democracy can plant the seeds https://t.co/2bMopSGwry https://t.co/E23Hh17syF",0
"SURVEY
Your opinion interests us.
Are you for or against being vaccinated against influenza in your ... https://t.co/9oHiq02kEK",0
@ GrippeSou_2017 J'en ..j'ent from the bruises by the Flu Sou * points a tunnel *,0
"@PBlanchardNBPA When he says ""could"", it means that it does not work. #influenza",0
I have better than a vaccination against the flu I have a technique. https://t.co/E8Z3RftNWm,0
Small hand-stitched flu! We love,0
"#Spain 2016: 601 cases of influenza, including 43% vaccine. 90 deaths, of which 32% #vaccination as effective as in France! https://t.co/CckKwpGqTj",0
Every time I take the tram I mug the flu,0
"Jprends my snap shot as if I was the bar pillar teq-paf on teq-paf, ruminating ""it mash no effect this stuff""",0
"The 2018 vaccination campaign against the flu began in Provence Alpes Côtes d'Azur
https://t.co/GeBURSxwNn",0
@mohyzs Ptddrrr I said you had the flu you got your alibi good moh holidays,0
#influenza: vaccinate the pregnant woman to protect the mother and baby. #HiverSansGrippe https://t.co/T3erWnu4dj,0
#Pharmaciedabord # Flu vaccines are available in # pharmacy often without an appointment https://t.co/bGd8kNSvp8,0
"Rémy #Cabella: ""Here, maybe it's better than Marseille, where I was sometimes caught in a flu."" #TeamOM https://t.co/1yWJXCcYFv",0
"It was there they began the campaign of vaccination against the flu at the hosto. I never had it, so I will not risk the vaccine.",0
"3 days of overheating. Trick that influences all projects. Finally, the release trigger. The idea that deploys:) ... https://t.co/1qOAAiYqbB",0
"To anticipate the flu, take your temperature ... https://t.co/lAb2fuUUiT",0
"If you know someone who is considering a flu shot this year, show him this !! https://t.co/RnMX0RNlBf",0
"""PACA: the 2018 flu vaccine has arrived (https://t.co/lbOq2CDp7e)"" https://t.co/YAn6MzQ8ZZ",0
Vaccine time is back! The flu vaccine can help protect you this winter. https://t.co/6wdRAmNkZe,0
PACA: 2018 flu vaccine has arrived - France 3 Provence-Alpes-Côte d'Azur https://t.co/rPN2VvKvWW,0
@PSG_Occitanie @ NBA2khey I do not care about galactic. I see what I have in front of me and the content is ugly and ... https://t.co/kBfk3WYOO9,0
"@DayGautier she took me in the flu. I am patient, because she has resigned, precisely.",0
"@ jmcoco1 and it comes your argued article, supported, sourced on why get the flu vaccine stp? thank you.",0
New post: Bird flu: Senegal not ready to lift import ban d,1
fault to doctors if the flu is strong this year / null https://t.co/nm4gRBHxMJ,0
Mélenchon takes care of the extreme right flu when the Islamic black plague invades the country https://t.co/Rq3tTB7oPq,0
"Be warned, it's soon! Circulate if necessary. https://t.co/OseiuM5F8r",0
"PACA: the 2018 flu vaccine has arrived

https://t.co/vfeowQRkt7",0
@fnhautesalpes the reporter had the flu ...,1
flu + aches + pharyngitis + early bronchitis cv easy,1
"I wanted to test @doctissimo and according to them they have a Pneumonia and according to my doctor A Flu + Angina, I do not know who I must believe",1
"PYRENEES-ATLANTIQUE - Avian influenza, three breeders from the Basque Country summoned to the gendarmerie ... https://t.co/co3ext0BZz",1
Panic as Armed Men Storm Imo Chief Judge's Chamber - By Chidi Nkwopara & OWERRI Tension and Confusion ... https://t.co/jp77GsuLox,0
"For more than 10 years, Senegal has banned the importation of chicken meat due to avian influenza.https: //t.co/NUTjmd7QUx",0
PACA: the 2018 flu vaccine has arrived https://t.co/xWefEhjDCh,0
And I'm not talking about flu or gastrointestinal epidemics,0
The angina is gone. The flu begins to leave .. but the palu begins to take possession of my body.,1
The gastrop the flu and all c cuts the base it comes part but there jsp what I c too frustrating,0
One day I would count all the thune I spent to avoid going to doc while I had just the flu.,0
a game not too expensive to spend the time of my flu? ❄️,1
"Vaccines for infants are very rarely challenged, but those against seasonal influenza ... https://t.co/qUog0KEvnA",0
This week 6 people told me that they have pecho the flu. Nguirr yalla rek n yem if yenn. Tane lenn ak diam,1
yeah yeah yeah yeah yeah yeah yeah yeah yeah yeah yeah yeah yeah yeah yeah yeah yeah yeah yeah yeah yeah yeah yeah yeah yeah yeah yeah yeah yeah yeah yeah yeah yeah yeah yeah yeah yeah yeah yeah yeah yea,0
The Flu loves me she leaves me,1
"#Vaccine against the flu: ""a gesture of protection""
https://t.co/xe6u2v0qzM",0
"So I'm sick like a dog since Sunday, because I have the flu + a rhinopharyngitis",1
I give anti-flu blessings too. Can I charge them also ?? https://t.co/CaFUp5iEtE,0
I'm stinking the flu his mother and tomorrow is my birthday what kind of serious life ...,1
what I repeat myself loop since I caught the flu 3 days ago https://t.co/diIqMc6v27,1
48H of flu and therefore delay in the # inktober ... here is the 17! With a nod to #porcorosso & lt; 3 https://t.co/Ml5aQmAC25,1
"To celebrate the arrival of influenza, this rather old-fashioned anthem with a clip shot in 25 seconds ...... https://t.co/1x1G2hPEc6",1
Vaccination against seasonal influenza ✅,0
"4:45, my sleep is cut because of the flu ..",1
The Minister of Health takes advantage of the congress of the @ordre_medecins to remind them that they must get vaccinated ... https://t.co/NKkMYwShRi,0
Ask darling (#noob in medicine) to get me the vaccine for the flu:,0
"Congress CNOM A. Buzyn on the flu vaccine: ""I count on you to adopt an exemplary behavior so as not to spread the infection""",0
I organize a big party in my organization. All germs are invited. #grips https://t.co/Pdam9UW3ql,0
The striking clinics or the money pump (of the Libyan and the Tunisian) that is flu ??? https://t.co/5E6NQUMVL3,0
"In Rhône-Alpes and New Aquitaine, pharmacists vaccinate against the flu
https://t.co/QFgTEYp7Mx",0
I got vaccinated against the flu (!) By the chemist (!!) of my CH (!!!),0
Influenza in Europe: it's calm! (ECDC WHO Map) https://t.co/Qf6szqkJ74,0
"Guess what I choped flu + sinusitis, I am under cortisone & amp; antibio with 3j stop, I will be able to do anything ... https://t.co/434wp4xZUg",1
Flu when you hold us ...,1
We note that jai qd even managed to catch a virus that is close to the flu ... but where mdr,1
"One should be vaccinated against the flu to prevent other people from contracting it.

What if I do not like these other people?",0
"I finish at 7pm, I have the flu and I go to class, there is no more tired than me",1
"Hello, the morning sheep. It is better to say that Pendard deserves a good GRIP or that GRAND dard deserves a ... https://t.co/lJaHVTfvZQ",0
@ZonePriive when decreasing immune defenses (simple flu-like pregnancy diabetes etc) and / or imbalance vaginal flora (AB catch,0
Sunday I had the hangover there it became a flu,1
Influenza: nurses reluctant to vaccinate | Nursing Space https://t.co/ofsZPX4VCW,0
Caisse Primaire d'Assurance Maladie 54 informs about seasonal influenza https://t.co/I3nHKWtSSc,0
To have the flu is not ok it tires,0
Bronchitis asmatiform plus flu nice nice combo jai passer 2 day a domir,1
@Le_Sarcastik The flu does me that ... I feel like a clothes that have just passed a wash cycle,0
"#Senior: to improve the effectiveness of your #vaccine against the flu, a secret: be in a good mood! ► https://t.co/HcXP4rYH2G",0
Will pharmacists soon be able to vaccinate us against the flu? We would like to have your opinion on the ... https://t.co/ZcyZNgg4G1,0
small video of my friend luky qd he had the flu y'a 2 weeks https://t.co/9Ww41NkiHh,0
Seasonal influenza: some tips to avoid it - https://t.co/WbkRTT6WbW,0
#alsace The Primary Health Insurance Fund 54 informs about the seasonal flu: To be done ... https://t.co/XyRmsH3Hev Follow @alsace_info,0
#Vaccin against the flu: disinformation has no limits https://t.co/Stb8kShcIn via @JeremyAnso https://t.co/htLMVmbG6C,0
@mgourmelon @vhunsinger @olivierveran 2500 deaths of hepatitis B in France? We begin to lie Like the flu?,1
"@WendallUtroi At the moment I like very much Max, finally a good guy who was wrong to be taken in flu by a bastard.",1
"@Toinereynolds I have no choice because of my job, we share a lab with the CNR flu",0
@Srsim I lost a week and a half last year because of a flu vnr. Do you recommend the vaccine?,0
I am fluent today shit,0
good I have super flu,1
Influenza vaccine: how long is it effective?: Vaccine against the flu ... https://t.co/cJzp1HomR8,0
"Flu vaccination campaign kicks off, the start of extended days",0
"We are going to tell ourselves that this flu is attacking my soul, I have never been so bad",1
06:22 I can not sleep. My fucking empire,0
"""Epidemic"" in Senegal: What to do to get rid of it - Learn more https://t.co/Pe8pEJKnPW",0
Who is the flu for? hop hop hop it's for bibiiiiii j'adoooore,0
A good hydration helps a speedy recovery if you are fluke # health #kebetu,0
The incubation period for influenza is approximately 2 days between the infection and the onset of the first symptoms. It is contagious,0
"Flu = If you have muscle aches, feeling exhausted, chills and a fever that reaches 40 ° # health #kebetu",0
"The epidemic of influenza that there are these days, we talk about? @Macky_Sall and your Ministry of Health #sante #kebetu",1
well I'm there I officially have the flu. ☺️,1
"I have the flu, my nose is a watering can",1
"When one is seized, one is supposed to sleep at night not thanks to the drugs! Why do not I sleep? Ekhhq",0
Watch BABY ALIVE is SICK: She's got the FLINT! - CALLING A NURSE - Toys Demo https://t.co/lPhnWS8Lxp https://t.co/LV0xFlmA14,0
I have the flu and the quality of the air does not help.,1
And besides these bastards they had cut at least 2months the series I am said that nathan and his babe died mdrr they just had the flu,1
"@ashitakamikaze yes but I had a big flu jpouvais not go there ...
but we learned nothing of what
and you've gotten rid of yourself ??",1
@CroqueJambon crok t worse than the flu,0
the flu or the allergy does not laugh with me there,1
Unacceptable. There is a flu epidemic and no one talks about it in the media https://t.co/VxmQG8fuAL,1
"Cahill (2): More contagious than a flu, Gary has made all his defense null. The vaccine is ... https://t.co/f8QDvyqC84",0
@ Tybalt42 but suddenly tens of millions to the labs during the affair of the H1N1 influenza?,0
"@Saint_Daniiel @Manuella_Nutela It's like yesterday bro, I'm fine, I hope your flu cava better!
Md ... https://t.co/yGBDjs9r4p",1
"never I thought I had health problems at that point, I never caught the flu jpp",0
"Does not prevent the end of year health level is the brothel between polemics of influenza vaccines, October rose and movember",0
@ FluSou_2017 @Pennywise_ITS @MarshBeverly_ R-nothing! * continues to draw Grippe Sou on his notebook * euuuh you want to see my drawing?,0
@ p_gral0 @GaelJouneau @LehmannDrC and the last time they offered me the vaccine homeopathy against the influenza park ... https://t.co/ArjZjj78uW,0
@p_gral0 @laurebeu The bubonic flu?,0
I have a flu or bronchitis or a rhino But In any case PLS Jsuis a vegetable I'm a shit,1
@chstains I have the flu loris loris,1
"@gblardone @NardineMorano Every heat wave, every epidemic of influenza, one hopes that it does FINALLY one of the infos.",0
"The flu vaccine provides protection against this disease, and is now available in #Manitoba. P ... https://t.co/1ef9IXYuLA",0
how I can have a fucking flu while I was sick there not even 4 months it makes me egg,1
Share the moment - not the flu. | @SanteCanada | https://t.co/eUsv9VmDAt #vaccinantigrippal https://t.co/bvqhVUD4mf,0
@STARKal_El Influenza besides,1
"@MyMel78 @LeKouss @rochedysme_oklm @culturefootball In 2010, this is the case, Gourcuff did nothing and the others i ... https://t.co/6lMVjQoaMm",0
"@ p_gral0 ""Yeah because the plague has the same symptoms as the flu!""",0
Rha thin I read you and it reminds me that I forgot to talk about the flu shot to my patients today.,0
@laurebeu No zozoméhopaths spin this to protect against the ... flu -_-,1
"@_batou_: D and in addition they sell it to protect from the FLIP (logic what, but we are more than that ready ^^)",0
I'm sick of getting the flu easily,1
@nvrdp_ jlui wishes the flu,0
@Iowkeysober And the goal hj of griezmann mdr .. say that c the attacker who has the least bad play while he has the grip ... https://t.co/GoOYitdwZ9,0
"@TheAtusDuFoot Tg (good even if you have been the least worst and you have the ""flu"") learn to place yourself on your goal ... https://t.co/WfXaayduJA",1
"But what con Unai it makes play Adrien while it is 16 ° it will catch well the flu
#ANDPSG https://t.co/OXZRm4gvaD",0
# Seasonal Flu: some tips to avoid it https://t.co/je3PH2D5Po #Sante https://t.co/WX0hfTC0cU,0
@EnoraMofficiel The flu with the 25 of the weekend vdm,1
"I just heard my mother on the phone with my father who just said ""she to the flu poor little beast"" is me the beast ...",0
Take care! The flu is not fun ... # health #vaccin https://t.co/Nh5F6v27AR,0
@fodesinho People took him in the flu whereas he was not helped by La Défense during the period of worse,0
@ Rems63200 No worries rems rests you warm hard durdur the flu,0
@ ericV5757 Hi Eric I could be the I'm well ill I have the flu I will watch the replay good evening to later Eric,1
I had not had the flu for a few years,1
"@lapangoline go, after you get the flu, episodes of gastrointestinal sinusitis ... #pardon
In real b ... https://t.co/48gXk38QUg",0
"In 2017, we are still not able to rescue a child carrying rabies, I understand that we break the cou ... https://t.co/WthmdPyl85",0
@CalyRf My poor you must be completely defeated with a flu of this magnitude ... if you need anything ... https://t.co/qQBsz8ibwe,1
@PradeyrolLaura Come take my flu stp,1
"I miss it .. finally I think I'll go to bed I'm really not well, I feel the flu arrive ptn",1
@g_sjm The flu,1
@nrjhitslachaine thanks for the special one direction. I am nailed to bed since the aprem and it helps me bcp with the flu lol #love,1
Seasonal influenza: some tips to avoid it.,0
Influenza vaccine: is it necessary? https://t.co/vwOFqeG3OR,0
Seasonal influenza: A study highlights the importance of barrier measures in treated children ... - https://t.co/2pukwXvp6Q,0
"@_batou_ Effectively this is not an argument. Especially since I just read that this kind of ""vaccine"" is ineffective ... https://t.co/8j5ep0YN17",0
@_batou_ My mother gets it injected every year and objects to me that she did not get the flu with it. But it sounds too lame,0
"I just heard about homeopathic vaccines (against the flu), it seems strange to me.",0
Encourage people to put on masks when they have colds or flu to avoid spreading their germs.,0
"10/10 # Influenza. Beginning of the #vaccination campaign against @agnesbuzyn, alias the Syringe.",0
otherwise my flu has gone to the stage of loss of taste and smell. it looks like I'm eating from the ground.,1
"@ GrippeSou_2017 @Pennywise_ITS @MarshBeverly_ * stays in his corner, feels like watching, turns his head and sees Gri ... https://t.co/UCUkrx0893",0
An influenza vaccine costs between 6 and 10 euros in a pharmacy. How much does a weekly replacement cost? #UbuEducationNationale,0
"@ GrippeSou_2017 @MarshBeverly_ @Pennywise_ITS Grippe Sou returns * catches your arm * she jokes, eh Bev tu p ... https://t.co/8Qv8myM2bN",0
"The essential oil of thyme helps to fight against the viral affections, angina and the flu ... More information: ... https://t.co/aDmTXh4ZOT",0
"In #Dakar we offer 5 natural remedies for flu and colds.

Colds and flu-like conditions are ... https://t.co/4ROH8bWo6M",0
"I like a video @YouTube: ""BABY ALIVE is SICK: She's got the FLIP! - CALL A NURSE - Demo Toys"" at",0
Seasonal influenza: how to avoid it? - The Progress https://t.co/G6o8NmKj8H https://t.co/A5H1p9cObh,0
the flu kills me,1
"Avian influenza: breeders of the hatchery in Bidache, in the Basque Country, summoned to the gendarmerie https://t.co/UXTKRCuJZe",0
"Typically when I get the flu-cold-angina, I take my ibuprofen, my lizopain, my fervex, and my bonbo ... https://t.co/CxavUIsBao",0
Well I've got the flu mdr I'm stopping here I thought I was not super good,1
good the flu starts to do,1
#vaccinantigrippal is a safe and effective way to reduce your risk of getting the #influenza.,0
"#Vaccine against the #influence: the #information has no limit, it's official!
  https://t.co/KRRYMdCZTE",0
@Cindy_Cinnamon @FrankCourchesne Should know where to look. Under his Facebook post it is as if people wish him ... https://t.co/YgEcW8ODt7,0
Operation Vacc-cafe: caregivers get vaccinated against influenza in their service @ agnesbuzyn ... https://t.co/fOiCbvnQaT,0
"Apparently it is against the flu, which I have not caught since my 10 years",0
"@SalomPerrier (Considering that an alcoholic can demolish health with)
And no one is forcing them to sell anti-flu that does not cure anything.",0
@LilArmyMo It's worse than the flu mddddrrr,0
@leporidze I'm still waiting for the drawing of flu-under !!!,0
"Not having the flu, being on a chair reviewing my control tomorrow while I have the head turning",0
"If you know someone who is considering a flu shot this year, show him this https://t.co/keZZsUpywA",0
It's really nice to have the flu every other week!,1
#Anthrax # Influenza: two new therapeutic targets (NS1 protein and Hedghog pathway) https://t.co/HYI1xBcxtC... https://t.co/8MLWbiRTI2,0
what do the health authorities do? there is an influenza epidemic in this country and I do not see any authority ... https://t.co/iMhcEWyiYs,1
"More than 40,000 birds slaughtered in the Netherlands after the discovery of a bird flu outbreak https://t.co/xqYErFASJa",1
With this + flu it's no wonder I'm so sick https://t.co/TkD9UCryVR,1
"""But she put me in a fever, for hours"" ... the only one able to do this to me is flu.",1
Return of ducks to South-West farms following avian influenza epizootic # i-485 https://t.co/Oi40k2SWUs https://t.co/zjvpk28m9G,1
@szczcharlotte The flu ptdrrr,0
Seasonal influenza: A study highlights the importance of barrier measures in treated children ... - https://t.co/N5t2ecN8cT,0
Avian influenza: epidemics in France - Medisite https://t.co/DJ36q2Xa6n # H5N1 https://t.co/twm85eV5VD,0
Despite my flu has the shower shampoo,1
"""You can no longer live in Paris,"" says @al_rousset, very fit, in Paris. ""It's unbearable, we have pr ... https://t.co/L0ytiPDJyh",0
Toulouse. Back of ducks in the South-West breed after the avian influenza epizootic # i-485 ... https://t.co/pmbd6MVP8k,1
Will the 2017-2018 influenza vaccine be effective? https://t.co/qjSuKtbeak #grippe #geneve #suisse #sante,0
The flu is discouraging everything is egg,1
"accident this morning, traffic jam, arrival late, have the flu .. The day will be long",1
The flu comes back on me Hot,1
@WiddadDZ I have the flu,1
My mother asks me if I have the flu there eh a week ago I have the palu ko,1
@RaphPoireau @ SaphirElle83 @enmarchefr @EmmanuelMacron Stop taking the rich in flu is terrible in Fr ... https://t.co/jjNl1DMTme,1
"If I have a flu start, I will kill",1
(Metronews) #Peasonal Influenza: Should you get vaccinated (and how)? : INFLUENZA VACCINE - .. https://t.co/9ZsM065KfG,0
Seasonal influenza: some tips to avoid it.,0
I had planned one day legs and bah finally I'm doing the super flu,1
@ DocWatson1789 @ ElFlaco93_ @KayiTurk_FR @Qofficiel @hugoclement @RSF_inter The only evidence here C that having the FI e ... https://t.co/4ooxylWsLo,0
# Flu: the role of # animal models in the development of a universal vaccine https://t.co/n1ZSCYBz5l https://t.co/jJKMd8odmA,0
"@yoontotheseok I have a big cold, potentially flu. Welcome to the club of weakness.",1
≡ @ revueterrebonne► Influenza vaccination campaign kicks off https://t.co/RDzyqv3TMv,0
@ImmunizedotCa It would be necessary to check how the spread of the #virus of the flu is done.,0
I still have an intestinal flu I can more,1
@ ZdeX78 Always the flu? : p,0
#SVQ vs can spread the # flu before vs manifest symptoms? Stop the spread - get vaccinated! #vaccinantigrippal,0
Back after a long awful weekend of flu and palu. Thank you for your prayers.,1
"(Avian Flu Prevention) Europe is preparing ... According to EFSA, migratory wild birds crossing ... https://t.co/ss5dGOzFHP",0
@RoussyAlyssa alyssa will not she deal with the flu ??,0
@CassinDe23 @Coeur_Turquoise @MichelleBacrot @ catfan57200 @Amor_LOUHICHI @limon_jaime @hagaysobol You are very dear ... https://t.co/j5Ak2hGKiG,0
"@OphelieGraham Oulaaaaa, it's the period of the sick my sister the gastro and you the flu, I will pick a trick me I feel",1
g never had a flu so hardcore it looks like his on g listens on Saturday night,1
santeblog: How to Get Rid of Stomach Flu: ... https://t.co/ZF8ZqKFbV2,0
"The flu 5 hours before returning to France, thank you karma",1
@Estbxnn Grippe I think,1
"@ realteatime2 @JessyErrero They took her as a flu from her first appearance, although she now says it's a wave of hate.",0
@boukynette Good I will be cool. At the moment I am in the case flu man. Must be able to get back in hand ... https://t.co/UIBbA7XHEF,1
"@Coeur_Turquoise @ CassinDe23 @MichelleBacrot @ catfan57200 @Amor_LOUHICHI @limon_jaime @hagaysobol Depuid? No vaccine, no flu !!!!!",0
"How long does it take for a flu to pass? In the meantime, here is the sequel to the rediff of L'Ombre de la Guerre!
https://t.co/VPruQvuPHr",0
Seasonal influenza: should you get vaccinated (and how)? https://t.co/Wa4jnK0P4j https://t.co/U5A6jhPEDM,0
@oliiviia_blanc You got the flu?,1
"@FirstMag_ Between the photo and the drawing, there are 3 accidents, a coma, two years of flu and a year of famine",0
"You really believe that to know his, you can better cure a flu ??! https://t.co/Lkhk06I1cc",0
The vaccine protecting against the influenza viruses expected in 2017/2018 is now available in pharmacies: https://t.co/0HGA7D07Bh.,0
@LNyaina Influenza? Me bronchitis persistent asthmatiform ... at the end of my life it looks like a truck when I breathe and cough ...,1
Prepare for the # winter and think about informing your pharmacist about #Vaccin against the flu ... https://t.co/afhfVUAaVr,0
"@ 3PtiTours people with flu / cough yes.
Reflecting influenza vaccine according to medical situation with the ... https://t.co/ILq0H2Ss1u",0
"@NiSniF Escape from gastro, flu ... and other viruses",0
"Tuesday tips: flu vaccine, where, when and for whom in 2017? | Practice.fr https://t.co/tRuqolG2a6 via @Practical #practical",0
Seasonal influenza: some tips to avoid it - https://t.co/J7Z9f5f6ks,0
"""Epidemic"" of #influenza # Senegal: What to do to get rid of it https://t.co/jy2ze1K2Rs # Kebetu ... https://t.co/Y5mVmyZuUm",1
It's time to get you vaccinated against the seasonal flu in Monaco ... # News # Principality #Monaco https://t.co/3lm5YxqOcW,0
Seasonal influenza: Vaccines are available ... # News # Principality #Monaco https://t.co/MGULBP8bc2,0
"#Anti-Influenza vaccine: @sanofipasteur invests 170 million in France # health
https://t.co/LAklQJMJPB",0
"I like a video @YouTube: ""BABY ALIVE is SICK: She's got the FLIP! - CALL A NURSE - Demo Toys"" at",0
ptdr jsuis sure that after the flu and the clogged ears I would be constipated immediately after,1
"In my TD group, they had the flu twice, a car accident or an appointment in Alencon at each presentation, the poor",0
Good at the same time vaccines are already developed (especially the one against the flu) in eggs ... https://t.co/LF7dtBlHVd,0
"The Influenza ""Big Pig"" - Thomas Wiesel's Humorous Humor https://t.co/pTt0mWHYLc https://t.co/9wWStHB8Qb",0
I strongly suspect my manhood cold to be actually a flu ... https://t.co/BIHjVRaxTm,1
Soubhan Allah for two and a half years I have not fallen ill and in less than a month I hit the influenza twice,1
I have the flu ptn,1
Flu and Cold - Association France Prévention https://t.co/SiRL20av57,0
Influenza-related deaths,1
"@ Rafinou48 Yeah surely!
There I have the flu. I squeezed!",1
@LeCookieTueur @Parcamatt The commune it is flu-under. But I am very surprised at the result,0
Influenza Scene 3 act 2,0
"@BillcaRpfr @MarshBeverly_ THEN .. TU VAS FLOTTER ALSO * Redeviens flu penny, then pull out my big tooth *",0
Super I have flu + of fever ...,1
"@ jmcoco1 @DDupagne will appreciate. without responding to the blog, or is your case substantiated and sourced to legitimize the flu vaccine?",0
Vaccines: the strange choice of the Ministry of Health! https://t.co/AT3dqsgYbg via @slateen,0
"1h of the mat at home I can not sleep ..tjrs also sick, Flu, Fever ...",1
"""I am sick, completely sick""
A cold or the flu? The bets are open.",1
It is horrible to have his entourage and his sick class. Your flu is strong for me,1
@kinkybambou THIRTEEN days of flu ??? https://t.co/THOMQyBLi3,1
And it may be a consequence of flu colds and everything I have for nearly 3 weeks,1
The ratio Jack / Sprite in my drink is a lot stronger - Perfect ca air helps against the flu! https://t.co/bknMs9vddv,0
@__Niicka__ but I can not sleep auntie. the flu upsets me,1
31 • C I'm under the duvet and I'm very cold ... has the flu bonus,1
LEBRON PRESENTS THIS EVENING! OH IRVING WHEN YOU'VE MOVED THE PARQUET SOON IT WILL NEED TO HAVE THE INFLUENZA OR THE GAST ... https://t.co/2s70uLTlhV,0
Since there is the #denoncetonporc me I militate against my stalker #denoncetamaladie I have an angina or a flu ... https://t.co/spgbwHIKtD,1
News: European Union tries to avoid avian flu outbreak: News: L ... https://t.co/yanupOuA6y,0
@nabil_mdrid it will simulate a flu bizaaaare,0
"We can be vaccinated against the flu, but against this fascist bastard there is only human resistance ... https://t.co/xO0f6D0KuO",0
Influenza: fears of side effects and doubts about efficacy hinder vaccination among seniors https://t.co/Q8ZYZVkwaO,0
"Me: to the throat irritated and is about to catch a flu yet
Also me: sleeps with hair",1
@Lysa_GN To fight the #fluks tests this beauty care technique. https://t.co/XWI60LCFP4,0
"@matyla_sanogo lol, good flu to you",0
@EstellisaBc To fight the #fluks tests this beauty care technique. https://t.co/XWI60LCFP4,0
The flu is determined.,1
good this flu will let go of my arm or not,1
"Y'a 4 days I said ""I prefer to have the flu that .."" since 3j I'm pls in my bed. God punished me",1
tomorrow I have this ptn cross shit I cringe oddly I will chop the flu,0
Vaccination remains the best way to protect yourself from influenza and protect your family ... https://t.co/I3TVllKVyE,0
"@BlogHQL @GillyMacmillan @LesEscales I had read it during a pretty nasty flu, my opinion is perhaps a bit wobbly for the blow.",0
They can make shit ... I took Mathieu out of the flu I want him to clear .... # LMP,0
"@Monsieur_Live Strongly disagree, you took Sidibe flu. Toure made good matches last year but Sidibe also",0
"@ 11:40 pm;
the RER
people chelou
the University
the flu cold
Chadia",1
"Fever, stiffness, dizziness, would not we leave on a small flu of families?",1
And since When We Have a Fever With a Flu?,1
I stop smoking and my body thanks me by flanking me a flu?,1
@Vdb_Loris Fear of the flu?,0
