text,cat2
NN NN selfreference morbidity possessive NN NN IN DT NN CC VB PRP IN DT NN NN NN selfreference need CD NN NN CD NN,1
Temporalwindow NN JJ method JJ VBZ PDT DT JJ environment CC NN selfreference selfreference JJ TO DT order order,1
USR USR NN selfreference selfreference RB JJ NN selfreference MD negator IN NNP NNP,0
NNP NNS CC NN,0
NNP preventive NNP VBZ IN NN preventive viw RB JJ RB better preventive IN JJR JJ,0
VB possessive extent body NN but IN magnitude selfreference VBP negator have DT NN but extent DT,1
vin DT incidence of DT NN NN VBZ like NN Temporalwindow selfreference can magnitude frequency go TO DT JJ NN NN locative DT,1
environment CC NN Temporalwindow vin NNP RB this NN IN magnitude NNS DT NN NN go selfreference selfreference,1
NN IN NNP NNP,1
NNP have Temporalwindow RB DT NN IN DT NN DT CD NN NN NN NNP VBP NN VBZ RB DT JJ NN CC NNP,1
causality of NN NN VBP VBG DT NN NN VBP DT NN negator this NN NN IN NN,1
selfreference get DT JJ NN CC NNP NNP VBP NN VB,1
Temporalwindow IN NN NN RB IN DT NN,0
USR PRP vif you VBP IN DT body vin DT NN CC DT NN VBZ DT NN MD vis VBN Temporalwindow Temporalwindow,1
VBZ IN NN,0
TO extent people DT JJ morbidity viw extent NN,1
body NN people awareness,1
USR NNP frequency VBZ selfreference of NN vor,0
NNP NNP vif CD vis RB JJ IN viw environment environment UH UH VB CD must go RB TO,0
vis Temporalwindow DT RB JJ NN vor body NN viw NN FW RB JJ vor JJ NNP,0
HT Temporalwindow vin DT HT HT HT HT HT HT VB locative IN DT NNP NNP,0
order DT HT NNP NNP VBZ NN IN DT HT vin HT URL agency,0
order Temporalwindow Temporalwindow selfreference VBP IN DT locative NN on DT CD DT JJ NNP NN MD VB TO VB you MD feeling vin DT,0
environment Temporalwindow NNP VBZ NNP morbidity treatment NNP NNP NN CC CC URL HT,0
NNP locative NNP CC NNP NNP order locative NNP IN JJ PRP$ government CC NN NN NN RB VBD,1
vif selfreference get treatment of DT NN Temporalwindow selfreference can RB VB treatment of possessive morbidity IN DT feeling RB,1
NNP VBG viw NN vin locative CC others VBZ WP negator NN have frequency VBN VBN NNS NN NN that Continuance VBZ vin,1
NNP NNP vis celebratory,1
NNP VBZ JJR like,0
USR USR DT NN this vis JJ selfreference RB VBP TO DT NN of that WP vis IN DT Commencement of NN NN,1
selfreference selfreference Continuance VBN viw NN TO ending DT environment CC NN CC NN selfreference opinion selfreference MD VB,1
NNP selfreference feeling viw PRP VBP negator VB PRP vis JJ NNP NN CC NN VB up extent DT,1
order DT NN NN IN preventive URL,0
JJR NN NN but Temporalwindow PRP go JJ NN Continuance,1
visp DT order magnitude Temporalgen frequency JJ CC have body morbidity like DT NN selfreference have RB VBN RB RB,1
NN VBZ NN NN DT JJ IN CD HT CD,1
NNP Temporalwindow RB VB VB selfreference IN Temporalwindow IN selfreference,1
NNP JJ NN vin DT NN NN vis frequency VBG TO have,0
NNP NN vin DT NN NN NN VB VB method magnitude selfreference can VB DT JJ NNP,1
JJS confirmation have VBN that JJ NN vis better IN NN IN CD RB,0
NNS USR USR NN NN when NN can RB mortality IN DT NN DT NN NN vor,0
NNP VBZ DT NN have VBN you,1
JJ NN of NN NN negator NN VBZ,0
extent advisory CC NN IN HT CC HT HT extent NNS IN HT CC HT HT HT HT HT,0
NNP VBD selfreference Temporalwindow extent IN DT morbidity NN causality selfreference Commencement locative viw NN CC negator WP have VBN but,0
order DT NN NN IN preventive NNP NNP NNP,0
NNP morbidity SYM NN viw JJ NN vin NN WP vis PRP$ NN locative NNS CC WP RB VBP you RB VB IN DT,1
NNP JJ NN of NN NN NNS VBP NNS CC URL agency USR,0
USR USR USR have Temporalwindow RB DT NN NNP visp,0
NNP USR USR IN VBD that visp negator causality of NN NN WDT visp extent extent,0
NNP people selfreference have DT NN morbidity Temporalwindow order Temporalwindow Temporalwindow RB extent vin DT NN,1
order NNP CD people VBD vin HT IN HT RB people IN HT CD NNS,0
NNP NNP preventive NNP advisory RB JJ Medicalstaff must give RB DT JJ NN NN,0
NNP on CD vis JJ HT NN DT HT can RB vis VBN URL UFSP,0
WP VBZ CD VBP when DT NN vis DT NN vis JJ vor NN,0
viw NN VBP negator VB DT morbidity NN,0
VBG DT HT NNP NNS NN IN DT NN HT IN HT URL,0
NNS selfreference morbidity IN DT CD NN NN NN just bodyfunction just agency VBG CC frequency,1
NNP NNP CC NNP NN Temporalwindow CD DT NN RB superlative JJ NN HT HT,0
possessive VBD IN DT NN have VBN selfreference UH RB IN NN but NN RB RB IN DT Commencement CC NNP,1
NNP NN vin DT NNP NNP IN NN NNP,0
WP vis you VBG IN DT HT HT,0
USR NNP have DT NN VBD NN Temporalwindow DT JJ NN,0
vis DT JJ preventive advisory DT NN of DT NN DT NNP VBZ IN,0
IN DT NN Temporalwindow VBD DT NN,0
Temporalwindow selfreference have PRP vin VBG VBG selfreference selfreference VBN IN DT NN have Temporalwindow VBN selfreference extent extent,1
VB NN but RB DT NN MD negator vis VBN order PRP vis RB,0
NNP morbidity UH HT HT HT HT HT,1
NNS VBP IN VBG IN NN vin NN RB vin NNP NNP agency USR,0
NNP relationships IN JJ IN DT JJ NN vis negator JJ NNP,0
VBP you VBP TO DT NN viw DT increase morbidity Predisposition viw DT HT VB DT NN URL,0
Temporalwindow VB IN DT NN NNP,0
NNP on CD VBD NNP HT CD HT HT Commencement viw JJ NN NN,0
NNP NN NNP locative NNP vis RB JJ NNP NNP NNP CC Temporalgen Temporalgen,0
NNP NNP NNP NNP vis NNP VBG PRP$ NNP,1
NNP get DT NN,0
USR USR USR NNP USR NNP USR NNP NN vis DT NN CC vif IN extent DT NN NN,0
NNP extent NN of NN NN NNS NN NNS CC JJR JJR,0
NNP NN CC NN locative vis method you can increase PRP$ NN,0
NNP NNP Temporalwindow NN NNP CD vis vin NN NN vis,1
JJ VBP vin JJ NNS VBZ you negator NN,0
USR order Temporalwindow NN,1
USR USR NNP selfreference VBP TO possessive NN of NNP NNP viw NN IN selfreference PRP vis DT better better,0
selfreference MD negator get treatment of this expletive,1
NNP JJ JJ NN DT NN NN must vis like DT NN TO DT NN vin just DT magnitude,0
NNP negator get DT NN,0
NNP NN order UH NNP body VBD DT immunity NN have RB vispp JJ NN NNP NNP SYM get NN,1
selfreference MD frequency vis RB frequency frequency IN NNP body morbidity TO possessive environment CC Temporalwindow TO DT NN vin just DT magnitude,1
Temporalwindow VB IN DT NN preventive PRP CC NNS viw DT preventive IN DT frequency NN NN NN,0
USR USR USR selfreference VBP TO vis DT NN of DT Predisposition NN CC MD RB VB health IN NN,0
Temporalwindow Continuance VBD VBP negator JJ vis Temporalwindow DT JJ NN UH NN NN you just loss selfreference,1
NNP NNP NN NN IN NN JJ,0
USR IN selfreference have DT expletive,1
USR NNP USR NNP VBD NNP but DT NN,0
Continuance RB JJ locative vin NNP NNP URL selfreference have Temporalwindow possessive NN preventive NN,0
VB DT NN VBZ negator VB NN but this NN NN vin DT NNP WDT vis JJ vin NNP NNP,0
VB selfreference DT NN selfreference opinion selfreference have NNP HT NN NN NN,1
DT NNP vis RB VBG TO VB DT frequency Temporalwindow NNS IN NNS CC NN,0
selfreference can negator extent VB IN CD Temporalwindow Temporalwindow causality possessive NN CC environment Continuance vis negator VBG DT NNS,1
USR UH negator you affection affection order DT NNS VBP CC Temporalwindow Continuance,1
HT HT HT visp order of DT NN selfreference Continuance VBP negator awareness IN others can vis VBN vin NNP NNP,0
this vis DT JJ NN that this locative VBZ RB RB IN DT JJ NN,0
USR selfreference have Temporalwindow Temporalwindow,1
USR USR USR apologetic JJ NNS IN JJ NNS visp JJ NNP NNS NNS,0
selfreference have vispp VBN IN NN NN like DT NN of DT Predisposition,0
USR USR NNS NN selfreference VBD but NN vis vin DT NN RB,0
NNS vin DT NN VBZ NN NN CC WP VBZ NN NNP,0
HT magnitude CC magnitude can vis VBN IN NN NNP HT,0
USR Temporalwindow VB IN DT NN preventive PRP CC NN,0
NNP vor JJ DT order NN NN vis JJ PRP VBZ,0
HT IN DT frequency HT IN DT order Temporalwindow vin NN NNP can vis VBN vin DT NNS,0
this people vis advisory DT NN NN,0
JJ detect PRP RB JJ but UH Temporalwindow NN RB JJ CC viw selfreference VBZ just DT NN,0
vin DT incidence of NNP NNP NNS vis RBR JJ IN DT NN,0
USR UH UH you VBP NN like that order PRP vis selfreference JJ morbidity VBP TO VB JJR like DT,0
VB DT comerederie have VBN IN DT NN VBD DT NN visp VBN IN PRP test test,1
NNP NNP CC NNP NNP NNP when comerederie VBP JJR IN DT NN of,0
NN mortality selfreference,1
USR UH you extent have DT morbidity NN selfreference have DT NN UH of NN vis DT NN NN,1
NNP NNP possessive JJ NN vis go JJ NN others visp VBN agency DT,1
NNP NNP NN IN NN NN CC NNP NNP NNP MD you like TO vis JJ NNP NNP can VB NN HT,0
NNP diseasedescriptors NN vor NN NNS agency diseasedescriptors NN vor JJ NN NN,0
NNP NNP must selfreference vor must selfreference VBP vif you vis JJ vin DT HT VB PRP vin DT NN NN,0
have,1
NNP IN DT USR DT NN JJ CC Temporalwindow selfreference opinion RB extent NN VBP,1
JJ affection viw NN NN CC JJ body NNS URL,0
DT NN morbidity vis DT NN of JJ NN Temporalwindow others vis RB CC others MD Temporalwindow vis immunity TO VB,1
USR vis extent VB PRP VBZ DT environment of DT NN CC NN vis just DT,0
NNP NN of HT magnitude NNS this Temporalwindow HT NN NN HT VB IN magnitude NNP vin DT locative locative,0
NNP you awareness NNS VBP vif you need TO vis VBG DT NN you can just VB vin DT Temporalwindow vin DT NNP,0
NNP VBP NN MD get DT NN negator DT JJ environment vis DT NN possessive NN VBP vispp VBG TO PRP IN DT,0
NNP JJ NN vis JJ have NN DT JJ NN visp negator RB viw DT treatment NN method VBZ others awareness vif others have,1
possessive comerederie RB VBZ NN vin extent VBP DT NN,0
NNP reduce of DT VBG NN expletive JJ,1
NNP preventive NN IN NN HT NNP HT NN HT treatment,0
selfreference frequency have DT NN RB order DT NN vor environment NNS JJ,0
viw this NNS you preventive DT morbidity viw DT JJ NN,0
NNP vis extent vif selfreference VBP negator VB TO NNS viw possessive NN selfreference selfreference RB JJ CC VB selfreference get DT NN give,0
JJ NN CD Temporalwindow JJ NN of mortality CC RB selfreference selfreference on DT NN TO obligative,0
JJ Temporalwindow Temporalwindow positiveemotion SYM VBZ SYM NN SYM locative NN of DT NNP HT NN VBZ health TO VB IN viw NN DT NN NN SYM NNP SYM DT JJ Temporalwindow,0
NNP RB can selfreference VB others advisory NNS CC NN NN viw JJ NNS IN JJ NN viw environment environment,0
NN VBP VBN RB RB extent magnitude RB JJ Temporalwindow visp VBG DT JJ NN extent JJ,0
preventive vis NNP CC DT JJ NN vis opinion negator DT NN vif you VBP CD of DT Predisposition NNS NNS,0
NNP NNS vis negator JJ NNS this vis DT order NN IN DT JJ NN IN,0
NNP extent DT Temporalwindow like DT NN but PRP VBZ negator VB RP,0
USR you,0
emotionalsense RB that DT NN have VBN DT JJ NN NN RB temporaladj vin DT NN CC negator PRP$ morbidity NN UH,1
UH JJ NNS DT NN VBZ IN NN selfreference morbidity RB HT IN DT NN NN VBG you RB DT JJ JJ Temporalwindow,1
USR selfreference can VB NNP RB RB DT NN must RB VB,1
USR vif PRP VBZ IN Temporalwindow on CC you vis extent VBD PRP can vis DT,1
selfreference selfreference extent IN DT NN NN expletive NN CC selfreference SYM must SYM Temporalwindow NN,1
NNP USR USR NNP selfreference government vin DT JJ Temporalwindow frequency VBZ IN DT NN NN Temporalwindow NN just need TO VB VB,1
NNP NNS VB JJ body VB NNS VB NNP UH,1
NN vin DT JJ PRP$ HT CD NNP NNP extent of DT NNS IN NNP NNP,0
others VBZ PRP morbidity causality others have DT,1
VBG vin NN TO DT NN Temporalwindow Continuance VB NNP,1
VBP you have this JJ,1
VBP negator VB WRB negator NNS VBP visp morbidity NNS CC JJ CD NNS JJ CD CD NNP selfreference JJ VBN viw DT,1
selfreference just VBD CD NNS NN CC selfreference RB IN DT NN selfreference opinion,1
NN CC NNS CD NNS IN environment WDT extent calls,0
NNP agent IN DT order NN TO DT JJ NN IN NN NNP agency,0
NNP Temporalwindow VB NN JJ NN NNS IN,0
NNP VBD selfreference VBP vin NN TO DT NN Temporalwindow DT JJ environment CC NN IN selfreference can negator Commencement DT obligative NN,1
USR RB Temporalwindow vis probability DT order JJ Temporalwindow of DT NN you can RB VB DT NN NNP NNP,0
NNP VBZ advisory on DT NN of body NNS NNP HT NN HT HT,0
NNP NNP vis probability RB JJ selfreference MD Temporalwindow up but DT NN have VBN NN,0
have NN VBD CC magnitude frequency possessive NN VBD selfreference RB feeling JJ JJ NN expletive you NN,1
NN CC environment CD NNS calls viw environment,0
NN UH NNP NN UH NN CC NNS CD NNS calls viw environment NNP HT HT HT,0
NN CC NNS CD NNS that calls viw environment,0
USR NN NN selfreference opinion locative vis RB worsen IN NN but DT NN,0
NN vis Continuance VBN vin DT demographic NNP NNP NNP,0
DT agent NN vis JJ but JJ TO immuneresponse causality PRP VBZ JJ JJ NNS NNS,0
USR selfreference opinion Temporalwindow RB order DT Temporalwindow NN CC feeling like order DT NNP SYM,1
NNP preventive vin Temporalwindow NN,0
NNP selfreference VBP negator VB DT NN WDT vis extent JJ,0
NNP you have JJ NN get RB JJ,1
NNP get RB JJ DT JJ JJ NN vis RB JJ this NN vis TO selfreference NN VBZ,0
NNP can selfreference just go IN DT Temporalwindow NN order NN vis get JJ NN vis Continuance go IN VBG JJ NNS VBP,1
HT Temporalwindow VBP HT HT HT RB demographic people must body RB HT HT HT HT HT HT HT HT HT HT HT HT HT preventive,0
NNP VBZ negator VB IN VBZ CC VBZ negator VB DT NN selfreference opinion others have DT NN vor NN,1
environment JJ VBZ NNP NNP NNP NNP NN CC CC URL HT,0
NNP treatment NNP have just vispp VBN URL gratitude TO USR USR NNP,0
UH CD Temporalwindow vin DT JJ Temporalwindow Temporalwindow others VBD PRP DT NN NN RB Temporalwindow VBD TO selfreference DT awareness awareness,0
NNP VBZ DT NN VBZ DT NN NNP on DT JJ NN VB RP preventive NNS IN DT NN,0
vif NN VBZ DT NN selfreference VBP PRP JJ TO VB calls dispersal selfreference IN JJ awareness SYM VBD,1
USR NNP NNP IN selfreference get,1
NNP NNP NNP VBD IN DT NNP IN DT NN morbidity evaluative NNP,1
NNP NNP NNP UH MB get DT better better NNS RB NN causality selfreference selfreference morbidity CC Temporalwindow have RB locative locative,1
NNP NNP NNP NNP CD NNP vis VBG vin HT IN DT HT HT HT,0
locative treatment vis NN causality of NN agency DT NN VBZ DT NN method VBP you detect DT NN CC DT NN but VBP DT DT,0
environment Temporalwindow NNP VBZ NNP NNP viw NN IN NNP NNP NN NN URL HT,0
USR NNP NNP NN vis negator that that NN Commencement JJ possessive relationships have VBN,1
NNP NNP Temporalwindow probability DT change of DT NN have incidence RB viw NN vor NN negator JJ IN,1
NNP extent NN NNP VBZ vis DT NN HT,1
WP on DT negative NN order JJ NN vin JJ people VBP JJ NN vin JJ,0
NNP people CD VBZ locative VB NN NN vis NN selfreference VBP NN NNS CD VBZ DT NNP NNP,0
NNP NNP NNP VBZ RP Temporalwindow CC probability NN vin NNP viw NNP others VBZ NNP,1
NNP DT JJ vin NNS CC NNP NNP HT HT HT HT environment environment,0
Temporalwindow Temporalwindow NN obligative CD Temporalwindow NN VBP JJ obligative frequency NN CD NNS bodyfunction NN NN vis,1
VBP VB IN IN DT Continuance JJ environment CC NN CC,1
NNP vif DT negator NN vor environment have selfreference opinion vor JJ,0
environment JJ VBZ NNP morbidity NNP NNP NNP NN CC CC URL HT,0
USR possessive NN RBR VB causality NN SYM,1
NNP DT body NN NNS CD have NN NN NN but DT NN vor vor,1
USR NNP magnitude you vis negator viw NN NN vin DT,1
NNS NNP NNP TO morbidity NNP NN NNS body NNP morbidity,0
NNP NNP locative treatment IN NN NN HT JJ environment,0
USR RB CD must RB order NN VBP VBG negator just causality of NN VBP DT NN of of,1
Temporalwindow VB IN NN URL agency,0
NNP NNP NNP have vispp DT NN IN CD NNS CC NNS CD TO CD victim DT NN IN NN,0
USR NNP USR USR NNP NNP VBG vis vin negator like NNP NNP IN DT Commencement of DT,0
NN vin NNP NNP RB CD TO CD visp RB NN NNS RB VBN RB RB,1
NNP vor NN NN DT NN IN DT NN CC DT JJ morbidity vis IN magnitude NN NN,0
NNP CC HT negator vin DT NN DT NNP HT VBN Temporalwindow DT Temporalwindow causality of DT NN NN,1
HT NNP NNP NNP DT NN of NNP NNP HT HT HT HT,0
NNP NNP DT NNP HT HT URL HT HT HT HT,0
must vis VBN IN NN,0
NNP locative of NNP reports negator incidence of NN NN,0
Temporalwindow VB IN NN,0
must vis VBN IN NN NN preventive vis JJ RB JJR people CC NN NN,0
NNP Temporalwindow NN UH just NN on NN CC vin DT Temporalwindow Temporalwindow IN NNP selfreference JJ TO UH UH NNP weight,1
DT NN when DT NN treatment RB VBZ TO,0
NNP NNP NNP HT URL HT HT HT must CD vis VBN IN NN HT HT HT,0
NN IN DT NN DT JJ incidence NNP CC NNP NN vis VBG NN UH NNP NN NNP RB HT,0
NNP UH selfreference have possessive Temporalwindow celebratory NN DT NN visp DT CD Temporalgen NN NNP PRP vis JJ TO,0
have DT NN Temporalwindow but selfreference feeling extent NN IN vif selfreference have DT NN vor NN NN,1
NNP selfreference feeling RB RB extent that selfreference have NN viw NNP vin locative morbidity CC NN Continuance obligative obligative,1
NNP NNP VBZ NNP CD NNP NN CC CC URL HT,0
NNP NNP have selfreference DT NN NN vor WP PRP VBZ frequency,0
NNP NN vis JJ NN,0
Temporalwindow possessive body VBZ NNP MD vis DT NN of possessive NN DT NN CC possessive JJ NN,1
USR USR NNP NNP RB CD Temporalwindow of NN CC magnitude frequency VB DT extent,1
USR NN negator RB Temporalwindow locative vis RB magnitude NN CC CD MD vis RB IN extent NN MD have IN IN,0
NNP Temporalwindow IN NN CD Temporalwindow IN NN Temporalwindow VBZ VBZ possessive immunity NN NN,1
NNP USR order Temporalwindow visp RB but CD Temporalwindow IN others visp morbidity NN NN but PRP visp negator negator,1
USR VBZ go IN NNP JJ NN CC NN CD CC,0
NNP CD vif you obligative vin DT environment CC viw NN VB JJ Temporalwindow NN vor CD DT Temporalwindow environment VBN VBN,0
NNP treatment IN NN HT HT treatment HT JJ environment HT JJ environment HT NN NN URL,0
NNP IN NN URL Temporalwindow have VBN CC extent have RB vispp viw DT DT,0
causality of DT JJ NN selfreference can negator Temporalwindow NN causality selfreference RB JJ NN CC negator NN,1
Temporalwindow Commencement negator NN CC selfreference have DT Temporalwindow of DT JJ NN VBD CC selfreference VBP locative like DT order NN VB selfreference DT,1
NNP VBG viw NN locative RB selfreference MD have VBN possessive extent NN NN NNP Temporalwindow CC CD CD,1
NNP NNP preventive vin VBG DT NNS VBP,0
USR selfreference visp Continuance Continuance expletive when selfreference visp CD Temporalwindow viw weight NN IN,1
NNP you must extent VB WP DT NNP vis better vif you VBP negator have DT NNP SYM VBN viw NN,1
NNS USR NNP causality DT NN can vis RB RB JJ CC RB,0
vis DT HT preventive JJ TO VB DT NN preventive NN of DT USR VBZ NN URL,0
NNP NNP VBZ NNP NNP NNP NN CC CC URL HT,0
selfreference opinion PRP vis RBR IN NN selfreference VBP negator like DT NN NN have DT order Temporalwindow DT JJ,0
Temporalwindow selfreference can Continuance VB possessive body IN NN selfreference MD VB frequency viw HT HT HT HT HT HT HT,0
CD NN IN DT NN VB PRP$ NN of NN URL USR USR HT,0
NNP NNP vis RB order NN NNP NNP viw possessive JJ NN CC NNP NNP vis RB RB,1
gratitude JJ body that Temporalwindow frequency DT RB RB recovery NN magnitude frequency JJ Temporalwindow probability negator NNP,1
WP VBP negator VB selfreference VB this NN IN NN CC RB VB,0
NNP NN NNP VBZ on HT NN preventive HT NNP HT,0
NNP NN vor NN PRP VBZ negator VB vif you have,0
VB you VBD negator VB IN NN but PRP have extent incidence selfreference composition viw DT NN NN opinion PRP VBZ frequency Temporalwindow,1
treatment TO VB order NN of DT JJ NNP immediacy VB NN SYM NN just VBP negator get,0
NN negator opinion RB RB others Continuance VBZ IN NN mortality NN NNS VBP NN JJ JJ,1
NNP method VBZ HT HT calls viw NN NNS USR USR USR USR,0
CD can VB TO possessive treatment people vin DT extent NN viw JJ you can RB VB NNP NNP NNP,0
USR NNP WP VBZ TO vis JJ,0
IN you can VB DT NN HT environment HT HT,0
NN preventive NN selfreference Continuance VBP NN,0
NN preventive NN NNP people viw diseasedescriptors NN body demographic vis RB vulnerable vulnerable,0
DT NN of DT HT NN HT NNS vis JJ DT NN of DT NN NNS RB,0
NN selfreference RB feeling PRP vis negator RB morbidity JJ NN NN NN selfreference VBP negator VB that VBZ selfreference CD test test,0
USR RB JJ DT NN preventive,0
USR have RB Temporalwindow DT JJ NN but that vis CD NNS,0
USR NNP have Temporalwindow DT JJ NN CC Temporalwindow selfreference have DT preventive selfreference have NN,0
USR have NN get negator NN,0
VBG viw DT environment vor NN vis RB DT JJ travel URL agency,0
NN VBZ,1
JJ NN IN DT JJ vis JJ NNP NNS CC NN must vis,0
NN Temporalwindow vis RB JJ WP can you VBP IN NNP NNP HT HT environment,0
NNP VBZ on preventive people IN CD body NN NN CC treatment NN must vis ability TO TO,0
USR USR UH NN NNS frequency calls extent IN DT NN of DT order NN,0
CC frequency DT NN NN HT RB CD RB IN NN NN,0
environment JJ VBZ NNP NNP NNP NNP advisory CC NN NN CC NN NN URL HT,0
USR selfreference must vis JJ vis VBN locative agency relationships viw positiveemotion mortality NN but NN NN NNP NNP NNP NNP NNP,1
but VBP negator go TO vis ability TO VB NNP CD,0
NN NN superlative awareness WP NN VBZ RB when DT NN vis negator RB go go,1
USR UH selfreference opinion PRP VBZ JJR vis extent JJ RB environment vor,1
NNP NNS visp others extent RB you VBP selfreference visp RB morbidity causality of NN order NN JJ,1
USR gratitude PRP VBP negator JJ DT NN vis activities IN NN vor NN morbidity,1
NNP WP DT NN RB JJ NN IN you CC PRP$ NN NN have others RB,1
USR NNP but selfreference VBP negator need,0
NNP JJ NN Temporalwindow TO VB JJ extent JJ you can Continuance VB DT NN but you have TO go negator temporaladj IN DT NN,1
environment JJ VBZ NNP NNP NNP NNP NNP NN CC CC URL HT,0
USR NN vis probability JJ NNP HT,0
NNP NNP NN,0
NNP NNP USR selfreference detect NN RB VBD negator causality of DT NN RB TO NN NN,0
USR USR but RB vin DT NN this NN RB negator environment vor,0
NN NN VBN people vis RBR morbidity IN JJ CC NNP NNP HT HT HT preventive preventive,0
USR USR WP VBZ DT NNP,0
Temporalwindow CD NNS JJ CC feeling like selfreference have DT,0
NNP CC NN vin DT NN negator JJ NN VBZ that NN,1
NNP NNP VBZ NNP CD NNP NN CC CC URL HT,0
NNP NNP have NNS NN URL HT,1
environment Temporalwindow NNP VBZ NNP morbidity NNP NNP NN CC CC URL HT,0
HT vis IN extent HT NN selfreference give HT method you can ending DT JJ HT HT URL,0
NNP VB like possessive NN NN vis you NNP have NN CC VBP DT NN NN UH HT HT HT HT,1
USR agency VBG DT NN you get JJ NN IN this IN NN of RB DT NN of NN TO selfreference,0
USR NNP NN VBZ RB RB JJ order preventive IN NN,0
NNP HT NN DT HT VB on HT NN IN DT HT Medicalstaff vin HT VBP VB,0
vin DT NN Continuance VBZ Temporalwindow extent JJ NN selfreference RB VBP IN DT NN of possessive NN vor,1
NNP NNP morbidity negator viw this NN NN HT URL,1
USR NN NN,0
NNP NNP just VB NNP CC NN vis NN,0
NNP causality IN NNP CC NNP HT HT HT HT HT,0
NNS VBP Temporalwindow you can VB WP you VBP JJ JJ gratitude viw NN TO DT order NN NN DT,0
USR NN,0
NN NN NN vis Commencement TO NNP VBP selfreference need NN NN NNP HT,0
NN NN VBZ IN NNP VBP selfreference need NN NN,0
HT NN VBZ TO VB VBP selfreference need NN NN,0
NNP NNP RB IN DT NN of NNP NNP URL agency,0
USR USR NNP USR USR NNP USR NNP USR USR USR USR NNP PRP PRP,0
NNP VBG locative vin NN DT NN vis VBG NN DT immuneresponse vis RB reports VBP VBG DT NN,1
selfreference selfreference JJR NN IN,1
NNP NNP NN on DT NN,1
Temporalwindow NNP NN morbidity RB just DT JJ JJ NN Temporalwindow NN body morbidity RB but JJ NN NN NN,1
USR extent IN NN NN VBP you need NNP,0
NNP NNP NN IN HT Temporalwindow IN NN,0
selfreference have NN VBD JJ VBN possessive body CC Temporalwindow selfreference feeling JJ NN UH NN frequency,0
NN vin DT NN NNP NNP NNP NNP advisory DT preventive of RB selfreference victim CC CC,0
causality of NN NN treatment obligative NN you can VB DT JJ obligative vin CD Temporalgen agency DT obligative NN of DT NN NN NNP,1
NNP USR NNP vis NNP NNP viw NN NN CC WRB vis NNP NNP VBG vin this,1
NNP NNP NN UH viw NN,1
vif DT VB NNS IN opinion DT JJ HT treatment treatment,0
NNP NNP VBZ NNP NNP NNP CD CC NNP NNP NN CC CC URL HT,0
VBP morbidity CC PRP vis negator possessive NN NN,1
Temporalwindow selfreference awareness that selfreference have frequency extent JJ order NN selfreference like viw DT JJ JJ,0
NNP Temporalwindow NN VBG viw NN NN can negator RB RB on NNP,1
USR possessive NN vis get morbidity of NN but that vis JJ IN NN visp DT JJS NN selfreference frequency,0
NN selfreference have DT JJ NN NN selfreference selfreference JJ selfreference selfreference JJ VBP,1
NNS USR NNP selfreference VBP JJ NN vis JJ but vif you have NN extent CC CC,1
USR RB DT HT have just vispp DT RB JJ NN WDT Temporalwindow RB NNS,1
USR JJ NN can apologetic IN DT order Temporalwindow NN NN NN vis negator RB but follow NNS CC NN NNS HT,0
DT treatment give selfreference DT NN VBZ opinion PRP VBZ CC selfreference selfreference VBN IN,0
NNP USR have selfreference RB VBD TO go NN but have NN CC must morbidity temporaladj,1
NNP NNP NNP,1
NNP USR USR USR probability of JJ NN NN IN DT Medicalstaff Medicalstaff,0
NNP USR USR USR IN selfreference VBP selfreference have NN just DT CD Temporalgen VBP VBP,1
NNP NNP NNP NN IN NN Temporalwindow IN NN NNS URL agency agency,0
NNP CD VBD you have NN CC NNP NNP NNP NN NN vis DT DT JJ agent NN extent DT extent extent,0
NNP NNP preventive IN NN vis advisory body JJ people IN CD NNS viw increase NN NN,0
Temporalwindow NN IN NN selfreference vis VBG DT NN NN of DT JJ Temporalwindow NN VBG TO DT DT,0
preventive NNP VBZ RB RB NN IN NN Temporalwindow IN DT NN,0
can VB NNP vif you NN CD CD selfreference,0
NNP NNP NNP NN VBP VBD DT NN,1
USR VBP you frequency have that causality of DT JJ morbidity magnitude RB JJ viw NN,0
UH NNP order CD NN JJ CC Temporalwindow VBP NN NNP get RB IN NN vor VBP you,1
Temporalwindow NN RB better Temporalwindow JJ NN VBN agency DT NN feeling CD Temporalwindow of morbidity DT NN,0
USR USR USR USR USR USR USR RB you CC PRP$ relationships vis NN NN,0
USR NN NN,1
NNP NNP VBZ NNP NNP CD NNP NN CC CC URL HT,0
USR NNP NNP,0
NNP USR VB TO DT NN possessive NN VBD selfreference IN VBG viw JJ people DT,1
NNP NNP IN JJ treatment VBD DT NN NNP NNP have RB DT HT,1
NNS USR but IN NN vis NNP JJ JJ CC vin PRP RB VBP frequency frequency,0
NNS NNP selfreference get DT NN,0
environment NN CD NN NNS URL,0
USR USR NNP vin NN CC environment selfreference treatment RB JJ this can of NN vis RB RB,0
VB DT Commencement of DT NN locative NNS vis JJ but DT magnitude JJ NN NN TO VB IN NN NN NN,0
USR DT NNP possessive relationships magnitude VBD NN vis NN NN negator NN DT NN viw DT vector selfreference have VBN NN,0
NNP order possessive CD NN have viw CD locative IN CD NN selfreference VBP PRP IN selfreference can negator have,0
Temporalwindow Commencement frequency DT NN NN vin DT USR VBN HT IN NNS DT HT NN preventive VB VB,0
NNP CD vin NNP NN JJ NN NN IN NNS vin DT NN Temporalwindow JJ NN,1
USR UH NN just need TO VB DT NN IN RB JJ NNS CC CC,0
vor UH NNP causality UH NN JJ NNP NN NN NN vor VB DT incidence vis VBG PRP$ NN HT,1
NNP selfreference VBP but order selfreference have DT JJ NN CD NNS IN selfreference frequency need NN CD Temporalwindow IN IN,0
NNP VBP VBG IN vif selfreference probability RB RB DT NN NN NN,0
NNP NNP preventive IN NN advisory body JJ people IN CD NNS viw increase NN NN,0
VBG NNP selfreference VBP JJ this extent NNS vis worsen IN DT NN causality DT JJ selfreference get treatment,0
NNP NNP have NN TO VB viw,0
VB this NN preventive vis this extent JJ have RB RB extent magnitude vin CD NNS IN vif that visp IN extent,0
NNP USR NNP USR NNP selfreference visp RB JJ can vis just RB JJ that PRP extent DT NNP NNP NNP,1
VB DT NN vin PRP$ NN TO VB negator JJR NNS causality TO environment vor JJ,0
possessive NN like NNP NNP NNP order have DT NN CC NN IN Temporalwindow IN others VBZ JJR give PRP JJ NN NN gratitude IN,0
NNP CD vin NNP have VBN NNP USR,0
NNP DT NN magnitude of people vin NNP mortality IN DT NN preventive vis DT magnitude JJ order order,0
JJ NNS DT NN NNS CD Temporalwindow DT NN viw environment RB VB VB,0
NNS USR vif you have RB VBP PRP vis JJ,0
NNP NNP USR selfreference have negator VB DT NN CC VBD TO Commencement frequency NN vin this incidence NN NN,0
NNP NNP VBZ NNP morbidity NNP NNP NN CC CC URL HT,0
NNP HT can negator VB vin NN HT NN causality of DT NN NN IN HT CD NN,1
JJ NN NN NN Temporalwindow NN NN WP vis Continuance JJ NNP NN NN NN NN,1
NNP NNP selfreference opinion extent environment vor,1
NNP NNP USR NNP have selfreference frequency VBN IN NN Temporalwindow selfreference frequency have DT NN HT negator,0
USR NNP USR NNP NNP NN vif Temporalwindow DT NN Commencement magnitude Temporalwindow NN frequency RB RB vif you you,0
NNP HT HT IN DT NN URL HT NN,0
vis DT NN VBZ vis ability TO VB DT NN CC NN IN DT NN locative visp frequency VBN but selfreference selfreference increase,0
USR USR NNP vis just DT NN NN body TO CC agency,0
NNP NNP NNP vis Continuance VBG vin DT NN MD vis JJ IN HT HT,0
Temporalwindow VB IN NN,0
morbidity frequency VBG viw DT opinion selfreference MD have NN CC negator just extent,0
IN HT negator JJ HT NN IN JJ NN URL USR HT,0
