text,cat2
"Startup idea: I cough my flu bacilli into a glass and sell it as a muscle building preparation. I want 100k €, offer 5% company shares",1
Now something else: How long does such a miserable cold / flu? I am lucky to the last ... https://t.co/gfBKRDRTuE,1
@daverouge @JH_Gruszecki No. I am also unturned to: I will not at Cottbus-Freiburg-Qəbələ-PAOK-alleswa ... https://t.co/kkQvgXbsgV,0
BEFORE: colds and flu https://t.co/oC1kxZ8ljV,0
Saxon Vaccination Commission calls for flu prevention with four-fold preparation. Much better protection than cheaper triple vaccination.,0
"Bruuuuuuuhhhhhhhhhh, my whole head hurts. But at least I do not have a flu but only a cold.",1
"In the case of a flu everything tastes like cardboard.
Since I can once again go to the Chinese snack bar around the corner.",1
Cold and flu time in Germany. Also this year for many workers the question arises: Go i ... https://t.co/gMELmv1u5g,1
Flu de merde ... !!!,1
"Junior has now also the flu.

From the nursery, the 10 minute clock sounds: ""Mama, I'm dying.""

He's already a real man! & Lt; 3",1
"Because of flu ...
I'm doing the fruit salad here. The chew. Not this smoothie pampe for toothless. https://t.co/sIgvrOkFd5",1
I got a little flu - & gt; Netflix + tea + writing,1
"Time for flu vaccination, especially for the elderly! https://t.co/VMmQbxwxhC",0
@Sonstwer What if you look at the nose in the opening. and the handkerchief covers the face. Will be used during ... https://t.co/16OrF9Rz8l,1
Means against flu https://t.co/HE9TYiVab9,0
to all people the other infected with mild flu. https://t.co/yn0pvRXfy3,1
stomach flu people know you,1
@Frank_Eilers Influencer always reminds me of flu or diarrhea,0
"@ fronk23 if one is fatally diseased, as with cold ... uh ... flu, one must go back to bed.",0
"Are then a very long pony or mouth guard with flu etc. also disguise, or ...? D '|",0
#Wallis Today in the #WalliserBote. #Fussball #WM #Grippe #EHCVisp #Pilze Click here for the E-Paper: ... https://t.co/xxayAWZtT0,0
Before the # Crib: CUD prompts campaign for the #impulse in #MV https://t.co/I3NZIfv1Wo via @OZlive,0
"After yesterday evening I see for the home game on the 1.11. a moderate APOEL flu will come to us, you will feel in the ranks.",0
Cold season - apo-discounter Offers Liponasal Nasal Care Spray: Category: Flu & ... https://t.co/RbmUfXgO6S% # Quickberater%,0
"""Maneuver"" South Korea & amp; USA before North Korea. // At present our agency & amp; -weeks. Flu slightly better. LG",1
If I get rid of the flu then I can finally take care of my depression again. The feels already neglected.,1
"I'm lying with flu in bed and he does what no one has ever done .... ❤❤❤
Madness .... that still exists - in love",1
"Flu?
Yes, is Christmas today?",1
"Influencer.

Sounds more like flu.",0
@stefanolix @ The technician This is ausgelutscht. I also belong to the community of those who are at the beginning of flu ... https://t.co/R4xUsQfO7q,1
"I am still stuffed with medication to stop a cold / flu / cold!
I hope I will make it!",1
"@TheFineLine I feel with you. Do not let yourself be stressed. Here, flu and migraine make up all the plans.",1
Before the flu: campaign for vaccination https://t.co/7uNlFDpCFZ https://t.co/v18X3soiYE,0
"@Quasseltier flu this, but today it went again. Tomorrow still rest",1
"Was the last few months always tired, and have body aches like a flu, I have also decreased, so ... https://t.co/5cGVDlYhuP",1
Flu affects gameplay ... - THE EVIL WITHIN 2 # 06 https://t.co/B8hqVzc4aM,1
"So now right flu!

Notify me as soon as I can!",1
"@Susa_Cosplay good improvement in any case, flu is always shooting to have ~",0
"Ha, flu in the train replacement bus - let's see how many I can infect!
The new Challenge: D",1
Latest findings have shown that red wine is better against flu than one commonly thinks.,0
"@hoechts @davidermes @The technician Previously, when one could almost die from a flu, a supple tooth or diabetes?",0
"@Susa_Cosplay auweia, the flu has caught you ?? : c",1
"@neingeist Yes, of course. Stress-free, no one needs flu.",0
"Some tips and info about #Grippe and #Krebs ...
Some infos about #cancer and #flu ..
#winter #herbst #autumn ... https://t.co/sr2VLHz9gw",0
"it hated me now all at the emergency service, because I arrive here with flu and not what has worse, but hey.",0
Before the flu: Campaign for vaccination - Hamburger Abendblatt https://t.co/LKreiBUGHN #Mecklenburg,0
"* Cough *
Couch with thick flu in bed!
What are your (unusual) house recipes and what else do you regularly take from the pharmacy?",1
"Shocking: Full list of flu vaccine ingredients carcinogens, neurotoxins and https://t.co/JSUDw4mLOD via @ news-for-friends.de",0
@like_a_jule @shadow_phantomi @MedombiePriv Had times so ne flu. Boah was disgusting,0
"@shadow_phantomi @MedombiePriv @Amai_Sakura As said that was not because of salmonella poisoning, which was some ... https://t.co/IOIgUdGTpI",0
"So people I had the flu, lay since last week Thursday almost only in the bed! 1.2",1
"Last year, 28 people died in #Germany at #Germany. Especially people over # 80 years.

https://t.co/VQ2aAoAyFO",0
Flu: Saxon Vaccination Commission recommends four-fold vaccine. Doctors should give exactly the right indication. ... https://t.co/lOYuHOW5lJ,0
"CH. On 3.11. is national #Recipes day. The #Spitex can also be vaccinated.
https://t.co/PSppjKlFa6
@BAG_OFSP_UFSP",0
What does one do when the midday is the morning? Be desperate? Or swine flu?,0
With flu do not enter the emergency room https://t.co/gwoHLqWNdN,0
Matching the # AOK facts box for the topic #Impfung against #Grippe https://t.co/WkVIL1VKPP https://t.co/oGIMK589l8,0
"@Kostaaas I suffer from the 24/7 flu
-null motivation
- just sleeping
- just by dreaming
and never present",1
"Film: Hiszpanka / Spanish flu today 19:30 - a beautiful, slightly crazy historical fantasy #Polen #Paderewski
https://t.co/F8NWaUabTF",0
"My loved ones, the flu has caught me -.- 'Unfortunately out today, but tomorrow hopefully back at the start !! & Lt; 3",1
Healthcare office in the Market Center against influenza https://t.co/zFT8DIdDSv https://t.co/u5YYrICfhf,0
What are you doing against the # Crib? https://t.co/VuFZoYDOaI,0
@ Solutar92 Has the flu jumped you? Then a good improvement! -Rada,0
Is the triple vaccination recommendation a thing of the past? The STIKO thinks about https://t.co/Fm4Cbv6buM,0
From the scvnupfen now became the flu. oleee,0
Now I have it in writing ... I am written ill. The flu has now caught me completely ... https://t.co/gZcfU8eT6c,1
"Sensitize yes, but hopefully the flu will not be evoked before it is there. https://t.co/HHzGguEe06",0
"Laryngeal inflammation :(
#grippe #krank #erotics #croweln #bett https://t.co/fFhsM1xLRG",1
"Experts advise against vaccinating against influenza in autumn. Ideally in October ... via @AZ_Augsburg
https://t.co/bN5y75zezn",0
"Vaccine boss so ""oh, so ne small flu is not bad""
Me: https://t.co/MMim2nK1uv",0
Do you belong to a group with an increased complication risk with a #Gripper? Make the check. https://t.co/etlNM1QMsQ #iph,0
Now vaccinate against the flu. https://t.co/tpEuMgEqRi https://t.co/osO07F2Wum,0
"#OTD on 17.10.1849 died Fryderyk #Chopin. 25. #Leipziger #Chopintage start with ""Spanish flu"" ... https://t.co/nra5sMqHE3",0
"GÜTSEL HEALTH

Grippeschutz: North Rhine-Westphalia is particularly impfmüde

KKH recommends: October and November ... https://t.co/p6tvDMzNuj",0
Influenza Axis: Quadruple Influenza: Is STIKO Changing Its Recommendation? https://t.co/M4gAeCKNw1,1
"So, got the flu vaccinated.",0
@sachsenlust @Upsilupsi @ Liane13 @ nicosemsrott @ PuestzenStern racism is an opinion and if at all a G ... https://t.co/PByFM8l9kg,0
"Shocking: Complete list of flu vaccine ingredients - carcinogens, neurotoxins and more .. | ... https://t.co/IPjNaOT1JJ",0
It's flu and cold. Here is how you can increase your defenses: https://t.co/4FJh7bWHe8,0
"@OliverMusikYT New week starts. Patricia, 15, is in hospital. Flu is cool.",1
"why I'm in good hands makes you no flu, folks.",0
@MiiMiiTV Last week flu lolli,1
@Bern_hardL @ Peter_Pilz I refer to their comparison of Peter Pilz with flu. For me it is the better ... https://t.co/Td2xep95yU,0
I will not get rid of this stupid flu-thing,1
"For pure domestic cats, a front door must be like a portal to a flu in just a few weeks.",0
"Do not get a flu, folks.",0
"Pharmacist: yes, after nem Pfeiffer's glandular fever, the immune system has already been weakened, here, Immunstärker!
I: * get flu *",1
I will never be well again ..... From Pfeiffer's gland fever to his cold and then to a flu in just a few weeks.,1
Now vaccinate against the flu - protect themselves and others - With the vaccination against the seasonal flu leave ... https://t.co/VxOJv8s2P9,0
@GabileinDe @ der_fisch001 I refuse to be a member of a risk group and would rather stay healthy without flu vaccination!,0
"Yesterday still claimed I'm not sick, is now the opposite case. Hello Flu ... You just missed me ..",1
"Dear nen firm friend, as ne
FAT GRIP!",0
@MiiMiiTV So I have a fucking flu,1
@ RandyNe95932766 @ bluererelefant Wanted Strolz but the flu (Spanish);),0
"Still fairly quiet here in Germany ... https://t.co/0A91WXEl64
I have today my flu vaccination collected. #influenza",0
"No, a flu does not catch me. BUT THIS MONSTER PICKEL IN THE NOSE, WHICH IS HARMFUL IN HAZARD. The already.",0
"Call me the hospital, I think I have Hagen-Darm-flu.
# Guest list ghost train",1
The League is also planning to use the usual autumn vaccinations against colds and flu again!,0
"I could not really sing for 1.5 weeks now because my flu / cold still is not gone, the nerves slowly.",1
@Nychus_Gaming Oh no you poor ... First the noses Op and then still flu,1
#Siewert: '' #Reimann was last of a flu. We still do not know whether he can be used in Düsseldorf (RevierSport). '',0
"This is the ""new style"" that this country needs so urgently as a gastrointestinal flu https://t.co/4oOiS8mlNA",0
@diese_marie_ I have since Friday flu;,1
@joe_orca @Peter_Pilz @Gruene_Austria Sorry - Main factors for progressive streams were strategic SP voters ... https://t.co/5BiEpIeeEo,0
I have been vaccinated against flu today. Like a member of a risk group.,0
@elly_sub @_Salpinx ups group I said but flu is in the context also cool,0
"Colds in the check: helps chicken soup? And what brings vitamin C?
https://t.co/XKzzCyYhyY",0
#Ostalbkreis: Less and less can be vaccinated against influenza https://t.co/i6zbSPppv5 #Ostalb https://t.co/6PKD3uMbAy,0
@BAG_OFSP_UFSP: Now vaccinate against the flu - protect themselves and others! https://t.co/GiTDxBU910,0
Inoculation or non-vaccination - the next influenza wave is determined. ^ cs https://t.co/4OoNb2pk8O,0
#Improvement against the seasonal #Grippe: For the third time in succession Freiburg can be vaccinated in the pharmacies https://t.co/cY41vcd57o,0
These people are recommended a flu vaccination. https://t.co/rn1Wrifpbl,0
"@boyinterruptedd Find it quite straight, but yes since you're already right. And with us goes just the flu wave.",0
"In the case of Austria, crossbreak ruptures are more common than the flu. #faklive",0
@Ueberschwall Oha ... you notice something like that before it is too late? Symptoms seem to act more like a flu,0
"@Barschlamperich a colleague has died from a tragedy flu, the heart was damaged without it e ... https://t.co/zIAsUWrUf0",1
"Flu, Resturlaube & amp; Co. ... when colleagues collaps faster than the coast of Sylt",0
Flu kills me today,1
@GermanLetsPlay Ha you only have a sleepy leg. I have the flu. Yes of course is a hornier ... https://t.co/SGc6ZagH4A,1
"Good news: My gastrointestinal flu is gone

Bad news: She was swapped by a cold",1
"Strolz: ""Have choice between plague, cholera and Ebola""
Fleischhacker: ""And would you like to be flu?""
Strolz: ""We can do both""
# NRWahl17",0
Homeopathy: acute diarrhea or gastroenteritis: complaints by acute diarrhea or gastrointestinal flu ... https://t.co/kV31wOihj3,0
"#Grippe vaccination: Should I or should I not? If you are interested in a #Impfung, read it in the magazine: ... https://t.co/9INRsMq4Jx",0
Have flu.,1
Grippeschutzimpfung at the @TU_Dortmund. A beeper equal - and then I hope hopefully all year rest. #Flu,1
"Lemon-flower honey with flu, asthma and other respiratory diseases https://t.co/gyyl0IU1tM https://t.co/SosBLdlJTy",0
The lung plague is a kind of superficial flu. Now she is back - and she will soon be resistant to antibiotics? https://t.co/FkpicRHt3v,1
@Jeff_Tichar Is really so. It equates a cold of the flu and flu is just a sunset.,0
"A lot of #Sonne, few viruses this week - #Ferien und günstig #Wetterlage cater for less Schnupfnasen in the country ... https://t.co/FAW2CrsSo5",0
"Do you know measles parties? If you want to be ""controlled"" the flu, you can just sit in the morning in the S-Bahn. #lifeHack",0
"""Oh, you've enjoyed, you'll get a flu!""
Not every little cold is a flu, my goodness. I've been listening to it for a year.",0
"""The other trainee is sick, has flu.""
The other trainee was not even with the doctor today, how does he know if he has flu?",1
"My colleague simply calls everything, in some form, a cold, flu.",0
Involuntary reduction of the working week. Shit gastrointestinal flu,1
Recommendation: Prevent homeopathy from homeopathy! #FOCUS Online # homeopathy #pluralismindustrial medicine https://t.co/gdKy45JOCz,0
I usually have a fever. Even before the flu or cold starts right. https://t.co/Y52Roab8W0,0
With these tricks you avoid a contagion with the gastrointestinal flu. https://t.co/6UU9tJKIPd,0
"It is enough if I do not come to terms with my psyche. I am extremely sad, and puff I get a flu gift
Ty",0
Good Morning. 2 hours sleep. Flu of death and yet I am on the way to work ...,0
good morning day love * krks * follower * inside point of the ka # fee does healthy to do as with flu the soup chicken * knirrk * a beautiful day ta,0
"What else can I say, he recommends herbs and chicken soup with baked peas against flu. (Not with cold ... https://t.co/q8IvgTsWY1",0
"@popcornimperium I've seen so far only once so sick, then was (also?) the real flu, totally creepy grad",0
Vaccination is useful. And a real flu is definitely not a lapal. If you become one of the risk groups ... https://t.co/dVZjdC9ooQ,0
"""Women's bodies are not men's bodies. This is the first step towards the super vaccine against influenza",0
"@MiiMiiTV All the time like a flu, but it does not break out ...",0
@realDonaldTrump You flu,0
fear slowly that the man has caught the real flu (though so early in the season?) and not our cough virus. Oh boy.,1
Hi dear ones the stream falls out today. I lie flat. #Grippe So the nix ... Wishing you nevertheless a super beautiful Sunday evening.,1
@Emicorn_ I can do it. So slowly the flu should also fade away,1
@Nichtttereterin If it equals from now on and you are completely finished it can be a flu.,1
I am totally at the ass ._. Shit flu and I * must * morning work. ._.,1
"@radiotheorie @adloquii @ kusanowsky I explain in a short time again exactly. At the moment laborious, since flu. Just want to walk ... https://t.co/wxj1m66Doo",1
"Hmmm
headaches
+ sore throat
+ colds
+ Schlappigkeit
= Flu?",1
"Today, in the meantime, our # 22 Eric Valentin - some of the players from de ... https://t.co/4MUr7NozsC",0
He calls himself sick because he has the flu,1
"@Modelamong In addition to the flu now still circulation!
Yeeaaahhhh. Bääääämmmmmm.",1
do you have this flu-like infection?,1
Do not wonder why no videos come. Was sick (flu) and straight 380 Pearls warped = 6x 6 Star am erstmal finished with the game.,1
"I just drove 15 minutes car and am so at the end.

I hate flu.",1
Flu and colds - 100 remedies for cold which really help https://t.co/Qa4LEDHSfv,0
"#Research
Virus infection: the first step to the super vaccine against flu

https://t.co/oOf9YypmAy via @welt",0
"@TheAtlas Then bring something over, vllt hilfts against flu",0
"What did I deserve? In addition to the back now ne fat cold / flu, so I can not start the work tomorrow ...",1
@meredie_marie So today is probably the last warm day of the year you can almost omit the pull. Bitt ... https://t.co/NZz7gjUrWs,0
"BZgA provides tips on the hygiene of respiratory infections
 #Health #Atem Path #Infections #Grippe https://t.co/P8NK5ICOb3",0
"@ Soistdasleben98 is certainly very nice, I would now up but a flu has smashed everything <3",0
"Have grad showered and once again my beard trimmed. I finally feel half alive again.
Screw you flu. : D",1
Flu and cold - 100 remedies help with cold https://t.co/EMzTROFjQY,0
PICTURE-NEWSPAPER - *** BILDplus Content *** Flu and colds - 100 remedies help with cold https://t.co/SF11Yo9xTi #PaginaNuova # Pr ...,0
Flu and colds - 100 drugs that help with cold https://t.co/mQxwjwBdgQ,0
@ world flu? I think there is much worse than that. But the farmaindustry ...,0
Flu is still underestimated in the elderly Health City Berlin https://t.co/3DqNVWp5E3,0
The virus flu is dangerous - but difficult to fight because it changes quickly. German researchers ... https://t.co/9jMKaRKa90,0
@RitterRamon I thought today also after a week flu and feel like after a MarathonLauf * gg,1
"Flu vaccination in winter sensible
https://t.co/3Ek8EDtbfs",0
"And I do not mean the flu, which is only complementary. : ')",0
"@Thalestria You have Dutch flu?
Get well soon! https://t.co/IlmluOb7UK",1
"@AvalancheDRSKR Get well soon. The famous infamous influenza is very annoying, this phenomenon is to me someone explain: D",0
"Why can I just go into the day ...?
First flu is getting stronger, reading is still going on, tweeting - white. Let's see ...",1
#Delivery: Now let #Grippe #impfen leave. Especially elderly people should arm themselves. # # # # # # # # # # # # G.protect protection https://t.co/DRfyyaukQx,0
KsFreakWhatElse does not beg for Likes and does not sell the song. I think he has the flu. or so. https://t.co/vjZmfqwRbO,1
Cold - apo-discounter Offers Bronchipret Juice TE: Category: Flu & ... https://t.co/bL6q6WjzN7% # Quickberater%,0
Alternative Medicine aktuell has just been released! https://t.co/Qw3OEYS7M4 Thanks to @www_Manipura_de @ Jochen_Pippir #grippe,0
"... two times in a short time ... she caught me, the flu ... so today came to me the idea ... https://t.co/wjY4qV2Zer",0
"Every year, the flu cleans the offices. Firms, on the other hand, carry out vaccination activities at the workplace: https://t.co/Hdn10FcHkF",0
"If someone wants the flu, I make myself available to knuckle.
Please contact me for further information

* sent ill",1
@ Kov4_87 Hau off! I got flu!,1
"- Evander Kane took over the ""A"" for the flu sickly failing Kyle Okposo.",1
"@ x3Lielliax3 WOOOW xDDD
I'll get the better ... habs already verpeilt because I am sick and then have exactly there ... https://t.co/uMiuPmCpHd",1
"#Health Minister Barbara Klepsch (52, CDU) is working in #Sachsen for the # Grippschutzimpfung. ... https://t.co/lsXk8Lql36",0
"Bed rest is hip because of flu by the way crochet a little.
How do you find the color and the pattern?

But wish a ... https://t.co/3UV2fTdGSE",0
Cold times - apo-discounter Offers Aerochamber Hexal with mask for children: Category: Flu ... https://t.co/cS3nV85qOL% # Quickberater%,0
@ Dirk176 Ne flu is not that ... flu comes suddenly. My friend has stuck me.,1
"@ BeachBee84 Since probably the change of the weather has hit fully with flu or something.
Not nice at all",1
"The only thing Bürki catches is a flu.
#BVBrbl @Regendelfin",1
What on the negative list before gastrointestinal flu in small children comes: broken leg in small children.,0
"@gemuellert child (11) reads here + asks: ""What is influencer?""
We understand ""influenza"".

""As 1 sends the Gripp ... https://t.co/mq0pQ4QWF1",0
"- Kyle Okposo falls out today and possibly tomorrow in Anaheim with flu.
He replaces Matt Moulson.",1
Thyme - The professional in colds - & gt; https://t.co/HaWjqB2oml #health #grippe #thymian # cold ... https://t.co/mV6PeeiipY,0
"Until yesterday flu, work eight hours today, celebrate immediately, work again tomorrow eight hours. Drunk working. Life is hard.",1
I'm fine. Except for the still annoying cold / flu / Whatzefuk.,1
"@KeksPaw If the no flu or cold has I believe
Or similar diseases",0
Cold - apo-discounter Offers Abtei Nasal Cleansing Spray: Category: Flu & ... https://t.co/WqtUdEnpMq% # Quickberater%,0
@DatMudz My grave further bury because flu = dead,1
"@WAZ_Redaktion A brain inflammation, people!
One has diarrhea.Or sniffing.Or back.
But a flu or ... https://t.co/4yI91aEA3j",1
@ Anissacosplay Few you are not with hardcore flu in the bed,1
"@noneknoows Aids | Neurodermatitis | to cough
Rash Flu | athlete's foot
Migraine | Fever psoriasis",0
G ★ Home remedy for flu https://t.co/ZdCFethtrX # Common cold https://t.co/WTsZJzrelC,0
@FrankoniaLP Sometimes one must also first recover. I'm lying not just because of flu flat. The exhaustion of ... https://t.co/p4Io5BRQLH,1
Now vaccinate against flu https://t.co/xDY0rLkJa9 via @maennerformat,0
Dr. Martin Junker has been a physician for 40 years and vaccines 700 to 800 patients a year against influenza. https://t.co/MAJutwcIts,0
@ Vacuum4 @ExtremistenFCKR @ ​​kuboth Eu joining is in no like flu. Exchange at the beginning of the winter.,0
"Peculiarity in Spanish flu: Especially 20 to 40-year-olds were affected, influenza viruses otherwise endangered v. ... https://t.co/UNvn75SL40",1
"Flu or influenza infections?
The difference between a flu and a grippal infection is for many m ... https://t.co/eNxq7lQT9b",0
"#Waldschmidt and #Jatta not in the squad

The André #Hahn weakened during the week because of a flu ... https://t.co/3sp7aDBEaf",1
# Austria Helmut Qualtinger - The Future of Austria https://t.co/FOQUdJYrXb #Burka #Juden #Grippe # Türken,0
Helmut Qualtinger - The Future # Austria's https://t.co/Vd9L7yphh4 #Burka #Juden #Grippe # Türken,0
Should be vaccinated against flu? https://t.co/lcX9BRWytF,0
"#NiedersachsenPortal - County of Helmstedt reported no case of flu
https://t.co/ZMvAiuPpyT https://t.co/j259dT5WV1",0
Now vaccinate against flu https://t.co/SFqwn4bAFE,0
Should be vaccinated against flu? - Flu vaccination is controversial. Especially older people and chron ... https://t.co/Ld0fdOUkJi,0
"Krass.
Yesterday everything ok. Just something on sneezing.
And in the evening suddenly from ""I am super"" to Ughhh ..... Schnief.
Light flu.",1
The moment when the flu tablet slowly begins to work.,0
⇒ https://t.co/MczdfDuE38 ♥ #pantyhose https://t.co/IDgHzK6Zmj #nylon #nsfw # Should one be vaccinated against influenza? #upskirt #erotic # ...,0
"#Gripper at the neck! The new episode Yin & Yang | Review is retarding something! ^^
Accident sequence No.1 here: #Astroneer
https://t.co/A1Yr5UosK0",0
#SURNAME?,0
"And yes I have my summer vacation trudged! - The receipt was a 1 month flu! - Therefore, it is important to relax!",0
"Have a game today but I feel really shit, as if I had a flu or something .....

Why...?",1
"@ChrisTheisen I feel quite quite, only that I have flu, with Hummbladel in bed lie & amp; still work ... https://t.co/SPnBYY1uXN",1
Colds - apo-discounter Offers Soledum 100mg: Category: Flu & ... https://t.co/xdrL1mwsvq% # Quickberater%,0
"And ~ Wupp ~
Has me the doofe flu or what it represents, again caught.",0
Men's flu is dangerous af yo,0
"Now my stomach rebels. Cause will be ne mixture of my diet, the flu and my mental situation. #notjustsad",1
@Ragehexe @ jay__ooh Jap. So 2 weeks of flu and once again make the whole semester.,1
@srfnews flu not necessarily since there are so many flupepearten and one would be virtually against all vaccine would have w ... https://t.co/tGv2DIOti8,0
"Four weeks ago gastrointestinal, two weeks ago flu, now cystitis ... My immune system so: https://t.co/NtzJrp9Yx5",1
"@Zachy_Haas @m_boeswarth Last week was not, but 2 weeks ago he was sick (flu), ht. But it was not ... https://t.co/mqABTnh6mR",1
@APVideoStream What's going on? Flu? Good improvement & lt; 3 & gt;,0
"@ zockerteam3 If you work in the rain / with water, speak several weeks ago, or one the morning cold underestimated ... https://t.co/OZ0ndLJ1Sp",0
Immuno-booster shot against flu # Anti-flu shot # Common cold # Common cold # Flu ... https://t.co/Bkeh9J1FFA https://t.co/PG6Cr9TGjq,0
Immunbooster-Shot against flu - https://t.co/QCWsbPk8KH Autumn has begun and some had already been with the ... https://t.co/ann1PSYT16,0
Because of a voice-fluent flu I can not currently stream because I simply shitty look and no vote :-(,1
today comes no stream: / me has the friday of the 13th flu caught and I hang here like the last lammel. see us the days;),1
"@navahoak lying with flu flat otherwise I would have spent my complete gang yumini. Alone Friday and 13, ... https://t.co/dGcv3yzJEk",1
Health: Influenza vaccination in children? The experts advise https://t.co/n4ZTUEmEkX,0
@Nacho_Babe I was still still stupid when I was two weeks with heavy flu at home.,1
"@Lord_Sixtus YOU MUST ONLY ASK WHAT THE GRIPPEMITTEL IS BEST IF YOU DO NOT HAVE A FLIP.
* sent with flu symptoms",1
"@koolsavas @JOHNundRASHEED Well, because a flu can be so fiercely genuine and partly dangerous",0
Is a #green vaccination useful to you? The influenza vaccination check of the @BAG_OFSP_UFSP knows advice: https://t.co/wvLli8q7jc... https://t.co/rIAqanfX2a,0
Cold-time - apo-discounter Offers Prospan Hustentropfen: Category: Flu & ... https://t.co/v3ZNMGi9XX% # Quickberater%,0
I believe it is more about conditioning. I do not like a twix anymore. Had the last during a gastrointestinal flu.,0
Today I can still spare my voice .. from tomorrow I will deal again with #Twitch. # TheEvilWithin2 #grippe # freitagder13 # FridayThe13th,0
1/2 Maturity at the vaccination? Read our point of view: https://t.co/6Y0BxsNCnF @LVZ @MDRAktuell #Grippe https://t.co/VcMaq3Ma7y,0
Aytac Sulu is back after flu. Tobias Kempe with his broken toe. And Felix Platte is back ... https://t.co/74HzSnnpjo,1
Thanks dear body that today again the actually already overcome flu once again rausplaats. Then probably no Versengold today,1
Who do not let me vaccinate this year against influenza and instead become influencer.,0
Health adviser Jacobs advises on # flu vaccination # Munich #Gesundheit https://t.co/mIZOTS86iw,0
"Coffee, tea or broth?

It does not matter if you have flu.",0
"Sorry, you did not hear from me. But it has really hit me hard with the flu ... Hope it goes again soon .. #stg",1
"Note to me: After use of the rusted SBahn immediately wash hands.

* everything, just do not get flu",0
"@CaptOrwell Not sure yet ... She still staggers between flu, death sniffing, men's flu. Something fatal ... https://t.co/hsB0oDrJDs",1
Focus: How does # Homeopathy help with influenza infections @SunnyRainer @drmmgeiger @DAMiD_Presse @CarstensSt https://t.co/U96SvhowHr,0
One can listen to his medical children in a severe flu with fever. You can also buy Tiger Balm ... https://t.co/CNGdfoaTYo,0
@ Glitter1horn Who wants to be flu? #madworld,0
So you can escape the cold! # cold #imunbooster #ingwer https://t.co/Jd1PLcXpD6,0
Flu vaccination yesterday. I still live today. #wargarnetschlimm,0
"#Gripp protection now. Seniors, people with chronic diseases, pregnant women are particularly vulnerable ... https://t.co/0ltUojpguE",0
The production of the # flu # vaccines is complex. The composition of the vaccine changes annually. https://t.co/Wu6pYzfhDo.,0
"@DieCassy I also feel it is not as painful EXTRA flu (or crib, I do not know) that does me 4 T ... https://t.co/ztguALpiyj",0
@MelissaPopissa Also called: The flu vaccination breakfast.,0
@dxktor had also times ne fat fluent but that is 15 years ago,0
@ Schlipztrega had times ne fat flu and since I have the vaccination I have peace so,0
@ChosenVowels Have fun! Get no convention flu!,0
Driving with a cold or flu is often a blind flight https://t.co/aUfmNcL71g via @myPfadFinder,0
Flu kicks in,1
"@inkorrupt Beautiful, so the legal is deleted. Men's colds and crib should be unwords.",0
Transition time is also cold. What can you do about it? https://t.co/ASfi83DWWm #Health # Cold #Gripper,0
"Minister advises on vaccination
People from 60, pregnant women, immunodeficiency and medical staff should be able to ... https://t.co/78Akes2sPS",0
@koolsavas @JOHNundRASHEED Well flu infestations always help only for the strain of the last year. #KrankenpflegerKnowHow,0
And yearly the marmot greets: #Grippeimpfung also 2016/2017 almost without efficacy ... https://t.co/4Y2gLLPzzz,0
Cold - apo-discounter Offers Mucosolvan 75mg: Category: Health tips & gt; Flu & amp; ... https://t.co/3q8NwvP89b% # Quickberater%,0
"Actually, I should be happy.
Are awakened outside by friends with happy dead day. But flu says: nö ich verkacj dir deib geb.",1
"but I'm not going to be able to do it.
10.05.2010, 10:18",0
Hole scarf - crazy idea - what woman thinks so when the flu is not quite gone ... https://t.co/CHsVbzprGl,1
@HessenBenni Well I hope it gets better. Is really bad so cold or flu,1
"@ crosscos Was he really not. You poor, I was also sick because of flu last week. Real miserable",1
@EkeNekepen Thank you. I'm not alone. The flu is watching over me. Or so. Sleep well.,1
"@WerWieWas_ What a conciliatory, almost loving conversation between you and your flu ... Has she already replied?",1
@madu_tweets Waaaaaaaaaaas? But I do not want flu!,0
"So, dear flu. Time to say goodbye. All right. You can still stay the night, but you have to go no later than the afternoon, right?",1
Cold - apo-discounter Offers WICK VapoRub Common Cold: Category: Flu & ... https://t.co/tdzW6YBPa0% # Quickberater%,0
@ sebastiankurz is probably beaten? Flu? # orfwahl17,0
Halla2 waet l fluppe?,0
"@ Quuux @dachschadenheit I find homeopathy basically good, not because of any flu back to chemistry ... https://t.co/b106N3yb37",0
@Hobbyhexe @Derestschreck But also in the winter. This hardens. Almost no cold or flu.,0
Flu vaccination: Vaccinated children are more sick than unvaccinated - & gt; https://t.co/DIZg4fgPe7 #health #impfen # vaccination ... https://t.co/kG4MvE2M7c,0
@Apfelkernchen @JaggedGlobe What makes the Freiburg flu?,0
Since 13 minutes favsperre and feel like I have a flu,0
"SSW34 and flu in the house. No real man needs that now.
#mimimimi",1
Colds - apo-discounter Offers Soledum 100mg: Category: Flu & ... https://t.co/Dwdgapk6bz% # Quickberater%,0
Sam Smith has men's flu https://t.co/icCcgCb5SJ #PromiKlatschundTratsch #SamSmith,1
Cold season - apo-discounter Offers Soledum Cough Juice: Category: Flu & ... https://t.co/YGjBKmTW4i% # Quickberater%,0
#Reizhusten is above all #nachts tormenting. We give #tips how you can stop the annoying # cough! https://t.co/kdEngSyBQK #health,0
"""You look like my chemo patients, are you OK?""

- Have Flu & amp; a Selfie shipped: - /
#Privat #Grippe #Pflege #wtf #nursethings",1
@welt By reading the world you get flu! (More about this against payment of quite a lot of money to me ...),0
@ softi66 .. huhuuuuuu goes so ..... tired after vaccination against flu .....,0
"For #patients annoying, the #Krankenkassen save on # flu vaccine. The # doctors in #Nordsachsen say this:
https://t.co/QBz8L1M5yz",0
"In the hour still ""shit"", now only ""shit"" feel, I sometimes see as an improvement of my flu or whatever.",1
"Colds, flu, cough not with this miracle weapon. #goji https://t.co/TqQ1PSYRfb https://t.co/ywxAdCmOji",1
@hundimbuero fluppe ballert s.besten,0
"Light: Human, just vaccinate
Shadow: and flu is history https://t.co/DtgXqIiU6p",0
"The link between H1N1 and narcolepsy.
#Grippe #Schwiller #Pandemrix
# worldsleep2017
https://t.co/KGbQkMP3KE",0
"Words ""Drive, then you can choose what you want""

Nice old thanks with flu to the next store driving, a dream",0
@Inzaynia_Reii men's flu?,0
PICTURE-NEWSPAPER - flu wave is coming to us! - Do I need flu vaccination? https://t.co/pbCQppK06q #PaginaNuova #Press,0
Flu wave rushes towards us! - Do I need flu vaccination? https://t.co/8LyEYBEkcw,0
#Gripple wave rushes to us! - Do I need flu vaccination? https://t.co/LTxjcI40XM,0
Cistus incanus: Naturally against the flu of Falk Guddat https://t.co/LQ4gRfOrr5 via @,0
@anisasamo @ ammiral92 @shampaRP @ BeenaGupta10 @ alagu70 @RajjatTokas @Luvuhhzindagi @SatyaRT_Lover @ ElliHoelzl68 It ... https://t.co/yuT8rDWyx1,0
"I'm lying around in bed, the flu is spinning around,
the fight is already announced I'm chasing the flu now.",1
I am more flu than human.,1
H3N2: Horror flu on the move? https://t.co/3PiJmATknQ,1
"Yesterday so: Flu symptoms away, just a little sore throat.
Today so: throat pain away but full charge flu symptoms.
._.",1
@toko All about flu learn? Do you want it? #Influenza,0
"# Four-cell vaccine against #Grippe soon as checkout?

https://t.co/QkRKsoTYhz",0
"I have showered, made nail, cleaned my teeth and now I feel alive again.
Bye bye! NEVER AGAIN",0
Flu in the morning: Gesundheitsamtsleiter Dr. Gerhard Wermes recommends the vaccination of chronically ill patients and ... https://t.co/qi5rzIo2IK,0
Because of flu specialist doctor appointment canceled. You can make a new appointment in 3 months via the appointment office of the health insurance. Germany 2017.,1
"@Kosak_Daniel @ kofi2go Is ""Joe"" Kalina with flu failed? And why is Schneckerl Prohaska missing in this round?",1
"@Axozombie Excess flu, yes. With you? ; 3",1
"If the sniff comes, for sure a warm #Bierchen drink ... https://t.co/vIy1PdXCyr",0
Cold-time - apo-discounter Offers Bromhexin Krewel Meuselbach 12mg / ml: Category: Flu & ... https://t.co/isuU08oGSb% # Quickberater%,0
I'm sick and it is not my flu ... https://t.co/wxbNGaIbP9,1
"Since I know that I have again only late-shift next week, I like with a spontaneous gastrointestinal flu!",0
"Good morning people, lying with flu flat, can not so often on Twitter, k",1
@FrauCrafteln My mother is getting sick of vaccination. But that is rare. Whilst flu was the worst thing I ever had.,0
"@Dragonicyt I have a small bowel flu
I am tired
I am dissatisfied
I'm wanderlust",1
"@koolsavas @JOHNundRASHEED Personally, I see this, flu is bad, but if you have something serious and ... https://t.co/IiUC06lNu2",1
@zeitonline Perhaps the #AFD has just been a very bad flu which now slowly fades away?,1
@eogov_muc Good luck. Can unfortunately for the first time wg fieser flu is not there. But follow discussions & amp; Suggestions # ogtm17,0
The doctor gave me a vaccination. Let's hope it helps and I am spared from flu.,0
"@CarinaRoee @ToniPirosa Had I also liked to go through, but have flu and should sleep early ...",1
"Flu goes, Depri comes",1
"@fuesschenbreit @MarjaKatz @kleiderschmiede @FrauCrafteln suspected of cardiac inflammation, odyssey among the doctors ... https://t.co/MPy0hKVlgh",0
"@fuesschenbreit @MarjaKatz @kleiderschmiede @FrauCrafteln As I said: I had flu. Just the 3 months ""schlap ... https://t.co/fzgm2GQZce",1
NOZ: NOZ: Quadruple vaccine against influenza soon as box office? https://t.co/hKZGFAeWo7 via @na_presseportal,0
"@marga_owski 2016 did you have flu & amp; said: ""the book fair is ne a single virus sling: all the whole ... https://t.co/s3gPDoL0ce",0
"Recap | EN - vaccination against influenza is recommended - pregnant women, people over 60, persons with increased health ... https://t.co/Etsn89j0TP",0
"Now vaccinate against flu! We are vaccinated!

The influenza wave of the past winter is, according to the ... https://t.co/U2DNu68vXc",0
Vaccination Commission discusses extension: four-fold vaccine against influenza soon as a checkout? https://t.co/o9LRFGiJhG,0
can understand männerverhalten if you flu 1: 1 I sowas,0
"@ Tonninski Rather not, I've caught the flu: /",1
"@WerWieWas_ Do you ever have that because of the mental illness twice as much with flu, etc.?",0
Oh wow. After 5 ravioli full and now I'm dizzy. Maaaaaan. Get away from flu or whatever you are.,1
"Morning exam, so better times fast sleep. Used by the flu felt 14 hours of sleep a day. -.-",0
@hotmifi @frielingbailey @Joemino @CDU @MD_Franz @doroboehm @lawyerberlin Hopefully you and your family are ord ... https://t.co/AxvuZ9bYsx,0
@SAbdelhamid flu flupppe grippeee,1
Cold-time - apo-discounter Offers Otriven SinuSpray 0.1%: Category: Flu & ... https://t.co/XnBUz2qDt3% # Quickberater%,0
@FresherDudeYT hab grippe xdd,0
"@smootube @ConCrafter Welcome to the club, my daughter brought me from playing with other children the flu.",1
"Na Bravo despite thick sweater brought the flu! Tz tz

Has yet a #männergrippe https://t.co/Fr9vZWRgfc",1
"@koolsavas @JOHNundRASHEED But against flu is Schwachsinn, pure money-making and in itself also dangerous, always ... https://t.co/3qW69pmgqP",0
cues facebook i get the alman flu,0
Cold season: Seven flu myths https://t.co/T21VVWK40d https://t.co/rYXwQGtE7V,0
@his_kittygirl @ katrinhof1 In flu and cold I drink very much. This can of course be fast ... https://t.co/Ft9Lec6e5R,0
"At the beginning of the infection, home remedies are useful, but the most important thing is: to stay at home, rest, ... https://t.co/ASODW14YOA",0
@ the lord My boss once said flu is character defect no disease. The one with the birds I have heard iwo times.,0
"@FrauCrafteln After my two flu had with 1 Where over 40 fever, we let ourselves vaccinate. I could not have failed.",0
Soon comes again the flu wave: In the @Kanton_BL allowed #Apotheken for years the # flu vaccination perform ... https://t.co/nfAzwtJiii,0
Grippewelle 2017 in Germany currently: Worst flu wave for years in the marsh - now vaccinate! | news.de https://t.co/NfNnjVlWx1,1
@Frigidalebt Oh man! Just want to open the champagne for very special occasions - and ... https://t.co/InKYWBcX1L,0
"Or eh wurscht, because eh everything nursery? Plague, cholera, flu, smallpox or typhus? The epidemic is taking its course. # nrw17",1
"@FrauCrafteln I must. But after I had the real flu 1.5 years ago, I never want to. 2 weeks over ... https://t.co/Ms4sEBXaKS",0
"@Barackisha_ I'm looking forward, if I may also so ne ne gastrointestinal flu miss.",0
"Recap | EN - vaccination against influenza recommended - pregnant women, people over 60, persons with increased health ... https://t.co/poLp83IIoZ",0
"@hb_join Hm, I see different. These whole ""influencers"" are worse than a flu, because the latter I get rid of.",0
Occupation: Influenzerin. Has nothing to do with flu.,0
"Says, this flu vaccination - is this really recommendable? Had so far only once in 49 years flu, if that was at all one.",0
"@DosKolossos @ PokeBazi @ TeamCalyptus I was also sick, can be just as good that her all the ""Syndicate Gr ... https://t.co/nx8FLOH0jx",1
Set the downtime in your company to zero. No more failures due to cold or flu! https://t.co/R8AEuhrxfy,0
"My health like this:
""Let Tamara first have the flu & amp; as soon as she gets better, give her gastrointestinal flu ""
Thanks for nothing.",0
Grippesaison 2017/2018 in NRW has begun https://t.co/bAES1PAlda @ rponline,0
"@RegSprecher Every year, thousands of people in Germany die from the flu. Vaccination is the most important pre ... https://t.co/WzNDGS6Diq",0
Natural resources - Every adult fights four times a year with cold - so bend ... https://t.co/NXJ8plNPQJ,0
"@koolsavas @JOHNundRASHEED If you have often flu, it is useful ...",0
"@ koolsavas @JOHNundRASHEED I have not read the ""flu"" and wanted to start again motzen. In this case ke ... https://t.co/VbSivPSTx2",0
Cold-time - apo-discounter Offers Aspecton Cough Juice: Category: Flu & ... https://t.co/XRHznOu4qJ% # Quickberater%,0
Sébastien #Haller could not participate in today's #SGE training because of a flu. Use for # H96SGE questionable. [@hessenschau],1
"@muschelrauschen injury, injury, injury, then flu ... what is still missing? Autounfall, plane crash, murder, ... https://t.co/uSoOspl43u",1
"@spooky_Silence No, I believe only cold or flu.",1
"@ koolsavas @ JOHNundRASHEED Have me ever vaccinated against flu, since I never had a flu #summasumarum not vaccinate",0
@ koolsavas @JOHNundRASHEED Alter wieso vaccine? If times ne flu comes few days everything again well. Even if you ... https://t.co/iFOIXSxEfV,0
"#Skandal: #GesetzlichVersichert #Grippschutzimpfung at the disadvantage! https://t.co/dj3C849jpH
# Size #Krankenkassen",0
"Being an adult means being able to buy a magazine and sweets. As a child, there was never sweetness, but I am grown up.",0
@koolsavas @JOHNundRASHEED Dicka is just ne flu ... eyes to and through ...,0
André Hahn (flu) is still missing in the training. Will be tight for #Mainz #HSV https://t.co/Po7J1Iju5H,0
Now vaccinate against flu https://t.co/1wCphBba93,0
cough always working with the think I would have flu and not just total hangover,0
For #Kassenpatienten no optimal #Grippe vaccine without additional payment? https://t.co/XBmRPi1WTL @groehe # lawfulKrankenkassen,0
