text,cat2
NNP CC NNP JJ but negator JJ HT,0
CD of DT NNS of NN change can vis DT dispersal of vector NN vin JJ,0
of this VBP negator RB recovery IN DT NN CC VBP RB VBG NNS USR NNP,1
UH DT NN VBZ selfreference negator NN but TO VB,1
that you VB DT NN viw NNS CC NN DT JJS of,1
NNP humour selfreference vin NN selfreference loss DT NNS CC NNS of NN CD Temporalwindow DT NN selfreference have negator Temporalwindow selfreference get DT,1
USR that you VBP Temporalwindow that selfreference have incidence DT,1
USR selfreference have NN CC NN,1
positiveemotion like DT NN selfreference frequency ending up vin,0
diety but this NN NN NNP VB selfreference mortality,1
NNP CC NN but negator JJ HT,0
WP NN,1
possessive VBZ DT NN,1
USR USR USR NNP NN TO VB IN NN locative vis Commencement DT environment CC selfreference VBP negator need you TO VB DT NN,0
NNP NNP NNP NNP RB go NN but VBZ NN like DT Commencement NN NN,0
preventive IN NN vin HT NNP VBZ DT CD viw NNS TO VB CD NNPS NNPS,0
USR JJ Temporalwindow VB IN you follow PRP$,1
VBP extent morbidity of DT NN selfreference need TO vis ability TO bodyfunction RB CC that DT nutrition VBZ selfreference VBP gratitude,1
NNP NNP UH UH morbidity like DT JJ NN NNS NNS vis VBG WP Commencement TO vis DT NN vin,0
NN MD VB NN NNS TO VB preventive URL NNP NNS have DT JJ,0
selfreference opinion selfreference visp recovery IN DT NN but negator,1
selfreference MD like TO vis NN NN VBD DT NN of Temporalwindow viw you vin,0
NNP VBP VBG NNS IN DT NN VB that VBZ negator VB DT treatment of NN CC you VBP RB NN possessive NN feeling JJ TO selfreference selfreference,1
must selfreference get DT NN NNP DT treatment NN,0
USR NNP CC NNS MD negator extent VB NN but RB JJ NNS JJ IN DT HT NN vin CD,0
NNP NNP NN CC morbidity can VB selfreference RB,1
VBP VBG IN NN VBG DT JJ NN causality possessive body vis JJ TO that of DT NNP NNP viw DT,1
NNP on Temporalwindow selfreference get DT NN NN Temporalwindow selfreference opinion VBP get JJ WP DT,1
NNP vif DT JJ NN VBZ selfreference TO VB NN VBP PRP causality selfreference VBP NN morbidity that NNP RB JJR TO DT NN IN TO,0
NNP USR that selfreference VBP causality WP of NNP vis extent DT morbidity of DT NN NN that that,0
NNP NNP VBZ TO DT order vin NNP CC vis VBN viw DT quantisation CD of DT NN VBG PRP TO VB that VBZ VBZ,0
NN Commencement IN of this body IN,0
you morbidity DT JJ NN you can get morbidity IN DT NN,0
NNP USR NNP have DT NN NN NN have NN NN VB IN others VBP VB DT NN NNP NNP,0
NN selfreference get up mortality IN DT JJ NN MB FW FW,1
selfreference VBP negator awareness DT NN PRP like TO VB you VBP negator TO vis VBG locative vin DT NN,1
NNP viw NN JJ NN CC NN obligative NN NNP IN NN TO treatment treatment JJ Temporalwindow,1
MD you VBP CC VB DT people viw DT NN TO get up TO VB DT NN probability negator negator,0
NNP VBP CD NNS of NNP VBP NN of NNP VBP NNP you have TO mortality DT NN viw NNP NN WDT VBP VBN vin,0
get NN IN of this NN JJ body NN,1
NN NN CC people viw NN NNS frequency NNP NNP,0
VBN viw DT NN this,0
NNS of have bodyfunction vin DT NN vis magnitude IN DT NN,0
USR NNP that WP visp immunity TO DT,0
vin possessive NN VB possessive body VBZ TO mortality NN selfreference MD VB IN method selfreference get biologicalproduct IN DT NN DT NN CC NN,0
NNP HT HT HT HT NNP NNP,0
HT need NN TO give selfreference DT JJ NN IN DT NN,0
selfreference opinion have DT NN viw possessive extent,1
selfreference MD like TO vis DT NN treatment TO VB DT NN of Temporalwindow viw you on,0
selfreference opinion DT NN have RB VBN on,1
NNP mortality PRP JJ NN,1
VBP negator morbidity causality DT NN VBZ negator VB you you NNS RB DT,1
DT NN vis RB,1
have DT NN DT JJ Temporalwindow IN NNP JJR NN selfreference can negator,1
selfreference NN of DT people WP VBP others have NN IN vif that visp like DT NN WDT VBZ you CC vis VBN DT NN VBP negator,0
NNP IN NNP VBD vin CD CC RB IN DT JJ NN that VBZ negator VB DT NN selfreference VBP like PRP PRP,0
CC selfreference go viw DT,1
NNP NNP NNP test test,0
selfreference opinion DT,1
VBP vispp JJ IN CD NNS negator NN selfreference VBP negator VB DT,1
NNP VBD Temporalwindow visp JJ CC JJ NN TO DT NN viw DT JJ environment that locative visp CC Temporalwindow have DT,1
IN you VBP NNP get off DT NN vin NNP CC NNP VBZ NN IN NN NNP NN NN CC environment,1
on NNP CD vin NN TO DT HT MD VB DT HT CC DT JJ NN of HT,0
NNP opinion NN CC that vis VBN causality when selfreference VBP IN selfreference VBP DT NN selfreference VBP IN DT JJ NNP NNP,0
you have DT NN,1
selfreference RB VBD that selfreference visp viw DT NN,1
NNP,0
vif DT NN VBZ negator mortality PRP PRP mortality DT positiveemotion selfreference feeling IN,1
temporaladj VBP go TO exercise DT extent JJ UH CC PRP MD negator vis causality of DT NN,1
locative vis negator NN that VBZ DT JJ treatment of NNP NNP,0
CC vif VBP IN of NN causality DT NN VBD,0
VB NNP IN NNP NNP NNP CC DT NNP NNP,1
VBZ negator DT NN VBP VBG IN DT,1
selfreference mortality of DT NN CC bodyfunction environment,1
can you mortality of DT NN,0
USR NNP UH NNP visp go TO VB DT NN,0
vis probability TO mortality of DT NN but this order Temporalwindow selfreference need TO VB PRP viw NN NN,1
you have DT NN CC selfreference have VBN viw DT NN selfreference VBP,0
NNP NN vin NNP NN NN DT JJ NN IN VB DT JJ NNP VBZ JJ NNP vis DT JJ,0
order NN of DT NN HT URL,1
NNP Continuance VBZ viw NN NN CC,1
NN obligative that VBP,1
vif selfreference feeling that NN selfreference have vispp VBN this Temporalwindow vin DT treatment visp RB JJ selfreference opinion PRP MD vis JJ NN selfreference opinion VBP go TO get DT NN NNP,1
NNP NNP body NN NN WP VBZ IN DT NN others VBD possessive,1
DT order Temporalwindow selfreference VBD NN IN DT NN selfreference VBD negator VBP,0
selfreference must VB NN IN DT NN but negator,1
NN of DT NN,0
NNP USR NNP DT people that VBZ NN NNS CC vis negator RB DT NN others VBD PRP Temporalwindow DT NN of of,0
JJ NNP NNP,0
recovery IN DT,1
but HT NN NN,0
this NN vis mortality PRP but this NN vis RB JJ,1
DT NN VBG TO selfreference UH,1
WP DT expletive vis VBG selfreference vin DT,1
when PRP go TO VB this JJ NNP,1
NNP viw NNP VBZ viw NN,1
awareness DT NNS IN DT NN CC DT environment NN agency,0
USR CD UH selfreference VBP UH viw DT extent NN humour,0
expletive,1
morbidity of CD NN JJ TO JJ NN URL agency,0
selfreference have TO VB DT NN VBZ selfreference,1
NNP PRP vis worsen IN DT NN NNP you causality you VBP negator awareness,0
expletive,0
USR VBP RB on DT NN of DT environment RB IN VBG viw DT JJ NN NN when DT NN,1
selfreference VBD CD JJ treatment IN DT NN CD NN IN morbidity CC body NN selfreference VBP CC morbidity IN,1
NNP morbidity viw JJ NN DT agent NNP NNP,1
DT NN vis JJ expletive,1
this NN NN,1
DT NN NN TO recovery this,1
extent this NN have selfreference VBP selfreference VBP negator awareness vif VBP JJ vor,1
selfreference need TO VB CD JJ CC DT NN that NNS possessive,1
WRB VBD negator you mortality selfreference DT,1
NNP WP give selfreference DT NN,1
selfreference go IN DT when TO DT NN viw NNP NNP Temporalwindow VBP NN expletive,1
UH NN,1
NNP SYM morbidity magnitude SYM NN you VBP PRP NNP that NNP you VBP negator treatment NNP that,0
NNS that selfreference VBP negator have DT NN vor vor selfreference can negator VB method JJ PRP vis that selfreference have NN NN PRP vis RB mortality of,1
NNP NN CC NN CC morbidity CD NNP,1
PRP mortality viw this JJ,1
NNP NNP NNP you have DT NN VBP but WP VBP you VBP,1
method selfreference VBP that possessive NNS DT NN CC NN,1
selfreference VBD IN DT NN morbidity CC NN morbidity CC NN go JJ HT,1
that JJ NN treatment selfreference down DT extent Temporalwindow CC VBD selfreference loss PRP DT,1
VB possessive NN selfreference VBP NN NN selfreference VBD possessive NNS that selfreference MD get DT NN IN VBG RB JJ NN others vis RB VBG IN DT,0
selfreference can negator VB PRP RB viw DT NN of DT,1
WP NN selfreference,1
selfreference RB get CD,0
NN vis VBG DT NN vin NN CC selfreference VBP this NN UH selfreference positiveemotion NN Temporalwindow,0
expletive,1
selfreference opinion NN VBP go TO vis JJ JJ NN vor VBP you,1
PRP opinion TO vis DT NN TO VB DT NN of Temporalwindow viw you vin,0
DT NN of Temporalwindow of VBG CC selfreference opinion this JJ NN have vispp DT NN of NN NN JJ Temporalwindow VBP,1
NNP VBD selfreference DT,1
IN NN NNS vis RB VBG DT NN NN HT,1
NNS USR USR locative vis NNS JJ IN that of NNP that visp VBN negator TO VB DT NN vis negator JJ NN,0
NN TO VB NN NN NN NN NN NN CC JJ NN,0
NNP NNS treatment DT NNP viw NN NN NN,0
UH NN get IN of possessive body RB,1
you go RP NN negator NN IN NNP possessive NN give selfreference,1
selfreference like TO NN DT NN TO VB DT NN of Temporalwindow viw you vin,0
DT NN that this vis viw JJ NN VB DT,1
NNP selfreference VBP viw DT NN CC IN PRP$ NNS,1
RB give selfreference DT NN that selfreference can negator RB viw possessive NN CD Temporalwindow order NN,0
WP NN vis Commencement IN this,0
USR USR selfreference have DT NN IN,1
VB DT NN,1
CD NNS that calls immuneresponse DT NN,1
possessive NN vis CD selfreference can negator feeling,1
DT Temporalwindow selfreference have DT JJ JJ JJ Temporalwindow visp DT NN Temporalwindow vis RB,1
NNP DT NN PRP$ NN just VBD selfreference that others have DT NN,1
selfreference have DT NN CC VBP bodyfunction environment,1
Temporalwindow JJ mortality UH HT CC HT NNP NNP NNP of people NNP USR NNP NNP,1
this NN vin NNP vis NN RBR IN NN HT,1
NNP NNP others VBP PRP vis diseasedescriptors like DT NN but locative vis NN NN selfreference VBP CC selfreference RB VBP that CD NNS visp,0
vif DT nutrition VBZ DT NN of JJ NN RB DT vector can VB NN vin DT NNP Commencement IN,0
UH responsibility of DT NN VBP go TO have DT Temporalwindow NN of exercise CC,1
USR NNP vis you VBP RB Temporalwindow selfreference VBN agency DT NN that selfreference,1
selfreference need TO feeling JJ NN expletive NN NN IN,1
selfreference feeling NN JJ NNP CC morbidity NN must vis IN DT,1
NNP,0
USR USR NNP selfreference VBP negator awareness WP NN VBN vin DT NN VBZ CC you WP selfreference can negator recovery IN DT NN,1
VBP go TO get DT NN that vis negator,1
VB IN TO mortality RB viw DT NN CC selfreference morbidity viw DT,1
NNP NNP vin health people agency NNP NN NNP NNP VBD CD,0
WP DT expletive expletive,0
NN vis VBN TO have TO go order DT Temporalwindow VBZ negator VB selfreference,1
DT NN VBZ selfreference selfreference,1
method JJ JJ CD NN RB visp DT NN NN VBN CD NN CC NNP NN NN NN NNS TO DT DT,0
USR USR NNP selfreference opinion you vif NNP VBZ DT NN Temporalwindow,0
NNP NN that VBZ DT NN IN DT NN,0
NN selfreference opinion VB morbidity CC VBZ negator DT,1
that VBD JJ but UH VBZ just that selfreference have NN gratitude IN,1
NNP NNP,0
NN selfreference RB feeling,1
extent TO selfreference PRP Commencement TO give NN CD Temporalwindow order IN CD NNS,0
extent possessive NNS have DT NN VBP,1
VB DT NNS IN NN CC environment,0
NNP NNP order CC NN vor selfreference mortality IN DT NN vor JJ,1
selfreference MD like TO vis NN IN DT NN of Temporalwindow viw you vin,0
extent NN CC negator NN calls NNP,0
VBG NNP selfreference have DT NN WP VBP you,1
selfreference feeling apologetic IN DT,0
others VBP selfreference TO VB CC selfreference selfreference that selfreference can negator get up IN DT locative of VBN that selfreference have this treatment IN DT,1
NNS selfreference need NN but this NN MD negator VB,1
order DT treatment that give selfreference DT NN NN selfreference VBP negator awareness WP TO VB,1
USR VBD DT NN VBZ negator go like this,0
NNP vis NN selfreference VBP negator have DT NN TO VB possessive NN PRP morbidity,1
NNP NNS have NN NN NN NN,1
selfreference VBP CD treatment TO get selfreference DT JJ NN this,1
NNP VBD possessive JJ,1
NNP,0
others extent VBN NNS VBP JJ TO NNP VBG CC selfreference can negator causality selfreference have NN CC selfreference VBP like NNP of NNP NNP,1
selfreference can negator detect DT better treatment IN possessive NN IN DT JJ NN RB VBP negator VB,1
USR PRP visp JJ NN frequency CC JJ NN WP,1
viw DT NN that selfreference VBP Temporalwindow CC Temporalwindow fall JJ NNS of nutrition just IN selfreference VBP RB TO possessive locative locative DT NN VBZ selfreference,1
VB WRB vis you VBG,1
NNP NNP VBP you have DT NNP,0
selfreference can negator VB this NN NN PRP VBZ selfreference JJ,1
USR VBZ when selfreference get UH,0
selfreference need TO go NN selfreference can negator VB this NN,1
VBG you get DT,1
NNP mortality that expletive NN IN VB bodyfunction RB HT HT HT HT,1
DT better NN IN possessive NN vis DT NN give NNS vin,1
vis PRP environment vor vis PRP DT,1
IN IN when selfreference get this NN,1
USR NNS VBP selfreference opinion PRP VBZ CC VBZ PRP VBP CD,0
JJ NNP you VBP DT NN but you VBP DT NN CD of NN CC CD of NN like,1
selfreference VBP DT JJ,1
VBP you need TO VB possessive JJ body IN DT people viw DT,0
when selfreference recovery IN DT NN selfreference VBP DT reports DT NN DT magnitude of DT NN of NNP vin NNP NNP NNPS Temporalwindow TO,1
like when DT NNP NNP CC NNP incidence DT NN NN UH HT HT,0
possessive sorrow of WP VBD others VBD NN,1
USR selfreference have NN VBZ DT NN on DT NN selfreference morbidity possessive NN incidence DT NN CC DT JJ selfreference VBP negator VB VB,1
NN calls VB negator Commencement this vis possessive Temporalgen VBZ DT,1
NNP NNP vin DT NN locative others have DT NN JJ body causality others give PRP DT,0
NNP NNP,0
VBP vispp vin DT NN Temporalwindow PRP VBP selfreference feeling DT NN,1
NN selfreference RB feeling,1
NN body MD vis NN selfreference MD VB you TO VB VB you morbidity CC NN selfreference MD VB you IN NNP NNP DT,1
selfreference have extent NN CC Continuance selfreference go TO VB PRP TO DT locative CC PRP visp VBG,1
PRP$ body NN,1
NNP NNP,1
selfreference opinion you get incidence viw possessive apologetic,1
VB viw NN NNP CC JJ NNS that VBP viw NNP,1
JJ,1
get this NN IN of possessive JJ,1
USR NN NNS DT NN relationships IN negator,0
just when VBP NN VBZ NNP VBZ selfreference DT expletive NN NNP NNP,1
selfreference have NN NN expletive,1
NNP VBP selfreference VBP TO get DT NN NN,1
selfreference VBP negator VB DT NN DT NN have VBN,1
NNP others VBP PRP VBZ negator DT NN NN Temporalwindow JJ NN PRP VBZ TO have,0
selfreference have negator bodyfunction NN Temporalwindow NN DT NN vis DT better NN TO evaluative,1
USR when VBP viw DT JJ NN vif NNP,1
NN morbidity possessive NN NN CC NN get RB IN this,1
possessive NN morbidity viw RB JJ,1
NNP RB that others VBP NN NN CC PRP give selfreference JJ,1
selfreference need TO VB JJ,1
DT NN vis mortality selfreference CC DT NN VBZ selfreference TO VB RB VB,1
negator VB WP Temporalwindow of NN you get DT JJ people MD frequency VB you VBZ DT agent VBZ,0
UH RT IN NN VBP JJ NN NNP VBD NN,1
NNP that selfreference have bodyfunction you CC selfreference like DT NN extent Temporalwindow vin NN bodyfunction CC have NN,1
selfreference VBP negator VB DT order morbidity Temporalwindow NN vin DT body viw NN,1
Temporalwindow of HT relationships NN TO immuneresponse DT NN CC selfreference detect this JJ NN,0
vif you have NNP VB RB IN NNS RB JJ IN probability TO preventive NN VB PRP$ body viw DT body when you,0
NNP NNP VBP like NNP NNP on Temporalgen,0
selfreference VBD off Temporalwindow morbidity selfreference VBP TO mortality of DT NN IN TO VB that,1
Temporalwindow Temporalwindow CC viw NN DT JJ NN vis that selfreference selfreference RB vin possessive locative UH,1
selfreference have DT NN CC selfreference get DT NN CC NN RB ending up morbidity that NN WP DT superlative NN that VBZ,1
NN,1
selfreference RB,0
morbidity,0
selfreference IN selfreference VBP negator give JJR on NN of DT NN,1
NNP NNP VBP,0
NNS go TO give selfreference DT JJ,1
USR extent agent get selfreference IN DT NN NN selfreference selfreference,1
NNP get IN of possessive NN selfreference VBP negator need you TO VB possessive,1
VBP get possessive NN CC NNS,1
selfreference on NNP Temporalwindow VBN IN DT NN,0
NN Temporalwindow that VBP NN NN agency DT NN selfreference have NN,0
NNP JJ TO bodyfunction when you vis viw DT NN IN this NN IN agency NN selfreference VBP negator feeling DT NN TO,1
VB extent Temporalwindow viw DT NN,1
WP NN VBZ,1
UH expletive,1
VB possessive JJ NN selfreference VB frequency frequency NNP,1
VBP magnitude morbidity NN IN this NN vis negator feeling DT NN of NN CC diety method selfreference selfreference,1
WRB VBP you have TO VB DT NN on,1
NNP IN DT NN IN you PRP VBG on possessive people NNP of NNP JJS NNS have TO vis vis,0
this vis negator DT,0
selfreference opinion PRP go TO expletive DT NN NNS selfreference need DT NN vor DT NN viw DT,0
DT NN can VB JJ JJ,0
selfreference VBD possessive NN possessive NN possessive NN selfreference VBP negator need TO VB selfreference need TO,1
of NNP NN like NN vif NN VBZ locative of PRP vis PRP DT JJ environment vor DT NN possessive body mortality NNP,0
NN selfreference need TO go superlative but this NNP NN NNS possessive,1
USR NNP NNP NNP but Temporalwindow Commencement DT order DT JJS NN NNP locative vis you go TO,1
NNP DT NN viw JJ morbidity URL,0
NNP NN selfreference feeling that selfreference selfreference JJ viw NN CC IN DT JJ Temporalwindow selfreference get extent DT obligative,1
NNP DT NN selfreference have vis RB JJ TO DT NN TO,1
this NN VBZ,1
IN DT NN selfreference have,1
selfreference feeling IN DT NN extent Temporalwindow Temporalwindow WP selfreference MD loss vif selfreference get PRP$,0
CD morbidity morbidity NN UH calls,0
JJ,1
JJ Temporalwindow viw NN,1
DT NN vis RB get VBN TO,1
USR RB vis NNS TO give PRP affection IN DT,1
NNP NNP viw NN NN NN but NN JJ,1
NN NN IN selfreference VBP negator get DT NN NN,0
Temporalwindow order Temporalwindow selfreference have NN CC NNP NN this vis negator VBG vin Temporalwindow CC,1
DT diseasedescriptors NN VBZ DT JJ NN on probability,1
NNP you have DT NN NNP PRP extent morbidity CC DT NN Commencement viw NNP,0
VBG DT NN,1
selfreference have DT diseasedescriptors NN selfreference VBD negator VB DT NN TO,1
selfreference have DT NN that selfreference,1
CC selfreference go viw DT,1
NNP NNP NNP test test,0
method JJ that selfreference feeling selfreference can negator bodyfunction NN causality selfreference Continuance PRP CC DT NN NN of DT JJ NN,1
DT NN VBD IN,1
NNP NN Commencement NN CC NNP NNP VBZ negator VB TO,1
JJ CC NN VBG vis DT,1
NNS UH NNP CC locative PRP vis Continuance JJ NN UH JJ relationships NNS CC DT RB better of DT NN CC,1
Temporalwindow NN IN selfreference give NN,1
NNP NN selfreference have vis of JJ NN that selfreference have just VBN CD JJ odor CC NN,1
method JJ that VBP go TO get DT,1
selfreference need DT NN of NN IN this,1
JJ NN MD expletive selfreference DT ending,1
extent NN CC selfreference locative viw,1
NNP selfreference VBP viw JJ NN,1
Temporalwindow selfreference can CC selfreference need TO give selfreference DT JJ reports of NN expletive possessive body CC give selfreference DT,1
viw NN CC VBG treatment you can VB,1
Temporalwindow get selfreference this NN,1
USR CD viw NNP CC PRP$ people,1
NNP vis VBN NNP NNP DT treatment that VBZ DT morbidity NNP NNP CC NNP vin DT NNP,1
selfreference just VB TO get morbidity vin DT JJ Temporalwindow IN NNS CC negator NN selfreference have vin Temporalgen Temporalgen JJR on NN vis JJ NNP HT,1
selfreference VBP negator give JJR of DT NN,1
vif you have NN vor NN VBG IN PRP$ locative CC negator VBG VB NN NN NN JJ,0
this NN vis DT better NN that can VB TO possessive NN causality VBP VBG but IN DT JJ Temporalwindow selfreference VBP negator feeling like VBG,1
NNP Temporalwindow CC possessive NN VBP selfreference get IN NN DT extent Temporalwindow selfreference need DT relationships vis when VBP,1
NNP NNP DT NN DT NN selfreference have TO ending VBG vin DT NN NN VBP negator loss NN NNP NNP,1
NNP NNP,0
WP NNP NN morbidity,1
method JJ PRP vis TO bodyfunction CC bodyfunction agency DT body IN DT JJ NN UH,1
NNP VBZ DT NN NN like DT,0
others VB when selfreference VBD PRP selfreference have CD NNS IN VBG selfreference DT NN IN selfreference just VBD that CD NNS,1
NNP NNP NNP Temporalwindow VBZ viw,1
PRP visp negator extent viw DT NN that Temporalwindow VB selfreference DT NN,1
NNP NN VBZ PRP VBP negator VB selfreference,1
NNP vin DT NN CC NNS have,0
selfreference have DT NN of DT NN TO DT magnitude CC IN selfreference visp VBN selfreference VBD NNP FW FW JJ NN VBZ selfreference,1
viw NN CC NN vis Continuance DT NN treatment WP VBZ you vor,1
expletive DT NN CC DT NN vis,1
vif on DT order Temporalwindow of NN IN DT morbidity VBP go TO give up morbidity selfreference give up on locative,1
selfreference reduce IN morbidity morbidity this NN have selfreference JJ,1
Continuance selfreference VBP DT body CC NN selfreference treatment DT NN of DT NNP DT NNP,1
NNP NNP NNS detect RP method DT NN agent NNS RB RB URL,0
selfreference opinion selfreference incidence DT NN IN,1
CD DT NN frequency VBZ PRP,0
