text,cat2
"Flu and cold, similar but not identical #Salud https://t.co/kEzbhcyA9B",0
One of the consequences of climate change could be the transmission of bird flu in wild birds.,0
"of this I'm not quite recovered from the flu and I'm already singing sighs @ yo, calmate",1
Well the flu leaves me no choice but to vitiate. https://t.co/ot2y6rXF5Z,1
"That you join the rule, with anginas and flu the worst of life",1
"@VSejuro Lol me in life, I miss the basics and fundamentals of ejection 1-2 times a week, I have not since I got the flu",1
@lilkoroviak That you complain then that I have hit the flu,1
@Irenegeme I have angina and swine flu,1
Love like the flu: we always end up in bed.,0
"God but this flu ??? Phew, look I die eh",1
"Flu and similar, but not identical #salud https://t.co/IEkzp1T3UN",0
What orrtoooo flu,1
"My mother, the flu. https://t.co/7BADGXBxaZ",1
@fkdemetrios @fxantipa @ SXPLAT0N Nothing to leave without shelter there is starting the cold and I do not want you to catch a flu. :(,0
"Natalie Cisneros, virotist. It's already gone before, but it's seasonal, like the coming flu ...... https://t.co/oKE59PcHep",0
"Vaccination against influenza in # Galicia starts the 23 with doses to immunize 560,000 Galicians ... https://t.co/deycq3J4cl",0
@CHUPITAOficial Good day suck as you follow your flu,1
I'm really sick of the flu. I want to be able to breathe well and that the food knows me well. Thank you.,1
"@ CarloSfc83 Yes :( Coughing like an old man. Coughs kennels are called, what comes to be the flu in humans",0
Sanity will strengthen phone calls to expand vaccination https://t.co/aIv26IQ5RN Influenza viruses have an important ...,0
"I thought I was recovered from the flu, but not xd",1
I would like to be flu pdra pasau a couple of weeks with you in bed.,0
"- I'm taking brakes for the flu
+ That does not work, a shot of brandy and you take away everything
My spirit feels bad to me
I invite",1
Should I get the Flu Vaccine? - The Pills Blog https://t.co/3Ky0Ktryc7,0
". @ sanidadgob and unions will not only address 'megaOPE', but also other issues such as the #gripe campaign in 2017. https://t.co/Zg1vuuLBH1",0
"Sore throat, flu and fever could leave me alone, plis!",1
I'm voting for silence (in the real world) because my voice is similar to that of a Darth Vader with the flu.,1
"Well, on Tuesday I got the flu shot.

Today I think I'm getting sick. What a deal.",1
"And if a treacherous flu wants me to take it, do it! Because I deserve it, stressing that ""a little more to the flu than to treason""",0
"@CarlosEstebanRD @EFEnoticias That I hope, because what of Catalonia is only a symptom of the influenza independentista that ... https://t.co/EstY9Mwk7I",0
"Simona Halep passes to the final in Peking and is made with the number one of the world snatching it to Muguruza, that retires ... https://t.co/LlMdy7Acnz",0
Flu comes out of this body at 1pm,0
You sleep a little thing? You could get sick from the flu https://t.co/sTrws4BAjQ,0
"@jumonre @btvnoticies Pa have the flu deunidó q have energy ... look as they jump dsd the ladder! Ole Ole!
https://t.co/nJBwBGkrn6",0
"tomorrow I get up dead from the bad flu I'll have, qqqq cock",1
"I do not know the flu, I'd like to breathe, you know? Not to be drowning here in the savannah, motherfucker.",1
"U.U.
With flu .. asthmatic access and everything .. work tonight!
Good, for now, to rest ...
Good night .. pinshes",1
Would you force and induce a person with the flu to get up to do the homework? Surely not .... https://t.co/JMH8MctreY,0
"Bisolgrip + 2 grams of Ibuprofen + 500mg of Paracetamol + Naproxen. You have to kill the flu with cannon shots, which I've seen in House.",0
"Get flu out of this healthy, rich body hahaha! https://t.co/07QBIiNdrr",1
Flu vaccine and people with egg allergies | Seasonal Influenza (Influenza) https://t.co/1LQagPdSXA,0
"Allied with the flu, these paracetamoles",0
Benefits of having sex in the morning; is great for the flu https://t.co/qcCMIKDAoP,0
@ Ghandi1964 Those who were immune to the flu.,0
"In my book ""Socorro, my body tries to kill me"" I will talk about how I got urine infection, a cyst, the flu and menstruation followed.",0
"#MicaViciconteTrendy #Melicians #Lali #UnaNa # KCA ... """,0
#EnViernesI need someone to give me a homemade recipe for the flu ...,0
I hate having the flu with my whole being.,1
I would like to be a flu shot to spend a couple of weeks with you on camat,0
I think the flu has already worked on me,1
"You're killing me, damn flu !!",1
Do not sleep because the flu does not leave you .... that's already another story!,1
The Flu is here! https://t.co/8ZYy0jKIEN,1
Have the flu the same day as Sabina. More gaffe I can not be.,1
"I despair of the girls who say they have depression, as if that were like the flu, which gives you and is removed a week. Do not suck.",0
"@gerardotc As Cameron did in 2014 and away from the fluffy Spanishness that does not attract the flu. I think, like you, ... https://t.co/LnTFf5UTmq",0
and I go with the flu;,1
"Miyu | Hana https: // t ... """,0
I hate the flu,1
I've been awake for 20 hours. No wonder I do not cure the flu.,1
"Guess who, yesterday was dramatic and sad re to the beach with the TRENDY wind that there was and today has the flu",1
"do you imagine niall getting off the plane in bermuda and ojotas? suspends concert for influenza A, angina pneumonia and cold ahre",1
"On October 11, in addition to the #OPE, will address the #presidenteenfermera, and the impending campaign of #peper
https://t.co/bkbuOkMLQe",0
"@CaterinaMedicea Definitely yes, and that is enhanced because when I see it, I remember a book I read as a small ""L ... https://t.co/tPzrMY5T8M",0
"You have the flu?
-Do",1
I even forgot that I was with the flu https://t.co/NEkyiAxAHo,1
"#LuchoResponde """,0
"If the flu does not kill me, it kills the love I feel for her.",1
Later I'm going to run the whole partial JAJAJAJAJA and it will not be because of the flu: c,1
"There is no flu that resists a good dose of Ron Medellín, salud!",0
And if I'm out of date because the flu seized me,0
Count Yndiano de Ballabriga: The Influenza and the Colds arrive. https://t.co/pnfvvHtWuN,1
"It's not the flu, I'm crying from the nose",1
Me dying of the flu and drinking cold water.,1
"Can you die of the flu? """,0
@kareeeeeeen_t Genia haha ​​you were going to catch a flu but,0
"is likely to die of the flu, but these last days I want to spend them with her; dramatizmo where.",1
"You have the flu, and I have cough, with a kiss we cure both!",0
"Bad weather in Helsinki. Flu moomin. An Asian roomie 4 real, the other wera sleeps tangled. Briagués is a national sport.",0
First flu of the year. #twitter https://t.co/aPcnNegtRg https://t.co/25Aquf78lH,1
"I'm still sick, with flu, hunger and lonely.",1
Flu class that I'm charged,1
"If I felt that everything I had been told this week in the doctor was very much, I think it will be double now, I think I'm going to get the flu. VVLV Hahaha",1
"Headache, cough, chest pain, flu! What else? At any moment he stretched his leg",1
The last time I took something for the flu I did not do well!,0
I should take something for the flu but no ..,1
chopija of the flu again,0
"@cadelinar @ArgoffTV Yes, the guy that sells miracle products and is not even a doctor. He did it since the crisis of ... https://t.co/rrcJnRY9le",0
Little Jejejej ... No?,0
#Tickets,0
Recovering from the flu,1
"But # C ... """,0
"This flu is killing me, but this conversation is very good. https://t.co/nRNnOG2Tfq",1
The flu talking to me :( https://t.co/XALOAirx10,1
What the hell is holding me in the flu?,1
WHEN I'M GOING TO REMOVE THIS BAD CHAMO FLU,1
Chapman with Lucian leaves with influenza A,1
Know the differences between the flu and the cold https://t.co/B7whJPYKtV Via diariopanorama,0
@ a07c_ Ah I understand ja with a severe flu lol :(,0
hell flu,1
Symptoms of h1n1 influenza: similar to common flu: https://t.co/6IBPFq1kaG via @YouTube,0
"I have to mimir, the flu makes me grumpy.",1
"@LaMaguita It is worse than the flu A, you because you do not know it.",0
Fucking pussy,0
@Ronald_MacKay I'm already on the rag of the rain apart from walking with a big flu ... when the sun ??!,1
"I took 1 effervescent tablet for the flu, 1 ibuprofen for headache and stomach pain, I blink and sleep as doped",1
Human infection with avian influenza A virus (H7N9) - China https://t.co/FfxkmPxcmX,1
The flu is good shit ptmr,1
This flu cut me,1
A chicken soup to overcome this flu.,1
Seriously this flu has me hallucinating. I do not know if I'm awake or asleep.,1
"I want to leave, two previous and a flu that shits my life.",1
Why did not you kill me the flu?,1
Puchica who gave me the flu ?!,1
"I went for a while to the port with tiara alp2 now I'm worse, fucking flu",1
Damn flu malaise,1
"I: * sneeze once *
papi: YOU LET IT COGER THAT FLU YOU DO NOT CARE THAT'S THAT CIGARILLO",0
"""Is that I do not have a system either ... I can not say"" how good it is that we have health ""because it is almost dying of influenza.",1
"Ok, flu / malaise / fever 3 - Sofia 1",1
I'M DYING WITH THIS BAD FLU.,1
"What's wrong?
Dadaist
You have the flu?
Do
But what do you have?
Adergia",1
how I wish that my dad's a flu and nothing else!,1
I self-medicated for a hearing problem and flu symptoms and everything went well. #I'm legend,1
That shitty flu shot me down a whole week and made me miss her a bandaaaa,1
"For my thesis I use powdery reagents. I told my parents that I would get the flu for inhaling so much dust, they are already looking for a doctor.",0
I can not take it anymore with the life of the flu,1
What flu i have,1
I already got 100to you,0
wacha is doing the line in warhol and I send this photo omg i love flu friday https://t.co/AZsKOQORoT,0
Fucking flu,1
"I think tomorrow I'm going to be worse, damn flu or whatever you are",1
I'd hate to be the flu to spend a couple of weeks with you in bed.,0
A couple of weeks of traveling and I hope this infernal flu has been a kind of energy cleansing! Good times come! (I.e.,1
Tequila cured me the flu!,1
As someone (juane) is already beating the flu ... #help :),1
"@lalismos @JaviPiVe @uyEcos There are vaccines, such as those of HPV that were proven not to work, the flu is not useful either. https://t.co/OX498uFzMr",0
"Ginger to cure diabetes, cancer, fatigue, flu, kidney disease and erectile dysfunction https://t.co/4FIR4H2hoM",0
"""And aliens control the IMF with flu shots"" ... https://t.co/wgpdR944EK",0
Damn flu get out of my body already ...,1
"You went out yesterday? No papi at all.
My flu gave me away.",1
"What a fucking flu, I soon die",1
I like to scrub the flu to spend a couple of weeks with you in bed.,0
The truth that this being with tremendous influenza ruin the weekend,1
"And I here, with the flu and without your hugs ...",1
"casual, give me the flu that I can not even with my soul two days before practice, casual",0
What flu is coming from these sides,0
@brisariverooo @ValenVasquetto I have the flu for example,1
Pinch the flu shit,1
6 foods that help fight the flu https://t.co/ZgAWMCBDvG,1
"my flu is 100%, I can not feel worse",1
every day I have a new real bad yesterday was the flu today is back pain,1
"@VerOrozco Another patient, your mother just told me that she had the flu face",1
I have the flu and I'm drinking cold water.,1
"Today 1st death x #Gripe n #SanDiego ""#VacuneseContraLaGripe"" Dr.WootenM.D Director of Public Health @ SDCountyHHSA ... https://t.co/RaLZ9DNHvA",1
This serenito in Santiago is nothing more than flu # SanAléjalo,1
"@SaturnoGold Yes, they say it is contagious like the flu, but there is cure. (?)
I remember, and I also remember that 100 things were short.",0
"If the water transmits a wave of modulated amplitude, calmly a bird can catch flu in the Himalayas coming from est",0
X fault of the flu I'm going to have a Friday replayta of play and Netflix,1
@ britezfabriyme1 Are you empeda already? Soon I interned by the flu that I have,1
"I want to feel good yaa, fucking flu jump from me",1
"I feel re bad, dizzy and weak type. Must be from the flu",1
"#LuchoResponde """,0
@chopesqui @ OrtizEnzo10 I do not know what gualicho put in the wine jumps and you what I can not recover from the flu hahaha,1
I'm going to get a flu that is not playing,1
"I'm about to die literally with the flu, and I sleep with a fan",1
Guillermo Stern in Healthy People by Meridiano TV - Gripe vrs. cooled - 11/27/13 https://t.co/CN8ZA1ZORY,0
What the hell shit lpmmm,0
Flu is supposed to have to go after a week does not make me worse.,1
The flu upsets me too much,1
"How much aggression? 10 months. Also was the q went, armed 1 match and brake re reción.No causes. Greetings to the ... https://t.co/OJbbBZ1esG",0
@BryanHoch @ DBetances68 I believe you if Girardi catches a flu until 2018,0
"The havoc that makes a syrup for the flu ..
https://t.co/QCoK8LI4si",0
"Daniel, I think you're sick and it's not the flu.",1
"that sounded deep but no, it's just that I have flu thanks for asking",1
"Friedrich Dürrenmatt. """,0
Flu I already feel you,1
only to me it comes to give flu one night before about 15 years :))))))),0
"All my acquaintances have the flu, I'm afraid",1
Learn the differences between flu and cold https://t.co/fgIgnbtvcl,0
"Nebulisations, Vaporub, Next and vitamins. Or I die from the flu or cheap overdose",1
I would like to be flu for a couple of weeks with you in c.ma.,0
Only allergy and no flu please Mr. https://t.co/ozfMMCLQ99,0
"@taberne_martin Leave, I have a flu, what do you think?",1
I feel sorry for the flu,0
They invite me to leave and I am that I can not get up from the bed of drugged that I have these pills for the flu.,1
"#EnViernes I need alcohol, but this flu will not let me.",1
"After the note that gave me the flu pill, I do not know what to say. https://t.co/cahuc0hXpV",1
@hippielandsoul Fixed the flu does not go like this lol,0
"flu is enough, I do not have the strength to remove my snot, it hurts everything",1
"The thugs have flu, flu, flu, flu, flu",1
I take two pills to get me a little flu this mierrrrrrr,1
"The flu, my faithful companion",1
"#LuchoResponde """,0
"They all published videos re cute to Karol singing and I could not because I have flu and I speak like Carlitos of ""Los ... https://t.co/W2Q2u1FhWd",1
I can not find a better remedy for my flu than a good tantrum so do not say more,1
@KepinnKepann It was infallible. Flu ever and side-to-full thinking. What times,1
"With the flu that I charge, yesterday and today fell tremendous sticks of water just as I walk back to my house ... The universe wants me dead",1
"flu, why are you persecuting me?",1
"- EDUARDO DO YOU HAVE A FLU?

DO",0
"I can not take this flu anymore, it makes me super bad",1
@dk_pancake That's when I get XD flu,0
"I want to go home, I can not stand this flu anymore",1
Catching you get the flu.,1
"I'm dying that fucking flu over I'm sweating badly
#MicaViciconteTrendy #Melicians #Lali #UnaNa #KCAArgentina",1
The best cure for my flu is a chocolate. Gift viruses in return,1
Is it cold or is it the flu?,1
As for when I get this flu? Zz,1
@Quinientazo Lies baby. I hope it rains and gives them flu: 3 JAJAJA,0
"@paterfabian Jaa. You finish the job, but you catch the flu. One of lime and one of sand, like life.",1
I catch a motherfuckin 'flu,1
Do you want to hear my sensual voice as a person with the flu?,0
"While I recover from a flu I notice the news a little, the magnitude of the impact of Nate in Costa Rica. It's time to help",1
"Like when the browns Marcela and Miranda hit the flu, well, hahahaha #LikeAmo #MisMoro #MiGorditaYMiFlqui",0
"My funeral
- Of what did he die?
flu
Ahr",1
"@mmicaelad_ I have flu, cough, a blister on the lip, I swollen my arm, hit the bike and the other I do not tell, ... https://t.co/Jz9HJ6hC5N",1
Influenza please do not start this is my month leaves the pod,1
"I'm Phoebe in the chapter where she has a deep, sensual voice because she gave him the flu.",0
"Friedrich Dürrenmatt. """,0
"I've been in a T-shirt since it's night, I feel the flu now.",1
Flu I already feel you,1
"Your body will be mine, I will take you to bed, make you sweat and tremble. I will leave you without strength. -Att: The flu.",1
I have severe flu and still I went to see him to the house and it was drizzling): ❤️,1
Your throat hurts? Slept,1
"Appendicitis? DORMI """,1
I hope you get hit with my unfortunate flu,1
Wash with flu asha and other tests that come with maturity. #Sefuertechaval,1
shitty flu,1
Get this flu out of my little body.,1
@GarciaLai Beer cures the flu friend wise? No hahaha,0
"Just when I'm done, Scott's Emulsion gives me a fucking flu. Xq Diosito xq",1
"I have moquero cock, bitch flu",1
"What do I do to get the flu off, help.",1
"I do not tengive the flu, the flu has me: c.",1
"..Before they catch it infraganti, not a flu reports. Now piped, HIV itself says to have https://t.co/nihiCIwjlB",0
"I have not eaten anything since yesterday, the flu is the best way to lose weight",1
@TatianaRodrigz When I'm with the damn flu if tb lol,1
"It hurts my throat, flu / cough, get away from this body.",1
My face swollen with so much flu,1
"So much that they say ""football fever"", and it gave me true fever.",1
"I want to leave, damn flu",1
The tennis is killing me and the flu wants me to faint here. Send help.,1
"No matter what time of year you get the flu, people will always tell you ""that's a virus that's giving""",0
Xd rt acv vce hd ahre wtf abc cba gripe A,1
"#SeriaLindo That we had sex you and I like the flu, all day in bed, sweating and having difficulty breathing.",1
I do not leave a first infection then flu in the throat with discouragement https://t.co/Znw3OkcuWJ,1
Night of # family tea to fight the flu and I found these nice tips. https://t.co/Mty2n1pEuf,0
If you have INFLUENZA stay away from others as much as possible to avoid contagion. Cover your mouth with a tissue when you cough,0
bardita gripe. I'm like Simon Bolivar on December 16th,0
I took off until sleep I prefer to die of the flu than to take that again,1
Day Friday and with flu the good thing is that I am already in my house :) https://t.co/Ba73XZbE3f,1
"I have a flu and I got a tea and hand almost ended up puking that dick, what a crazy thing that knows devil",1
flu s,1
I also have,0
"coughing """,0
"I arrived, I do not give more!
On top of the flu ...",1
"I'm sorry, I'm sorry.",0
It's going to give me a horrible flu):,1
@Lapolita_ Some bug got me into the flu flu me I know,1
"Behind! Get out of my flu, I do not want you to ruin my weekend.",1
I'm getting my flu and nosebleeds okay,1
"Me on Wednesday, today taken from the flu. https://t.co/ad4vVr0JPg",0
"right now that I'm re pachucho by the flu, I have laburo band",0
"What disgusting to eat when you are with the flu, at this height as by inertia I do not feel the taste to anything",1
"Yes, all week with the flu. https://t.co/qkwufcGZiM",1
What influenza awaits me?,1
Damn fucking flu,1
"Gripe, my old friend, we meet again ... Damn. https://t.co/P8LLNyhhvy",1
"the most painful thing about this flu is not feeling the taste of food, and God how I am suffering",1
Why do you have to catch the flu on me?,1
"@Kilianhoffer AS A DIFFERENCE FROM YOU I'M TAKING ON MY CHILDREN MURIENDOME OF FLU, WORST THINGS HAVE TO BE ... https://t.co/gmPFc7twe9",0
This is not the flu,0
I think it's going to fuck the flu drugs I need a fernet or a porron with the kids.,0
A flu can reach such terrible pain,0
"I hurt my throat, my eyes, my head, I do not want to die, I want to die.",1
"Of what?

Something like that, if something grows inside of me, be it a common cold or a baby, my body kills it. https://t.co/tXkRy7XMo1",0
Tomorrow I want to go crazy but this Ortho Flu shits my life,1
@ rominaflores09 Well. Best. But now comes the after the worst flu. LOL. Where are you going to dance?,1
Ricketssia: a disease with flu-like symptoms https://t.co/uu4iPgC3cl https://t.co/nEGReA72LB,0
"Right now, I feel that I am worthless. With flu and for the other week I got all the exams #PrayForMe",1
Bue the flu I have is directly proportional to the desire to leave,1
This flu wants beer.,1
without the flu we have cough,1
I felt for the ortho all day ... what I would miss if I got your flu,0
"6 sneezing ... flu no, please !!",0
Unhappy flu,1
Nice weekend with flu :(,1
The flu is already getting used to it.,1
@KaugaB So be jumas to give them honey for the flu,1
"@ santicornejo99 With flu, half dead, but foo good hahahaha",1
Prayer chain so I do not get the flu !!!!! https://t.co/6VRiUI8AtI,0
"Since last week I have flu and constant allergies, this is not happening in autumn and winter.",1
A deadly flu puts the scientific community on alert https://t.co/bxuINHi0ve,1
"Do you have a trickle? - No, it only hurts and the flu comes with Tokyo https://t.co/tpVhIxfXXx",0
"Damn the flu, hell.",1
"I have a deadly flu, I did not move a hair to anyone",1
I have a flu that I die,1
and I go with the flu;,1
"Miyu | Hana https: // t ... """,0
How bad that I feel I can not eat anything because I return it and the re shell of the mock flu shit,1
The flu took over me,1
"Culeral week.
Starting flu.
AND P! NK DOES NOT COME TO MEXICO.",1
Sad and flu walking is the worst,1
"@smilehoranns haha ​​really? and here it is still hot ugh, hello little friend !! well, and a little better of the flu and you?",1
Summer flu (so I gave birth ...),1
"The flu I have is of such magnitude, that I have just lost two senses, smell and taste ..",1
How sad that I'm going to get the flu.,1
I need a liter of anise for this flu.,1
Bad flu will fuck me the end man,1
All rumbeando and I here with flu.,1
"And I walk with tremendous flu, pathetic.",1
"Today I can and I want to give me a little piece of shit, fuck my nose and give me the flu.",1
With flu and taking pills you can take it?,1
Now get me this flu porfa,1
@ edwardmercado01 With Influenza And Your Baby ❤,1
"IT IS CALLED ""THE PUMP"" THE REMEDY THAT REMOVES THE NASAL CONGESTION, SINUSITIS AND FLU IN A DAY! https://t.co/kgJBx6gl34",1
I just happen to get sick in the 1st weekend without classes and no catch I have in months ... more on top is finde largo #matenme #gripe,1
I do not give more of the flu aiudaaaa,1
"If you have Influenza or Influenza staying at your home and not attending work, school, traveling, shopping, social events",0
This flu is the best thing that could happen to my diet because I'm starving but at the same time I do not feel like eating anything,1
It's Friday and my flu knows. I got into bed. The only time I want a boyfriend is when I'm pachucha.,1
"@ barb0sa_ The flu the pussy, I have to stop walking in the rain, hahaha.
Do not miss tomorrow, France ... https://t.co/VdmUOex0jo",1
"Friedrich Dürrenmatt. """,0
What Ortho Flu hurts everything,1
How difficult it is to eat and breathe through the mouth at the same time. Damn flu.,1
"Maybe it's a disease ...
Like the flu.",0
"They remember when I told them I had 4 years without giving me the flu. Well, I just dropped those 4 years together.",1
Update: don mushasho now falls with flu,1
It was not enough with the flu that now grab me another thing lpm,1
"The flu loves me, do not leave me later!",1
Severino in the bullpen and Bentances have flu?,0
"I had the brightness of the cell to the maximum and as I was bothered I said ""ay que sol"" same flu makes me idiot",1
With flu and everything is still the same. Rest who knows you or us,1
Fuck the toothache and the flu is Friday,1
If on the fifth day of flu without a fever I'm going to give up fever I give up on global warming.,1
I fall from sleep ..... this flu has me wrong .....,1
STILL I HURT THE THROAT AND INSURANCE I DRINK THE COLUMN OF THE COLMS THE MOTHER'S BITCH,1
→ ★ Scientists find out how the flu virus changes so quickly https://t.co/Cd8SdhlTmT #NewsSalud,0
"I think I hit the flu at all,",1
8. The flu always betrays you. https://t.co/nmfUvaURdu,0
