text,cat2
nnp body nouns nouns nouns,0
adjectives nouns people nouns,0
adjectives nouns vfor nnp nouns CC body nnp VBD IN CD nouns VBD IN CD nouns,0
nnp activity RP IN DT adjectives body,0
nnp nnp nnp HT nnp CD body nnp nouns nnp nnp nouns CD CD HT HT HT URL,0
body IN DT nnp nnp nnp nnp nouns nouns nouns nouns nnp nouns nouns nouns VBP nnp nnp,0
nnp Have DT adjectives body IN DT nouns,0
VBG PRP opinion PRP VBD adjectives body vfrom VBG RB adjectives,0
VBG adjectives,0
nnp opinion PRP Have adjectives body  HT,1
VB RP IN adjectives body IN PRP$ adjectives body Temporalwindow,1
nnp MD frequency VBP adjectives adjectives body IN nouns,0
DT activity body,0
PRP VBP PRP$ nouns activity PRP$,0
nnp HT,0
nnp body nouns CC DT adjectives MD VB USR being PRP$ adjectives nouns,1
nnp get IN nouns CC PRP get adjectives nouns CC nouns VBD PRP$ nouns RB,1
locative being DT adjectives nnp nouns IN DT nouns body nouns nnp UH IN DT nouns IN body nouns nouns visual adjectives adjectives CC adjectives,0
nnp nnp DT adjectives adjectives nouns nnp nnp nnp adjectives nouns HT HT HT,0
nnp VBD PRP$ nouns need TO VB adjectives PRP being VBN IN nouns nnp being adjectives nouns PRP RB VB TO affection nnp,0
nnp nnp PRP$ adjectives nouns DT morbidity IN adjectives body being adjectives,0
nnp RB VBD DT people get adjectives body IN recovery CC VBP RB anger,1
expletive VB IN DT adjectives nouns,1
RB expletive PRP RB VBP PRP frequency VBD adjectives TO nouns body Temporalwindow PRP VBZ like PRP get adjectives nnp nouns apologetic,0
nnp VB treatment IN nouns humour adjectives body nouns,1
body nouns IN PRP$ adjectives nouns nouns VBP nouns adjectives nouns nouns MD PRP VBP WP PRP VBD,0
nouns Have DT order nouns IN DT adjectives nouns IN DT nouns PRP being visual adjectives IN nouns CC RB adjectives IN morbidity CC Have nouns IN DT nouns,0
VBP nouns VBZ TO environment RP adjectives nouns PRP RB VBP need DT nouns adjectives body nouns VB PRP$ nouns nouns IN DT,0
nnp Continuance IN DT,1
nnp RB negator rb adjectives body,1
adjectives body being morbidity nouns nouns nouns PRP VBP,0
nnp nnp VBG body nouns IN increase nouns being DT adjectives adjectives increase adjectives IN being nouns,0
nnp RB get DT adjectives body,1
nnp CC VB PRP$ adjectives adjectives nouns IN DT nouns nnp CC IN adjectives nouns VB DT body IN DT nouns HT,0
nnp get DT nouns IN PRP$ nouns PRP opinion PRP VBZ get adjectives body,0
nnp nnp PRP get DT adjectives body CC PRP awareness PRP get expletive IN PRP$,0
nnp opinion VBP get adjectives body,1
nnp VBD TO Have dispersal adjectives body  nouns VB IN,1
nnp,0
nnp,0
nnp,0
nnp body,0
nnp VB DT,0
nnp,0
nnp,0
nnp,0
nnp,0
nnp body,0
nnp VB DT,0
nnp DT nouns body,0
nnp VBZ like DT adjectives body recovery RP nouns,1
VB IN TO get DT adjectives body nouns IN VBP VBG PRP IN DT nouns nouns nouns nouns nouns,0
VB PRP$ body VBZ VBN VB adjectives PRP probability obligative get DT VBN IN,0
nnp opinion VBP get adjectives body IN PRP$ adjectives body VB VBP RB IN Temporalwindow,1
nnp Temporalwindow WDT method PRP get adjectives body,0
VBG nouns RB adjectives being VBG give PRP nouns adjectives,0
nnp nnp nnp nnp nnp nnp opinion PRP get adjectives body IN DT adjectives HT,0
nnp nnp,1
nnp nnp nouns IN magnitude nouns VBZ WRB nnp VBD nouns nnp IN DT nouns IN adjectives activity nnp nnp go,0
nouns IN locative extent VB get adjectives,0
nnp VBP VBG DT adjectives nouns nouns nouns TO VB PRP opinion magnitude IN PRP$ body Have adjectives body IN DT presentation nouns,1
nnp extent get adjectives body vfrom VBG RB probability nouns PRP$ comerederie go TO locative,0
nnp VBD RP DT adjectives body body PRP RB VBD DT adjectives nouns nnp VBD PRP RB,0
VBG RP adjectives nouns feeling like diety VBG PRP IN DT body DT magnitude nouns VBG PRP adjectives body CC RB VBG PRP IN DT,0
VB DT nouns URL HT HT adjectives nnp nnp CD nnp nnp treatment nnp nnp,0
nnp locative vfor DT Temporalwindow CC PRP get adjectives nouns,1
body preventive IN DT adjectives nouns nouns,0
need nouns adjectives WRB PRP VBZ TO nouns body nouns IN CD nouns nouns nnp,0
adjectives nouns PRP VBD TO VB adjectives nouns VB VB DT,0
nnp opinion PRP Have adjectives body ,1
nnp adjectives nouns IN VBG adjectives body being negator being ability TO obligative vfor adjectives negator nouns VBZ DT people VBD body IN DT nouns VBG,1
method nouns VBP PRP Have body morbidity nouns adjectives body,1
being visual vfor nouns PRP VBP PRP$ nouns body PRP opinion PRP MD probability VB adjectives body IN magnitude nouns WP,1
nnp Have adjectives,1
method PRP VBP PRP awareness DT adjectives nouns IN PRP$ nouns,0
method nouns VB adjectives people VBG DT nouns IN PRP$ nouns,0
like expletive PRP awareness,0
nnp VBZ WRB PRP Have adjectives body VBZ nouns calls ending VBG PRP IN method adjectives PRP VBP nnp,1
VBG PRP$ body VBZ RB adjectives nouns PRP opinion PRP adjectives adjectives body body PRP VBP awareness locative DT expletive being get PRP,1
CD adjectives RB frequency exclamative adjectives adjectives nnp nnp body adjectives nouns nnp nnp,0
health IN PRP Have adjectives body PRP Have DT morbidity body CC VBP evaluative PRP$ body CC Temporalwindow PRP Have DT body nouns,1
nnp adjectives adjectives nouns IN adjectives body being VBG RB DT VB RP PRP VBD IN PRP$ body vfor DT order nouns IN Temporalwindow,1
adjectives body being VBG PRP  VBP nouns get othertemporalreferences vfor adjectives body,1
causality DT nouns being adjectives order nouns VBP VBG VBG IN locative VBG IN PRP CC VBG PRP extent adjectives nouns,0
nnp nnp nnp need DT,0
adjectives magnitude nouns VBD VBG nouns VBG adjectives nouns CC VBG DT nouns nouns IN CD DT Temporalwindow,1
nnp get adjectives body IN magnitude body Temporalwindow PRP RB,1
body adjectives body morbidity CC expletive adjectives nouns nnp,1
nouns being VBG activity RP nouns Temporalwindow IN negator nouns CC DT adjectives,1
VBZ VB PRP go TO morbidity causality PRP MD Have adjectives body VBG RB TO locative,0
nnp VBP get adjectives,0
IN PRP opinion PRP get adjectives body IN magnitude,0
nnp VBP IN PRP Have adjectives,1
VB PRP Have adjectives,1
nnp adjectives body vfrom VBG nouns being adjectives,0
opinion VBP get adjectives body,1
nnp VBD IN IN obligative vfor DT order othertemporalreferences frequency VBZ DT UH nouns causality PRP Have adjectives body nouns VBD PRP VBP TO VB,1
nnp PRP VBP like nouns nouns adjectives body ,1
VB RB adjectives being DT VBG CC body VBG,0
nnp VB IN adjectives nouns WRB PRP VBD DT nouns IN PRP$ obligative IN PRP Have adjectives body body PRP VBD RB VBN,0
nnp adjectives vfor PRP$ adjectives body TO VB extent DT method,1
VB PRP$ nouns IN DT adjectives adjectives body,0
nnp awareness VB detect DT CD WRB PRP Have adjectives body IN magnitude body CC being adjectives body PRP Continuance VBZ PRP RB CC VBZ PRP adjectives IN,1
nouns DT being DT people nouns nnp PRP$ body nouns VBZ negator need TO VB PRP$ visual adjectives,0
nnp nnp morbidity IN nnp nnp nnp nnp HT HT,0
VBG adjectives body being DT adjectives causality nouns VBZ IN PRP like DT VBG morbidity CC PRP RB feeling like expletive CC MD,1
CD nouns adjectives nnp nouns nouns nnp VB CD UH CD nnp nnp nnp nnp nnp,0
nnp nnp nnp body nnp visual nnp nouns,0
presentation adjectives body MD VB VBN method body nouns nouns Predisposition TO nouns adjectives IN nouns nouns CC nouns nouns,0
nnp nnp nnp nnp nnp nnp nnp nnp affection nnp nnp adjectives adjectives nnp nnp nnp,0
nnp probability get adjectives body vfrom VBG DT nouns nouns,1
VB PRP Have DT visual body CC nouns VBZ PRP Have VBN nouns nouns method USR,0
nnp adjectives body CC probability nouns IN,0
VB RB RB IN DT body MD VB PRP VBP DT nouns DT nouns body DT nouns nouns nouns IN nnp,0
nnp body being adjectives humour PRP VBZ like adjectives probability CC adjectives extent DT nouns VBP,1
nnp opinion PRP VBP get adjectives nouns PRP MD VB PRP$ adjectives nouns WP obligative PRP VBP,1
nnp VBD PRP Have TO get adjectives body IN DT Temporalwindow,1
get PRP$ nouns adjectives body nouns VBD nouns get DT locative nouns VBD DT nouns VBD extent nouns nouns CC Temporalwindow Have TO VB PRP$ nouns CD,1
CD nnp adjectives CD adjectives nouns CD UH CD UH nnp nnp nnp visual nnp nnp nnp,0
nnp TO PRP$ relationships vfor VBG PRP adjectives body IN magnitude body,1
nnp adjectives body nouns nouns ,0
nouns USR CC PRP being RB go TO go morbidity PRP IN PRP$ adjectives,1
nnp body,1
nnp PRP get adjectives body nouns,0
nnp VBG give PRP adjectives adjectives body nouns CC nouns RB like nouns,0
nnp nouns WRB PRP VBD nnp TO go TO nnp PRP Have adjectives nouns CD nouns IN nouns VBP PRP Have nouns CC adjectives,1
nnp body Predisposition,1
nnp nnp body MD VB adjectives,1
people VB nnp TO VB adjectives body UH diety UH DT obligative VB,0
nnp VBD DT nouns TO DT USR nouns nnp nnp nnp nnp nnp nnp nnp nnp nnp body,0
nnp nnp body nnp VB adjectives nouns adjectives nouns vfor nnp HT HT HT HT,0
nnp nnp,0
nnp nnp CD nouns body nnp nnp nnp nnp nnp nnp CD nnp nnp,0
nnp method DT expletive VBP nouns VB IN adjectives nouns VBG adjectives nouns duration PRP VBP like PRP Have DT extent incidence IN adjectives nouns,0
nnp VBP adjectives nouns,1
nnp USR nnp VBG get adjectives nouns,0
order PRP get DT adjectives nouns RB DT morbidity nouns nouns Temporalwindow DT nouns extent IN nouns adjectives IN nnp PRP VBP being morbidity ,0
nnp UH duration adjectives nnp nnp PRP Have VBD negator TO nnp people VBP,0
nnp VBZ method PRP get adjectives body,0
VB PRP Have adjectives body,0
VBZ DT nouns IN DT adjectives body incidence IN nouns DT nouns nouns nouns being VBG RB,0
get adjectives body frequency,0
nouns HT adjectives adjectives nnp morbidity body nnp nnp nnp nnp nnp nouns nnp nnp nnp HT HT,0
CD UH DT adjectives body nouns,0
nnp nnp body nnp USR nnp nnp nnp nnp,0
nnp VBP CD nouns IN nnp PRP VBD PRP TO DT treatment TO treatment extent adjectives nouns IN DT VBD adjectives,0
nnp Have DT nouns RB adjectives body CC VBP adjectives CC,0
nnp nnp method PRP get adjectives,0
nnp nnp morbidity nouns body morbidity nouns adjectives nouns,0
get adjectives body being extent RB DT nouns IN nouns IN DT expletive nouns,0
body PRP treatment PRP get adjectives,0
nouns VBP Have negator body Have TO go IN PRP Have adjectives body CC Have TO go IN nouns RB,1
VBP PRP give PRP adjectives,0
nnp USR UH PRP Have DT extent incidence IN adjectives body,1
nnp probability Have adjectives,1
nouns IN PRP$ nouns PRP VBG CD adjectives nouns nouns adjectives body nouns nouns nouns CD being DT adjectives CD nouns being DT,0
nnp body IN DT adjectives nouns,0
CD UH CC RB IN PRP VBP IN DT nouns WP IN DT people VBZ nouns Have nouns VBG IN adjectives nouns adjectives,0
nnp PRP opinion PRP Have adjectives nouns,1
nnp VBD DT nouns IN,0
nnp MD PRP VBP,0
nnp VBP nnp MD VB DT nouns nouns IN PRP,0
CD nouns nouns adjectives nnp nouns nnp body nnp CD nnp,0
nnp get extent adjectives nouns USR,0
nnp Have adjectives body nouns ending PRP$,1
nnp IN CD VBP negator advisory get adjectives,1
nnp nnp MD biologicalproduct CC give PRP adjectives,0
nnp being nnp adjectives,0
nnp nnp nnp,0
body nnp,0
nouns nnp,0
nnp,0
nnp nnp body nnp nnp VB nnp nnp CC nnp nnp nnp HT URL,0
nnp,0
VB PRP Have adjectives body vfor DT,0
VB PRP$ nutrition nouns Have adjectives,1
nnp nnp RB VBD RP TO,0
nnp adjectives nnp nnp nouns SYM DT adjectives,0
IN PRP Have adjectives body WDT VBZ PRP MD obligative nouns WDT VBZ negator nouns,1
nnp body get adjectives,0
CD UH gratitude nouns CD VBG DT awareness IN adjectives adjectives nouns VBZ VBG IN IN DT adjectives nouns nouns,0
nnp body being DT adjectives nouns negator TO VB PRP Have PRP IN magnitude nouns,1
nnp adjectives nouns nouns CC nnp nnp ,1
probability Have adjectives nouns,1
opinion IN VBG nnp nouns TO DT mass nouns WP VBP PRP people opinion UH CC nouns,0
PRP get adjectives,1
adjectives body nouns CC nouns vfor DT nouns,0
expletive PRP Have adjectives,1
nnp visual adjectives nouns VBZ TO VB DT body IN nnp CC order PRP awareness IN DT nouns nouns MD Have TO VB,0
nnp nouns nouns VBD nnp,0
adjectives nouns give nouns adjectives,0
nnp PRP obligative like adjectives nouns body UH nnp WRB PRP morbidity RB VB nouns nouns IN PRP$,0
nnp nnp nnp nnp nnp RB VBD nnp nnp IN DT adjectives incidence IN adjectives,1
nnp body CC nouns,1
nnp body being RB DT nouns PRP VBP DT RB,1
nnp Have adjectives body Temporalwindow,1
nnp nnp nnp nnp nnp nnp nnp nnp CD nouns texture nouns nnp nnp body nnp,0
nnp VBP DT people IN give VBG PRP give extent adjectives body VBG adjectives nouns vfrom DT nouns PRP VBP nouns IN DT,0
VB RP CC opinion PRP Have adjectives nouns adjectives nouns IN PRP$,1
exclamative VBG adjectives body extent morbidity,1
nouns UH adjectives body extent VBZ PRP,1
nouns extent negator RB texture TO negator VB nouns IN adjectives reports VBP RB opinion DT treatment IN nouns nouns VB adjectives body being VBG PRP,1
nnp opinion PRP Have adjectives body nouns USR get extent body nouns,1
get PRP$ adjectives adjectives body VBG nouns IN locative,0
nnp get adjectives body like,1
nnp VBP people go nouns IN VBG nutrition nnp body VBP nouns DT body vfor nnp VB PRP$ nouns PRP$ nouns VBZ DT adjectives,0
adjectives PRP Have like DT adjectives body CC PRP VBD nnp VBZ like VB VBG IN DT nouns,0
nnp VBD IN PRP$ nouns CC give PRP adjectives nouns USR,0
nnp adjectives body being dispersal negator nouns VB PRP,1
adjectives opinion nnp Have adjectives,1
nnp Have adjectives body,1
nnp RB PRP Have adjectives adjectives nouns,1
need nouns adjectives WRB PRP VBZ TO nouns body nouns IN CD nouns nouns nnp,0
nnp PRP extent go TO nouns Temporalwindow negator VBG PRP Have adjectives nouns RB VBZ nouns VB PRP$ nouns,1
nnp extent adjectives nouns IN adjectives body being IN PRP get adjectives VB RP adjectives IN IN PRP,1
nnp body,1
nnp nnp nnp adjectives body nouns adjectives adjectives nnp nnp nnp nnp VB nnp,0
nnp WRB PRP opinion PRP$ nouns VB get DT worsen CC PRP activity RP IN adjectives nouns DT morbidity nouns CC DT nouns IN PRP$ nouns,1
nnp VBD adjectives body UH PRP,1
nnp negator adjectives IN nouns body PRP MD RB go DT magnitude Temporalwindow IN VBG TO VB IN DT nouns IN nnp,0
nnp PRP get adjectives body CC Have TO obligative IN CD VBP body VBP DT people RB VBG nouns VBZ,1
CD nnp adjectives nnp adjectives nnp nnp nnp nnp CD nouns nouns nnp,0
nnp VBZ CC PRP CC VBP PRP body VBD nouns CC VB VBG adjectives,0
nouns IN CD nouns nnp CD body nnp nnp nouns nouns nouns nouns nouns URL method USR,0
nnp nnp body being adjectives vfor nnp HT,0
nnp DT adjectives Temporalwindow nnp opinion PRP Have adjectives nouns,0
nnp MD get adjectives body UH USR PRP$ nouns,1
nnp relationships VBZ PRP adjectives PRP$ adjectives body being RB morbidity VBN vfrom adjectives body,1
nouns HT CD nouns HT nouns nouns nnp body nnp nnp visual nouns nnp nnp HT HT,0
nnp VBZ body nouns WRB PRP Have nouns IN PRP$ nouns CC PRP VBZ PRP DT adjectives nouns adjectives,0
nnp RB adjectives nouns IN DT nouns adjectives body ,0
VB PRP method PRP Have adjectives nouns IN magnitude,1
nouns extent PRP Have TO VB being adjectives nouns give adjectives nouns adjectives,0
adjectives VB PRP IN PRP$ adjectives,1
adjectives nouns IN DT order DT nouns VBD nnp PRP VBD RP CC VBD VBG VBG adjectives IN MD VB PRP VBD body,0
nnp USR nnp adjectives body,1
nnp USR PRP probability Have adjectives body PRP RB go TO DT treatment CC PRP$ nouns being VBN RB PRP MD,1
feeling adjectives vfor DT nouns WP VBP Have adjectives body IN magnitude IN PRP$ nouns VBZ RB,1
nnp IN PRP Have adjectives FW FW FW,1
adjectives relationships Have adjectives body Temporalwindow PRP VBP being PRP probability vfor DT body TO get adjectives body VBP,1
nnp WRB being PRP$ body,0
nnp nnp,0
nnp nnp VBD WRB being PRP,0
nnp nnp nouns CC UH extent CD body Have nouns,0
body nnp HT HT HT HT HT HT HT,0
nnp body nnp nnp nnp othertemporalreferences VB nnp nnp URL method,0
bodyfunction DT adjectives body method USR USR nnp nnp UH,0
VB PRP Have adjectives body RB CC VB VB RP,1
USR DT diety PRP VBD,0
nnp VBD DT adjectives adjectives nouns body VBP vfor DT nouns being PRP VBG TO VB PRP feeling like,0
nnp locative CC biologicalproduct RB PRP VBP adjectives body ,0
VB PRP MD get treatment IN adjectives body IN othertemporalreferences TO go RP nouns IN PRP Have TO consequential PRP$,1
nnp nnp nnp nnp nnp nnp,0
body VBD TO VB IN IN DT adjectives IN adjectives IN PRP$ nouns vfrom DT nouns VBZ VBN PRP$ body TO ending DT USR UH,0
nnp body being RB adjectives CC,0
USR PRP VBD VBG IN USR TO VB IN extent CD IN DT nnp nnp RB RB IN DT body MD,0
nnp VBP PRP MD give PRP adjectives adjectives nouns,0
adjectives UH negator UH PRP get DT adjectives,1
nnp UH UH people PRP RB VBP being adjectives extent nouns VBD PRP extent get worsen IN adjectives body nouns adjectives body,1
nnp nouns IN PRP$ body nouns,0
nnp adjectives body VB nnp HT HT HT HT HT HT,0
RT USR get PRP$ treatment nouns vfor adjectives body IN IN DT adjectives body nouns nouns,0
nnp treatment CD adjectives body DT nouns being mortality nnp body PRP MD VB RB calls,1
nouns IN PRP Have DT incidence IN adjectives nouns PRP VBP USR CC PRP extent VBP nouns,0
nnp body expletive morbidity,1
body HT nnp HT HT adjectives nouns URL URL HT HT,0
VB DT people IN adjectives body,1
nnp body IN magnitude body RB IN othertemporalreferences vfor nouns nouns DT VBZ PRP$ extent nouns TO DT test,1
get PRP$ treatment nouns vfor adjectives body IN IN DT adjectives body nouns nouns,0
nnp adjectives HT nouns IN DT victim IN probability Have adjectives nouns URL nouns IN adjectives nouns,0
nnp VB like DT adjectives nouns Temporalwindow IN adjectives body gratitude TO PRP$ nouns VBG PRP IN PRP IN DT nouns,1
nnp Temporalwindow Have adjectives body,1
nnp PRP VBP DT nouns CC RB PRP$ body VBP PRP get adjectives body CC adjectives,0
nnp VB adjectives IN DT nouns IN RB VBP negator VBG PRP RP duration PRP$ adjectives body go RB UH,1
nnp VBP Have TO VB nouns IN nouns IN adjectives nouns  HT HT HT URL,0
nnp VBD DT USR nouns URL nnp nnp nnp body vfor nnp body VBP adjectives nouns IN,0
nnp VBG VB immunity TO adjectives body RB othertemporalreferences RB nnp,0
nnp VBD nnp TO DT nouns IN causality PRP Have DT adjectives nouns VBD PRP Have adjectives body IN urbanrural,1
nnp CD nouns activity VBN method USR nnp nnp nouns nouns environment nouns nouns CC adjectives,1
nouns being VBG PRP$ nouns locative adjectives nouns DT urbanrural nouns obligative Have adjectives body extent DT,0
nnp being vfrom USR texture adjectives adjectives body IN DT nouns IN adjectives vfor DT adjectives nouns IN PRP$ body ,0
nouns negator nouns VBP Have PRP$ body IN DT nouns nouns PRP VBP PRP,0
VBG IN DT treatment IN nouns nouns RB nouns MD VB DT adjectives body,1
nnp nnp DT nnp nnp nnp nnp nnp VBZ vfor nouns IN adjectives body incidence increase URL HT,1
nnp adjectives body morbidity like VB RB IN adjectives nouns RB apologetic vfor nouns WP VBZ PRP DT order CD,1
nnp PRP opinion VBP get DT adjectives nouns WP MD PRP VBP UH,1
nnp nnp nnp probability get DT adjectives adjectives nouns,0
nnp opinion PRP Have adjectives body,1
method IN DT expletive VBP PRP get adjectives,0
nnp nnp nnp nnp nnp nnp nnp nnp CD nouns texture nouns nnp nnp body nnp,0
nnp USR USR USR,0
nnp probability Have adjectives body IN PRP go CC VBD PRP$ DT body nouns vfor WRB PRP,1
expletive PRP get obligative Temporalwindow CC IN adjectives body expletive need TO go,1
nnp USR USR DT expletive get adjectives body vfor opinion,0
nnp get adjectives body RB,1
IN PRP RB VBZ PRP TO PRP PRP VBG VB RB adjectives like method VBP PRP VBG VB TO PRP$ relationships PRP get adjectives body vfrom DT,0
adjectives nouns Have adjectives body like,1
nnp PRP VBZ like PRP VBD adjectives nouns TO USR vfor DT,0
nnp nnp nouns nnp nnp nnp composition body nnp nnp VB RP nnp nnp,0
nnp nnp PRP$ adjectives nouns DT morbidity IN adjectives body being adjectives,0
nnp MD VB VBG like PRP get DT adjectives,0
VBZ method PRP get adjectives body,0
nouns adjectives adjectives adjectives UH PRP VBP RB like adjectives body IN PRP$ nouns CC body VBP PRP MD,0
nnp nouns get DT adjectives body CC DT body morbidity IN nouns IN VBG nouns PRP RB being get morbidity,1
nnp nnp method PRP get adjectives,0
nnp MB attempt DT nnp IN PRP being adjectives body body PRP VBZ VBN TO,0
nnp Have nnp CC PRP Have adjectives nouns joy nouns,1
nnp IN PRP Have adjectives body PRP obligative VB adjectives body IN adjectives nutrition CC like nouns body VB opinion extent IN PRP VBZ locative RB VB locative IN,0
nnp body,0
nnp USR USR nouns nouns nouns nouns nnp nnp,0
nouns PRP Have adjectives,1
nnp body RB,1
nnp PRP RB detect RP PRP Have adjectives nouns PRP$ nouns,1
get DT nouns nouns TO HT nouns HT nouns nouns,0
get DT nouns nouns TO HT nouns HT nouns,0
nouns extent PRP VBP adjectives nnp,0
CD UH nouns PRP MD get DT adjectives,1
nnp RB Have nouns VBN IN PRP$ body IN VB TO adjectives nnp,0
nnp opinion PRP Have adjectives nouns RB VBZ,1
VBZ RB VBN PRP$ nouns adjectives nouns nouns vfor adjectives body nouns PRP opinion PRP MD VB,0
nnp VBP PRP get adjectives body vfrom DT adjectives nouns nouns nouns order,1
nnp HT VB vfor DT environment nouns visual body CC adjectives nouns affection DT nouns HT,0
adjectives adjectives,1
nnp body,0
nnp PRP VBD RP PRP Have adjectives body,1
nnp body UH duration DT nouns being people nouns PRP feeling like PRP obligative VB adjectives IN RB IN nouns nouns body,0
nnp VBD nnp nnp vfor CD adjectives nnp,0
get adjectives body IN PRP$ body nouns,0
nnp opinion PRP VBP get DT adjectives body,1
nnp increase body nnp increase nnp increase nnp adjectives nnp nnp HT HT,0
IN PRP detect DT nouns IN PRP$ nouns VBP RB adjectives PRP awareness negator nouns VBD PRP vfor nouns IN WP being nnp nnp nnp nnp,0
nnp go RB IN DT morbidity nouns CD adjectives nouns DT VBN nouns CC DT body nouns PRP VBP adjectives nouns nouns VB PRP IN DT,1
nnp USR VBD adjectives nouns give nouns adjectives body  VBP,0
nouns VBZ like PRP Have adjectives body,1
nnp probability VB VBG adjectives IN nouns body VBP VBG IN biologicalproduct humour,0
nnp,0
nnp nnp CC adjectives body nouns IN adjectives,1
nnp Have adjectives body nouns VBP like PRP get VBN IN DT,1
adjectives UH nouns VBP being RB adjectives body being DT adjectives nouns VB VBG DT nouns nnp RB go RB IN DT magnitude Temporalwindow,1
nnp TO WP give PRP adjectives body HT,1
VBZ DT nouns being adjectives nouns obligative VB VBN adjectives nouns PRP obligative RB VBP TO PRP IN nnp nnp CD IN PRP$,0
nnp VBG TO VB nnp method USR IN nnp HT,0
nnp nnp nnp nnp nnp nnp body method nnp URL method,0
nnp VBP PRP VBP like PRP Have adjectives nouns,0
body PRP affection adjectives CC visual PRP,0
nouns VBP PRP VBP awareness nnp nnp body nnp VBP opinion being adjectives body VB like DT nouns nouns body affection nouns,0
nnp WRB nnp VBD nnp VBZ RB Have adjectives nouns,0
Temporalwindow VBD RP IN adjectives body opinion TO feeling,1
VB RP IN adjectives body WP DT,1
nnp PRP opinion PRP Have adjectives nouns,1
nnp WRB,0
nnp nouns being adjectives VBP increase adjectives nouns CC nnp nnp nnp HT HT,0
nnp adjectives nouns nnp body nnp nnp nnp,0
VB PRP VBD adjectives,1
nnp body CC body morbidity IN nouns IN DT adjectives nouns ,1
being RP extent nouns vfrom adjectives nouns causality PRP Have adjectives nnp WP RB VBZ adjectives,1
PRP$ nouns probability Have adjectives,1
nnp VBZ VB,0
nnp USR WRB VBZ PRP$ nouns Have DT adjectives nouns PRP extent being DT,0
nnp Have adjectives body CC VBD adjectives DT RB adjectives VB extent,0
nouns PRP get adjectives,1
nnp MD get adjectives body order PRP$ nouns UH,1
IN PRP get DT adjectives body nouns,1
nnp MD Have DT visual nouns PRP MD extent VBP adjectives CC VB IN nouns nouns nnp opinion DT nouns body nouns being,0
nnp extent Have adjectives body frequency like CD nouns IN nnp WRB VBP PRP RB get PRP RB being adjectives IN PRP$ body PRP VBP PRP$ nutrition,1
nnp Have DT morbidity body vfor like DT nouns Temporalwindow PRP Have adjectives body IN magnitude body CC DT morbidity body nouns being adjectives being,1
VBG nnp order activity nouns TO VB PRP TO DT nouns IN PRP opinion PRP Have adjectives nouns UH,1
nnp go TO obligative Temporalwindow IN adjectives body IN PRP$ adjectives nouns Temporalwindow VBZ IN magnitude RB VBP negator go TO obligative,1
nnp opinion PRP feeling IN PRP Have DT body morbidity CC adjectives,1
go TO locative IN adjectives body IN CD nouns VBD RP IN adjectives body IN magnitude,1
nouns TO order nouns celebratory WRB PRP Have adjectives body IN magnitude body,0
nnp MB attempt IN PRP need TO VB PRP$ body Temporalwindow IN PRP awareness VBP locative locative VBG probability body extent VBZ adjectives body,1
IN PRP VBP DT like DT body nouns VBD VBN adjectives CC VBD RB adjectives,0
HT nouns IN,0
nnp affection DT adjectives CC adjectives adjectives body PRP VBP,0
nnp Have DT worsen expletive adjectives body like PRP adjectives go RB method Temporalwindow IN relationships VBZ go RB,1
nnp IN nnp nnp nouns TO VB PRP Have adjectives nouns method probability being PRP IN PRP VBD VBN method nnp method MD PRP VBP,0
adjectives body being RB adjectives CC VBN RP CC PRP Have DT activity nouns nouns,0
USR UH PRP Have adjectives body CC PRP IN DT treatment PRP,1
nnp VBP VBG get DT adjectives,1
need nouns adjectives WRB PRP VBZ TO nouns body nouns IN CD nouns nouns nnp,0
nnp VBD nnp nnp nnp RB CD body being adjectives,0
VBZ DT adjectives locative treatment vfor nouns MD frequency  HT HT HT URL,0
nnp VBZ adjectives adjectives nouns body nouns texture incidence adjectives nouns nnp texture VBN URL,0
nnp nnp nnp body nnp nnp nouns nouns nouns vfor CD IN DT nouns,0
go IN Temporalwindow CD IN being morbidity VBP Have DT adjectives nouns morbidity nouns morbidity nouns VBN body CC Temporalwindow TO VB PRP RP PRP Have adjectives body,1
nnp adjectives nouns morbidity nouns CC PRP feeling like VB VBG dispersal nouns VBP DT nouns RB IN DT recovery,1
nnp opinion PRP$ people VBZ Have DT adjectives body,0
nnp VB locative adjectives,0
nnp RB get adjectives body order Temporalwindow PRP VBD RP Temporalwindow CC PRP Have PRP,1
nnp opinion PRP Have adjectives,1
nnp adjectives fear Temporalwindow being WP IN PRP get adjectives body vfrom DT,0
probability CC probability negator Have adjectives,1
nnp nnp nouns adjectives nnp increase UH nnp nnp nnp VBD,0
adjectives adjectives increase nouns being DT extent evaluative  nouns,0
opinion PRP VBD RP IN adjectives body,1
nnp VB DT body IN DT nouns CC nouns MD ending nouns HT HT HT,0
adjectives body CC adjectives nouns URL HT,0
visual being nnp nouns nouns nouns being nnp nnp nnp nnp IN nnp VBP nouns IN nouns VB PRP$ nouns,0
order nouns nouns nouns CD body IN adjectives nouns CC DT adjectives IN nnp nnp SYM nouns,0
nouns USR nouns VBZ TO go biologicalproduct IN PRP$ nouns CC give PRP adjectives body vfor PRP$ adjectives,0
nnp nnp body nnp nnp nnp nnp VBG nnp nnp nnp nnp nnp nnp nnp nnp,0
VB RP IN adjectives body IN magnitude body CC Have TO VB DT VB PRP go TO VB DT adjectives,1
nnp nnp nnp nnp adjectives nouns visual body people people people quantisation URL,0
nnp nnp nnp nnp nnp nouns adjectives body nnp people people people quantisation URL,0
nnp opinion PRP VBD RP IN adjectives body,1
nnp PRP VBG IN DT nouns nouns locative being magnitude IN adjectives nouns visual nouns VBP VBN CD IN nouns VBP nouns MB VB DT body,0
CD adjectives adjectives treatment SYM VBZ vfrom nnp SYM adjectives nouns IN nnp SYM nnp VBZ nnp SYM adjectives othertemporalreferences IN nnp SYM nouns obligative SYM nouns,0
nnp nouns being DT nouns PRP Have TO consequential PRP$ obligative IN VB positive PRP Have adjectives nouns PRP VBP negator adjectives negator joy IN,1
USR,0
nnp,0
PRP opinion DT nouns Have adjectives nouns,0
PRP Have adjectives,1
nnp expletive nouns IN DT nouns nouns,0
VB RP IN adjectives body IN magnitude nouns RB VBG VB nouns VBP probability IN nouns nouns nnp VBP probability IN expletive,1
method TO adjectives adjectives body,0
nnp people RB VBZ calls calls IN PRP VBP USR USR USR,0
adjectives adjectives body being Temporalwindow DT,1
CD USR biologicalproduct IN PRP$ nouns give PRP DT adjectives adjectives nouns PRP VBZ,0
nnp PRP opinion PRP$ adjectives body Have adjectives,1
CD order nouns VBP VBG biologicalproduct IN PRP$ nouns IN PRP Have adjectives body DT order,0
nnp get adjectives,1
nnp nnp body nnp adjectives nnp nnp body nnp nnp URL HT HT,0
nnp give nnp adjectives,1
nnp USR opinion PRP VBP get adjectives,1
body nnp adjectives adjectives adjectives nouns adjectives nouns environment nouns nnp nouns nouns nouns nnp,0
nnp VBP VBN IN VBG adjectives body nouns,0
expletive PRP opinion PRP get adjectives body CC extent,1
nnp nnp nnp body HT HT HT,0
nnp nnp MD VB IN DT nouns IN nnp nnp nnp,0
nnp nnp MD VB expletive,0
nnp VBZ RB IN adjectives visual CC,0
nnp Continuance need TO go TO obligative IN VBG adjectives,1
nnp PRP obligative VB adjectives VBD TO get adjectives body,0
nouns adjectives body VBG nouns,0
nnp opinion PRP$ body being visual causality PRP VBP bodyfunction IN PRP$ nouns CC PRP extent opinion PRP VBP Have adjectives,0
VBG nouns nnp nnp increase nnp nnp body adjectives nouns nouns nnp,0
nnp USR PRP opinion PRP get adjectives,0
detect RP PRP RB VBP Have adjectives body Temporalwindow PRP RB RB Have DT body,0
nnp body nnp nnp nnp CD nnp nnp nnp nnp relationships nnp nnp nnp,0
nnp adjectives nouns being vfor DT nouns WDT being  HT HT HT HT URL,0
adjectives nouns people nouns,0
adjectives nouns vfor nnp nouns CC body nnp VBD IN CD nouns VBD IN CD nouns,0
nnp VBD DT nouns TO DT USR nouns URL DT nouns nnp nouns nnp incidence HT DT nnp nnp body nnp,0
nnp nnp,0
adjectives VBP PRP$ nouns opinion PRP MD get adjectives body vfrom VBG IN nouns IN adjectives body WP VBD PRP adjectives,0
nnp nouns RB VBD PRP RB negator VB IN PRP vfor RB adjectives CC nouns get adjectives body RB nnp PRP adjectives IN PRP$,0
need nouns adjectives WRB PRP VBZ TO nouns body nouns IN CD adjectives nouns URL,0
CD USR USR USR adjectives body nnp,1
adjectives nouns body nouns nnp nnp adjectives nouns,0
nnp being VBG USR nouns body VB VBN IN adjectives nouns HT HT,0
diety Have VBN PRP IN DT ending adjectives nouns nouns get adjectives body WRB PRP Have nouns adjectives,1
nnp PRP bodyfunction IN PRP$ nouns PRP RB Have adjectives body CC PRP,0
probability RB body nouns CC RB adjectives nouns VB PRP$ nouns CC VBP VB RB RB TO DT nouns,0
RB extent adjectives body USR USR USR USR ,0
nnp get adjectives body CC VB like nouns body PRP$ people Continuance VBG PRP adjectives VBD PRP$ nouns adjectives humour,1
vfor adjectives body CC nouns,0
nouns RB nouns IN PRP VBP Have adjectives,0
nnp Have adjectives body CC PRP$ relationships MD VB PRP TO get body VBZ,1
nnp nnp nnp RB responsibility PRP$ nouns IN PRP get adjectives,0
nnp CC nnp nnp nnp nnp nnp PRP CC VB nnp DT nnp nnp nnp,0
nnp adjectives nouns IN VB adjectives,0
nnp USR odor nnp nnp,0
nnp extent DT nouns body nouns extent IN,0
locative being extent adjectives nouns IN DT adjectives nnp nouns IN DT nouns VB VB TO VB DT nouns,0
nnp get adjectives nouns DT adjectives nouns CC PRP RB get DT expletive nouns PRP$ nouns,1
nnp RB VBP get adjectives nouns VBZ VB probability go TO mortality,1
nnp adjectives body being get extent adjectives RB adjectives dispersal CC morbidity evaluative PRP$ nouns IN PRP VBP Have TO VB adjectives,1
nnp opinion PRP Have adjectives body,1
nnp USR DT expletive MD give PRP adjectives body,0
nnp PRP Have adjectives,1
VB PRP VBP VBG biologicalproduct extent IN PRP$ nouns IN PRP activity RP IN adjectives nouns nnp,0
adjectives,0
nnp nnp being PRP VBG adjectives nouns URL method,0
nnp expletive PRP VBP RB PRP RB VBD like PRP Have adjectives body CC PRP VBD like,0
USR UH method DT expletive VBP PRP VBN TO VB PRP$ nouns RB adjectives RB presentation adjectives,0
RB PRP activity RP IN DT morbidity CC environment CC adjectives body IN PRP VBP Have TO obligative nouns negator DT body agent nouns expletive body,0
VB DT nouns IN VBP being adjectives duration order Temporalwindow  PRP Have adjectives body IN nouns IN DT,1
feeling like VBP get adjectives nouns,1
CD VB PRP RP nnp nnp VBG get adjectives,0
nnp adjectives body,1
nnp nnp locative VBD DT incidence IN adjectives,0
nnp nnp opinion PRP$ relationships give PRP DT adjectives body,1
nnp body VBZ DT morbidity body,1
CD PRP RB Have adjectives,1
nnp nnp diety body nnp nnp method nnp URL method,0
nnp VBD DT USR nouns nnp nnp nnp nnp body nnp visual nnp nouns,0
people nnp nnp nnp nnp body nnp nnp nnp HT HT,0
nouns body VBZ DT nouns nouns nouns adjectives TO VB RP DT nouns MD PRP opinion PRP RB give DT,0
nnp nnp body TO nouns UH,0
nnp get adjectives nouns,1
nnp nnp VBZ extent IN DT body IN DT nouns PRP VBP joy IN PRP$ adjectives adjectives nouns nouns CC RB VBP PRP,0
nnp being PRP$ adjectives body adjectives CC visual IN DT ending IN DT nouns nouns being nouns body VBP VB DT nouns IN RB body,0
nnp Have adjectives body,1
nnp adjectives body get PRP VBG DT nouns like,1
nouns VBZ PRP VBP adjectives adjectives morbidity IN adjectives body,0
nnp body CC nouns being DT adjectives nouns RB IN DT nouns RB adjectives TO feeling,1
nnp adjectives incidence IN adjectives,1
nouns WP Have adjectives body nouns,1
nnp need TO VB PRP go locative vfrom nnp causality PRP opinion PRP probability Have adjectives nouns PRP RB VBD IN IN DT nouns IN nouns,1
nnp nnp nnp nnp adjectives adjectives nnp body nnp nnp HT HT,0
nnp gratitude vfor DT adjectives nouns adjectives body,0
nnp MD give nouns adjectives body method VBG IN PRP$,0
VBP PRP VBD nnp adjectives,0
nnp DT nouns IN nouns being adjectives CD IN PRP$ nouns Have adjectives body CC DT detect DT VBN nouns IN DT nouns IN nnp,0
nnp USR expletive adjectives body PRP,0
nnp VBG adjectives,0
nouns nouns give PRP adjectives,0
nnp get DT adjectives incidence IN adjectives body VBN TO nouns,1
nnp UH VBZ WRB PRP$ body being adjectives PRP Have adjectives body IN IN PRP expletive,1
nnp VBD DT nouns TO DT USR nouns nouns nnp nnp nnp body nnp visual nnp nouns,0
nnp VBD like CD CC PRP Have adjectives body CC PRP VBP PRP CC PRP VBD UH PRP VBZ PRP$ body feeling adjectives UH PRP$ extent,0
nnp USR USR PRP opinion PRP give PRP adjectives,1
nnp USR USR UH PRP$ UH VBP PRP RB VBP,0
nnp VBP frequency VBG IN PRP$ nouns IN PRP Have adjectives nouns,0
nnp Have PRP$ people adjectives nouns adjectives,1
nnp expletive VBG Have adjectives body,0
negator opinion IN adjectives body CC adjectives,0
duration PRP biologicalproduct IN UH nouns RB PRP VBZ PRP adjectives nouns,0
nnp RB adjectives IN IN adjectives body IN PRP MD VB locative RB adjectives nouns VBD,0
nnp UH UH MD PRP$ nouns get DT nouns Continuance morbidity nouns Temporalwindow PRP Have adjectives body morbidity CC adjectives nnp PRP give,1
nnp body being DT nouns nouns PRP frequency Have,1
nnp WP give PRP adjectives,1
VB VBG adjectives body,1
nnp MD VB locative RB Temporalwindow nnp expletive adjectives,1
nnp VBP PRP$ nouns RB give PRP adjectives,0
VB PRP$ relationships Have adjectives body CC VBZ PRP nnp nnp,1
nnp affection PRP body VBP nouns,0
nnp nouns IN people IN,0
adjectives relationships Have adjectives body CC PRP VBP DT nouns IN PRP$ body IN PRP$ nnp reports VBG PRP being probability,1
nnp apologetic IN PRP get DT adjectives body,1
nnp adjectives adjectives body VB IN DT nnp nnp nnp nnp HT URL HT,0
nnp body IN nnp,0
nnp negator go RP nouns body feeling like VBG DT adjectives adjectives nouns body URL HT HT,0
nnp adjectives adjectives body VB IN DT nnp nnp nnp dt,0
VB PRP$ body MD VB adjectives nouns nouns,0
nnp adjectives body MD need PRP$ body TO VB adjectives,0
nnp body,0
VB PRP RB DT environment being extent adjectives CC PRP$ adjectives body morbidity,0
nnp nouns IN nouns VBZ VBN Temporalwindow PRP Have adjectives,1
nnp DT MD give PRP adjectives,1
need nouns adjectives WRB PRP VBZ TO nouns body nouns IN CD adjectives nouns URL,0
adjectives people IN adjectives nouns WDT VBD PRP$,0
Temporalwindow PRP get DT adjectives,1
nnp opinion PRP Have adjectives body,1
nnp relationships Have adjectives body ,1
nnp DT IN DT adjectives nouns nnp nouns nnp nnp body,0
IN PRP VBP Have adjectives body method Temporalwindow PRP MD VB PRP MD method DT,0
nnp nnp adjectives nnp nnp body nouns nnp nnp mass nnp nnp CD nnp,0
extent need TO VB DT adjectives nouns adjectives body VB RP,0
nouns PRP VBP VBD IN PRP Have adjectives,1
nnp nnp adjectives nouns health nouns body nouns nouns nnp negator nnp nnp,0
nnp nnp adjectives nouns health nouns body nouns nouns nnp negator nnp URL,0
nnp VBZ RB adjectives body WDT PRP VBP RB joy nouns,0
nnp nnp,0
nnp diety VBD PRP IN adjectives body vfor DT nouns,1
negator opinion PRP MD VB TO nnp nnp VBP nnp nouns nouns TO DT nouns CC adjectives,0
nnp RB Have adjectives body IN PRP$ nouns nouns body PRP opinion PRP probability Temporalwindow Have adjectives adjectives nouns causality nouns PRP adjectives,1
PRP affection DT adjectives nouns IN PRP$ nouns adjectives DT extent,0
nnp nnp,0
nnp people VBD IN PRP$ relationships CC VBD DT nouns IN nnp nnp nnp,0
nnp adjectives body,0
nouns VBZ RP like DT adjectives body RB PRP get DT adjectives nouns activity RP order Temporalwindow UH expletive VBG adjectives nouns extent VBG CC expletive,0
nnp Have adjectives body vfrom,0
nnp,0
visual nnp PRP opinion PRP VBD,0
VBG adjectives IN adjectives body order nouns UH VBP RB,1
nnp DT body VBG nouns nouns nnp,0
nnp VBG get adjectives body othertemporalreferences PRP frequency VB RP PRP$ nouns order go TO locative,0
nnp RB VBD DT nouns causality PRP VBD awareness IN nouns MD get adjectives body vfrom adjectives nouns,0
nnp adjectives nouns give adjectives nouns adjectives nouns ,0
nnp VBD nouns VB VBD DT adjectives nnp nnp nnp nouns body CC DT mass adjectives nouns,0
adjectives nouns IN VBG adjectives body being VBG negator TO VB PRP$ body negator nouns method morbidity PRP,1
VB PRP TO PRP TO get adjectives body IN magnitude body RB order VBG DT adjectives activity nouns vfor nouns Temporalwindow,1
nouns IN nnp Have adjectives nouns HT HT HT,1
nnp go TO biologicalproduct IN PRP$ nouns CC give PRP adjectives,0
nnp nnp nnp activity RP IN adjectives nouns VB,0
nnp nouns probability adjectives probability nouns adjectives body nouns nnp CD,0
nnp CD nouns nnp nnp nnp nnp body nouns CD nouns URL,0
nnp MD Have adjectives,1
VB body MD VB DT mortality IN PRP,1
adjectives nouns give adjectives nouns adjectives nouns ,0
nnp awareness PRP Have DT adjectives comerederie WRB PRP being VBN IN DT locative IN DT Temporalwindow Temporalwindow IN PRP Have adjectives body CC PRP VBZ PRP nouns TO go VB nouns,1
nnp body being RB adjectives duration DT nouns IN nnp causality PRP VBD recovery vfrom adjectives nouns,1
nnp IN PRP$ nouns VBP RB adjectives DT adjectives nouns nouns vfrom DT nouns nouns Have PRP VBG like DT adjectives nouns IN adjectives body,0
nnp adjectives body being RB WP PRP,1
nnp frequency being DT nouns IN visual body nouns CC adjectives nouns adjectives visual CC,0
relationships being RB RB IN causality DT nouns IN PRP$ locative Have adjectives body nouns,1
nnp opinion PRP VBD VBN IN get,0
nnp nnp adjectives nnp body nouns nnp nnp nnp nnp nnp nnp nnp order order nnp nnp nnp,0
nnp HT URL CD nouns adjectives nouns body nouns nouns adjectives adjectives nouns nnp,0
nnp body,0
nnp adjectives body being VBG VB DT ending IN PRP humour RB PRP VBZ dispersal TO DT adjectives body HT,1
exclamative adjectives body morbidity,1
nnp nnp,1
get PRP$ CD vfor CD,0
nnp CC adjectives nouns IN DT nouns frequency VB PRP$,0
nnp adjectives adjectives nouns PRP$ nouns,0
nnp adjectives nouns IN DT nouns IN PRP$ nouns PRP VBD TO VB DT order,0
nnp nnp VBP Have PRP$ body IN DT nouns nnp vfor RB DT nnp nnp nnp DT nnp nnp,0
Temporalwindow Temporalwindow adjectives nouns RB DT adjectives body VB VB DT adjectives adjectives nouns HT HT,0
nouns VBZ PRP Continuance Have adjectives,1
nnp VBZ DT adjectives,1
being PRP VBD VBZ PRP Have adjectives nouns DT nouns probability frequency awareness,0
exclamative VBP RB opinion DT nouns being VBG TO ending PRP vfrom go RP nouns nouns order adjectives body Temporalwindow DT nouns,1
nnp PRP go TO VB nnp give DT nouns adjectives body,0
adjectives nouns IN PRP$ adjectives body,0
nnp give PRP adjectives body IN PRP VBP Have TO go TO obligative,0
nnp USR locative being adjectives nnp PRP$ PRP,0
nnp nouns VBZ RB adjectives CC VBP RB opinion PRP RB Have adjectives nouns body PRP opinion PRP detect DT adjectives adjectives nouns HT,1
nouns adjectives body,0
get adjectives body being RB RB,1
nouns Have DT adjectives nouns,0
VBG DT body IN vfor DT adjectives adjectives HT nouns IN VBN IN USR URL,0
nnp get adjectives body CC VBD PRP RB VBP nouns,0
CD humour nouns body PRP VBD RP IN UH nouns PRP treatment DT CD IN order UH CC VBD RP Temporalwindow IN adjectives body IN PRP extent treatment DT CD body PRP$,0
method MD PRP VBP adjectives nouns IN DT method IN VBZ negator VB like PRP Have dispersal adjectives nouns PRP RB VBP VB RB CC,0
adjectives locative RB IN IN DT adjectives body,1
nnp Have adjectives body UH,1
CD adjectives body being dispersal,0
nnp VBD PRP$ nouns DT treatment VBD PRP VBD DT agent PRP VBD PRP TO get RB IN DT nouns  nouns get adjectives body,1
nnp apologetic PRP extent VBP humour body DT expletive go get adjectives,0
nnp being RB adjectives body PRP MD get IN PRP$ adjectives body VB VB PRP VBZ like PRP get adjectives body urbanrural people,0
nouns USR PRP quantisation RB IN locative IN VBG adjectives,0
morbidity nnp negator nouns adjectives nouns morbidity nnp nnp nnp VBP,1
nnp get adjectives body body PRP VBD TO PRP$ nouns PRP VBD VBN IN CD nouns UH PRP$ body MD VB adjectives IN nnp,0
USR PRP VBP PRP need nouns locative TO get adjectives body,0
nnp negator nnp UH UH PRP VBP PRP$ adjectives body nouns UH nnp humour VBG DT Have DT nouns opinion PRP VBZ adjectives,0
nnp PRP Have adjectives,1
nnp VBP VB PRP$ adjectives body,1
nnp nnp nouns body RB TO VB PRP VBP PRP Have adjectives nouns body Continuance VB,1
USR RB nouns VBP WRB PRP VBP adjectives body CC,0
VB WP mortality PRP being WRB PRP VBP PRP activity PRP VB RP IN nouns,0
nnp IN nnp order DT people VBG PRP IN VBN opinion DT people IN PRP$ nouns VBD IN PRP VBD PRP Have adjectives body IN DT nouns nouns,0
nouns PRP obligative VB DT nouns nouns Have DT nouns IN PRP$ nouns PRP RB VBP DT VBZ PRP UH VB PRP$ nouns WRB PRP Have adjectives,0
nnp extent joy vfor nnp nouns PRP VBP VB adjectives VB nouns nouns visual adjectives nouns CC nouns IN DT body,0
nnp Have adjectives body Temporalwindow CC PRP VBP PRP CD nouns TO VB PRP$ body CC nouns nouns,1
nnp VB adjectives adjectives nouns CD nouns,0
nnp DT adjectives body WDT expletive get ,0
nnp Have adjectives body,1
nnp nnp WRB nnp sorrow RB VB adjectives adjectives body nouns CC nouns being adjectives,0
negator body adjectives nouns obligative PRP VBP DT adjectives adjectives CC adjectives CC adjectives CC nouns adjectives body nouns VB vfor,0
adjectives nouns nouns HT adjectives visual body nouns adjectives nouns nouns adjectives nouns nnp nnp,0
nnp nouns IN DT nnp adjectives locative VBD PRP IN PRP Have adjectives nouns WP VBZ nouns Temporalwindow PRP MD ending opinion IN PRP$ nouns PRP VBP RB Have adjectives,0
nnp IN nnp nnp nnp body nouns VBN nnp nnp nnp CD nnp,0
nnp MD VB IN nnp nouns IN opinion IN PRP$ adjectives body IN DT CD othertemporalreferences nouns,0
nnp VBP PRP awareness IN PRP Have adjectives nouns,0
nnp VB like PRP VBD DT adjectives,0
nouns VBP obligative othertemporalreferences vfor PRP RB adjectives VBZ adjectives VBZ adjectives body CC PRP$ nouns extent PRP$ nouns WRB PRP VBD TO VB PRP,1
nnp nnp VBD PRP VBP nnp nnp IN PRP MD VB PRP Have adjectives body IN PRP extent Have CD dispersal IN CC PRP opinion DT morbidity VBD CD negator,1
VBZ PRP DT nouns IN nouns WDT VBZ PRP adjectives nouns nnp nouns,0
adjectives nouns IN DT nouns VBD get adjectives nouns adjectives body IN magnitude adjectives nouns evaluative PRP$,1
nnp VB VBG body nouns IN CD body WRB PRP VBP WRB PRP go TO obligative PRP MD opinion PRP Have adjectives body CC VB PRP locative,0
nnp extent DT nouns IN PRP$ nouns CC negator adjectives nouns nouns,0
nouns Have adjectives body nouns VBD PRP$ extent adjectives obligative Temporalwindow PRP VBP PRP MD bodyfunction CD nnp nnp CC get DT nouns humour,1
USR PRP Have TO VB PRP$ activity RP IN DT adjectives,0
go TO VB get VBD locative IN adjectives nouns VBD PRP TO go RB IN UH,0
nnp nouns adjectives body IN adjectives nouns vfor Temporalwindow,0
VBG IN DT adjectives treatment IN nnp VBG vfor nouns adjectives body CC DT body adjectives nnp,1
nnp adjectives IN RB body nouns nouns nouns nnp nnp nnp nouns HT adjectives nouns,0
being PRP adjectives CC being PRP,0
being PRP body nouns adjectives CC being PRP visual,0
need nouns adjectives WRB PRP VBZ TO nouns body nouns IN CD nouns nouns nnp,0
nnp get adjectives body,0
nnp nnp nnp body nnp visual nnp nouns,0
body nnp nnp nnp environment body nnp VBZ nnp IN nnp nnp nnp nnp nnp nnp nnp nnp,0
adjectives nouns give adjectives nouns adjectives nouns nouns,0
nnp get adjectives body frequency vfor DT CD,1
nnp nnp CC nnp body URL method,0
nnp VBD VBN TO go VB relationships DT nouns body PRP$ nouns ending RP IN adjectives,1
CD RB adjectives locative nouns vfor adjectives nouns URL HT,0
nnp USR PRP opinion PRP get WP PRP VBP adjectives nouns nouns IN DT nouns CC DT nouns,1
nnp adjectives body,1
adjectives treatment nouns being nouns nouns RB obligative nouns adjectives body IN PRP$ nouns IN nouns TO consequential,0
nnp nnp PRP negator VB get adjectives body,0
adjectives adjectives nouns give nouns adjectives body ,0
nnp USR DT being extent adjectives adjectives,1
nnp nouns get adjectives IN DT adjectives adjectives nouns nouns nouns vfor adjectives nouns nnp,0
nnp nouns DT adjectives CC adjectives nouns being extent vfor DT WP need TO VB nouns IN nnp nnp,0
nnp opinion PRP$ nouns Have adjectives nouns UH USR,0
nnp UH adjectives body,0
nnp nnp RB VBD PRP IN IN obligative vfor adjectives,1
nnp people IN obligative Continuance Have PRP treatment nouns Continuance IN CC adjectives body IN magnitude nouns calls go locative PRP VBP negator VBG TO get morbidity,1
nnp adjectives,0
nouns IN VBZ PRP$ adjectives,1
nnp expletive nnp give PRP adjectives,1
CD adjectives adjectives nouns adjectives body nouns VBP adjectives VB RP DT VBD IN DT nouns SYM nouns VBG PRP,0
nnp adjectives body VBG PRP consequential RP IN nouns,1
nnp nnp nouns nouns adjectives nouns recovery nnp nnp people nnp body preventive nnp,0
being locative PRP MD give PRP adjectives body nnp RB VBP VB PRP$ body,1
nnp opinion PRP Have adjectives body,1
nnp Have adjectives body IN PRP$ adjectives nouns PRP activity RP DT nouns Temporalwindow VBZ IN magnitude body,1
nnp PRP VBP awareness PRP$ body VBD Temporalwindow CC PRP RB nouns VBD PRP CC RB PRP activity RP Temporalwindow CC PRP nnp nnp nnp,1
nnp nnp method VBD PRP get adjectives,1
nnp PRP opinion PRP get adjectives body CC DT morbidity like relationships nouns nnp WRB PRP adjectives,1
nnp adjectives nouns vfrom Temporalwindow visual nouns IN adjectives IN adjectives nouns  VB VBP nouns,0
nnp VBD CC VBD PRP nnp get adjectives body IN magnitude nouns PRP VBD extent PRP$ expletive humour PRP MD VB RB,1
CD DT order othertemporalreferences nouns WP VBD locative Have adjectives body PRP VBD RP DT extent nouns PRP obligative VB,1
VB DT comerederie WP VBD PRP Have adjectives body CC VBP mortality WRB being PRP locative calls go,1
nnp IN PRP$ nnp nouns get adjectives body IN PRP VBD VBG nouns,1
nnp nnp get adjectives body vfrom nouns,0
positive nouns CC nnp nnp body nouns method HT URL method USR HT HT HT HT,0
nnp nouns IN PRP$ adjectives body extent HT nouns WDT MD othertemporalreferences VB adjectives HT nnp HT HT,0
nnp adjectives nouns being VBN CC adjectives TO VB adjectives VB PRP RP locative USR,0
nnp Have adjectives body CC nouns VBD PRP CC Temporalwindow PRP Have adjectives nouns VBZ IN,1
VB PRP opinion PRP get adjectives body vfrom nnp order Temporalwindow USR,1
nnp locative being negator adjectives nouns VBZ RB DT adjectives adjectives nouns WDT VBZ PRP need TO expletive nouns bodyfunction nouns VBP adjectives body,0
nouns Temporalwindow PRP awareness method PRP get adjectives,1
VBN IN adjectives body being DT adjectives method PRP VBD TO VB PRP$ nouns extent nouns give PRP adjectives body,1
nnp POS nouns TO get nouns vfor PRP$ adjectives body USR nnp healthfacility nnp,1
nnp RB affection adjectives,0
nnp VBD DT nouns TO DT USR nouns URL nouns nnp nnp nnp body nnp,0
vfor extent nouns PRP MD VB nouns IN PRP body CD body being adjectives CC DT adjectives being visual PRP VBP VBG adjectives DT adjectives othertemporalreferences IN PRP$,0
