text,cat2
RT USR WRB PRP Have DT nouns IN CD body CC nouns IN DT adjectives nnp,1
WRB PRP Have DT nouns IN CD body CC nouns IN DT adjectives nnp,1
USR get nouns vfrom nouns USR,0
RT USR nnp nnp nouns VBD nnp nnp nnp nouns nnp nnp nouns,0
RB RB gratitude vfor DT body VBZ DT nouns VBD PRP TO get adjectives immuneresponse RP PRP$ nouns extent VBP,1
TO VB RP PRP$ expletive nouns VBP VBD RP DT Temporalwindow IN nouns,1
Temporalwindow PRP Have nouns IN magnitude nouns IN PRP being RB adjectives DT being RB DT nouns IN CD morbidity nouns nouns nouns,1
PRP opinion nnp Have nouns IN PRP$ adjectives nouns body UH,1
PRP VBP nouns nouns nouns RB IN PRP Continuance Have nouns CC PRP morbidity PRP CC Have TO VB PRP RP body PRP VBP RB adjectives IN PRP,1
VB WP Temporalwindow Have VBN nnp nnp nnp gratitude PRP VBP,1
adjectives CD PRP Have nouns CC RB DT magnitude nouns RB IN CD PRP get DT adjectives nouns IN PRP$ nouns CC Have TO go IN DT nouns IN nouns nnp,0
RB adjectives PRP VBP Have nouns RB adjectives nouns nouns,0
RT USR magnitude adjectives nouns IN nouns IN nouns adjectives IN CD nouns adjectives nouns adjectives IN CD nouns adjectives nouns nnp,0
magnitude adjectives nouns IN nouns IN nouns adjectives IN CD nouns adjectives nouns adjectives IN CD nouns adjectives nouns nnp nnp,0
nnp nouns nouns adjectives nouns IN nouns TO VB nnp,0
Temporalwindow Temporalwindow CC DT body morbidity Have Temporalwindow RB VBD nouns HT,1
VB nnp nnp nnp nnp nouns VBD nnp nnp nnp nouns URL,0
VB nnp nnp nnp nnp nouns VBD nnp nnp nnp nouns nnp,0
RB affection PRP WRB PRP activity RP IN nouns UH,1
nnp nnp HT CC nouns nouns frequency TO VB adjectives,1
USR USR UH opinion PRP nouns RB adjectives PRP opinion PRP$ body VBD morbidity IN extent IN DT nouns nouns IN nouns,0
DT Othertemporalreferences PRP$ nouns VBZ TO VB PRP$ nouns PRP feeling PRP RB VBN RP IN DT incidence IN nouns HT,0
expletive nouns morbidity nouns HT,1
vfor DT CD Othertemporalreferences IN CD nouns VBP activity RP IN nouns IN PRP$ adjectives body vfrom DT magnitude IN adjectives nouns HT HT HT HT,1
nnp nnp nouns VBD nnp nnp nnp nouns nnp nnp nouns,0
USR ChangeTempo incidence IN nouns nouns adjectives USR nouns being RB DT nouns IN HT POS nnp nouns,1
VBN nouns RB IN nouns adjectives nouns nnp URL,0
RB VBZ activity nouns IN nouns DT Temporalwindow order PRP go RB TO obligative,1
nnp nouns mortality PRP DT Othertemporalreferences nnp,0
nnp USR PRP$ nouns adjectives nouns Have VBN RB VBD DT nouns PRP Have VBN CD IN DT magnitude adjectives nouns,1
USR PRP Have being adjectives nnp VBD RP IN PRP VBP adjectives HT,1
RT USR nouns UH nouns PRP Have nouns,0
nouns UH nouns PRP Have nouns,0
nnp USR calls PRP detect PRP$ adjectives nouns nouns PRP Have nouns CC nouns nouns HT,0
nnp body morbidity CC Temporalwindow VBZ nnp VB PRP nnp,1
USR nnp CC DT VBD nnp nnp PRP Have extent nnp nouns IN PRP need nouns,1
opinion PRP get nouns nouns method PRP VBZ get test adjectives IN order nouns,1
nnp get IN DT nouns order Temporalwindow PRP go locative IN adjectives morbidity IN PRP$ body TO activity RP IN presentation nouns IN magnitude nnp,1
calls PRP detect PRP$ adjectives nouns nouns PRP Have nouns CC nouns nouns HT,0
nnp IN DT nouns CC DT adjectives treatment IN nouns VBP RB opinion DT nouns being nnp,1
USR negator IN nouns,1
RB affection VBG nouns,0
RT USR magnitude adjectives nouns IN nouns IN nouns adjectives IN CD nouns adjectives nouns adjectives IN CD nouns adjectives nouns,0
nnp opinion PRP VBD CD Temporalwindow morbidity IN locative DT nouns Continuance VBD IN DT environment CC DT adjectives morbidity Temporalwindow PRP Have nouns VBP WRB nnp,1
magnitude adjectives nouns IN nouns IN nouns adjectives IN CD nouns adjectives nouns adjectives IN CD nouns adjectives nouns,0
USR DT nouns vfor morbidity nouns adjectives nouns URL,0
negator PRP VBG IN PRP$ nouns being DT adjectives nouns nnp nnp,1
VB PRP TO get nouns RB order PRP go RB nnp,1
nnp nnp nnp nnp nnp nnp URL,0
morbidity being adjectives WRB PRP VBZ PRP texture TO VB USR causality nouns nouns IN nouns nnp,1
RT USR get PRP$ treatment nouns vfor adjectives body IN IN DT adjectives body nouns nouns URL,0
RT USR RT USR get PRP$ treatment nouns vfor adjectives body IN IN DT adjectives body nouns nouns URL,0
RT USR get PRP$ treatment nouns vfor adjectives body IN IN DT adjectives body nouns nouns URL,0
USR HT VBN DT adjectives nouns IN nouns nouns nouns activity PRP$ nouns USR nnp nnp,0
RT USR get PRP$ treatment nouns vfor adjectives body IN IN DT adjectives body nouns nouns URL,0
PRP VBP DT nouns MD VB IN Temporalwindow PRP VBP probability IN expletive nnp,1
RT USR get PRP$ treatment nouns vfor adjectives body IN IN DT adjectives body nouns nouns URL,0
nnp being DT adjectives nouns URL,1
USR PRP VBD like UH VBP PRP VBP RB VB nouns,0
get PRP$ treatment nouns vfor adjectives body IN IN DT adjectives body nouns nouns URL,0
URL DT nouns vfor morbidity body nnp,0
nnp Have frequency being DT morbidity IN PRP$ nouns nouns RB get DT adjectives nouns CC PRP get DT body morbidity CC nouns CC RB morbidity nnp,1
USR USR PRP MD VB body TO VBG vfrom nnp nnp,1
PRP VBP need TO morbidity vfrom nouns order activity HT nouns nouns,0
adjectives nouns RB VBZ people nouns nnp URL,0
USR VBZ like DT adjectives incidence IN nouns nnp,1
nnp PRP VBP body TO body IN nnp PRP ChangeTempo VB PRP VBP dispersal nouns HT HT HT HT HT,0
Have DT adjectives nouns VBD RP IN USR adjectives nouns CC adjectives vfor DT Temporalwindow IN body nouns Continuance Have nouns CC VBZ RB adjectives,1
USR PRP VBP DT VBD DT incidence RB VBP get like nnp,1
UH PRP opinion VBZ VBZ PRP UH,1
increase IN body nouns IN nnp URL,0
RB IN DT order CD nouns VBP go IN DT Temporalwindow IN IN nouns VBP get DT DT body morbidity CC nouns vfrom adjectives nouns,0
nnp RB opinion PRP$ adjectives body being RB adjectives probability VB adjectives CC DT adjectives nouns nnp PRP being VBG CC PRP MD VB IN nnp nnp,1
USR nouns VBZ frequency Have nouns,0
extent adjectives nouns IN VBG nouns IN magnitude body being PRP MD VB nnp being VBG VB RB like adjectives nouns CC people opinion nouns,1
nnp being negator health PRP VBP like VBP being nouns RP IN nnp CC PRP$ nouns,1
morbidity IN nnp nouns environment nnp nouns nouns VBG RB TO VBG WP nouns VBZ nnp,1
nnp nnp nnp nnp CD CC CD URL,1
VBZ DT adjectives locative treatment vfor nouns MD frequency frequency HT HT HT URL URL,0
nnp nnp VBD PRP$ affection Have nouns nnp,1
like PRP awareness WRB PRP DT nouns CC get nouns IN PRP$ nouns DT method PRP feeling nouns,0
VBG IN PRP$ nnp CD nouns nouns CC MD get IN method nnp nnp VBZ TO VB VBG RP PRP$ nouns URL,1
IN PRP get DT nouns CC nouns nnp VBP RB adjectives nnp,1
WRB PRP get nouns DT Temporalwindow order DT morbidity Temporalwindow IN,1
nouns being DT expletive,1
RB WP DT nouns nnp being RB dispersal IN people USR,0
HT nouns IN nouns agent nouns order nouns order treatment agency treatment,0
WRB nouns nouns nnp,1
HT adjectives nouns nouns IN nouns VBZ TO VB adjectives negator RB IN nouns URL,0
nnp VBD magnitude method DT nouns nouns IN nouns,0
nnp VBP VB nnp TO body IN DT nnp nnp PRP MD get nouns nouns,0
nnp USR HT increase IN body nouns IN nnp IN DT VBN nouns nouns VBG nouns nouns URL,0
nnp nnp nnp nnp nnp nnp nnp nnp nnp nnp nnp nnp vfor nnp nnp,0
nnp UH PRP adjectives VBP frequency Have nouns Temporalwindow PRP awareness method urbanrural nnp feeling DT nouns nouns IN nnp,1
VBG vfor DT nouns nouns CC DT nouns being DT composition adjectives nouns visual body like DT nouns nouns nnp,1
nnp PRP probability Have nouns nouns probability CC probability negator VB adjectives negator nouns nouns VBN IN PRP$ nouns URL,1
Temporalwindow PRP VBD adjectives adjectives PRP$ nouns Othertemporalreferences TO calls DT nouns vfrom IN IN nouns CC PRP$ RB adjectives people IN nouns CC PRP VBP adjectives PRP VBD,1
WRB PRP VBP body TO body IN DT nnp CC detect PRP Have dispersal nouns HT HT URL,1
adjectives nouns nnp nnp being PRP VBG adjectives nouns URL method USR,0
nnp VBD DT bodyfunction extent method IN IN treatment negator DT nouns nouns,0
increase IN body nouns IN nnp nnp VBD nouns CC treatment IN adjectives adjectives nouns URL HT,0
RT USR PRP$ nouns body being morbidity CC being morbidity VBP negator VB PRP VBP nnp nnp morbidity PRP PRP$ nouns,1
PRP$ nouns body being morbidity CC being morbidity VBP negator VB PRP VBP nnp nnp morbidity PRP PRP$ nouns,1
RT USR DT people IN DT morbidity CC nouns Have DT nouns IN PRP$ adjectives nouns WP being DT nouns HT URL,0
nnp nnp IN PRP probability Have nouns IN PRP$ nouns RB rb body VBZ vfor PRP VBD VBG VB nouns URL,0
RT USR nnp VBZ nouns nnp PRP adjectives nnp UH PRP opinion PRP Have nouns,0
nnp CC VB WP DT extent nouns TO DT nouns HT HT,1
USR PRP opinion PRP get nouns,0
nnp VBZ nouns nnp PRP adjectives nnp UH PRP opinion PRP Have nouns,0
nouns get VBN CC VBG people CC VBP RB locative VBG nouns nouns IN PRP$ adjectives nouns VBP,1
USR UH UH DT morbidity nnp opinion PRP feeling adjectives nouns nnp being DT nouns,1
adjectives nouns CC adjectives adjectives nouns nnp HT HT HT HT HT URL,1
USR negator PRP agency nouns,1
VBP VBG PRP adjectives nnp adjectives TO VB RP nouns WRB PRP Have PRP$ body RP PRP$ nouns URL,0
UH opinion VBP give PRP nouns nouns WP MD PRP VBP awareness WP PRP VBP,1
nnp Temporalwindow PRP Have nouns nouns,1
USR PRP VBP body VBP get nouns nnp RB VBG Have adjectives body,1
nnp TO PRP$ adjectives nouns Commencement PRP$ nouns nouns nouns nouns nouns,0
PRP VBP nouns VBP adjectives nnp URL,1
VBG DT adjectives Temporalwindow VBD PRP$ nouns CC nouns VBP expletive nnp,1
USR VB adjectives nouns method PRP get nouns being morbidity CC PRP VBZ Othertemporalreferences TO go RB nnp,1
nnp Temporalwindow PRP Temporalwindow IN DT nouns adjectives nouns CC magnitude VBD DT nouns order Temporalwindow PRP get nouns vfrom DT nouns PRP VBD treatment TO VB,0
nnp nnp PRP urbanrural nouns RB adjectives adjectives nouns VBZ WP PRP VBD WRB PRP$ people VBD adjectives CC Have nouns,1
USR VBP get nouns CC PRP$ body being get rb morbidity method DT nouns nouns RB morbidity UH,1
USR nnp VB IN PRP$ nouns RB vfor CD nouns RB get nouns,1
UH adjectives nouns Temporalwindow IN nouns PRP VBD,1
USR get nouns CC RB RB bodyfunction IN nnp,1
USR USR USR nouns being TO VB DT nouns IN nouns IN nouns VBZ IN CD,1
nnp nouns VBZ being DT nouns RB RB VB PRP RB CC VB PRP VBP CD nnp nnp,1
nouns preventive nouns nnp VBZ DT nouns IN nouns PRP VBP nnp nnp,0
nouns adjectives nouns CC VBG adjectives nouns nouns nouns body nouns CC nouns,1
nnp reports nnp nnp nouns vfor locative agency nnp nouns nnp URL,0
RT USR DT people IN DT morbidity CC nouns Have DT nouns IN PRP$ adjectives nouns WP being DT nouns HT URL,0
RB negator extent VBP PRP Have nouns PRP RB Have nouns UH vfor agency nouns,1
USR nnp IN WP VBZ like body morbidity IN magnitude nouns nnp HT URL,1
nnp nnp nnp nnp body VBZ nnp body nnp DT VB nnp nnp nnp order order nouns nnp,0
nouns VBP VBG nouns VBP negator nouns nouns nouns VBP,1
RB VBP expletive VBG PRP VBD RP IN nouns DT Temporalwindow like UH,1
RT USR nnp DT RB VB IN nouns nnp HT,0
nnp DT RB VB IN nouns nnp HT,0
VBG DT treatment VBZ IN VBZ PRP$ nouns VBZ PRP Have nouns CC RB VBZ PRP$ nouns nnp,1
morbidity IN DT nouns VBD probability method order nouns DT being CD health nouns IN nouns VBP get locative UH,1
WRB PRP VBP USR DT nouns feeling apologetic vfor PRP activity RP IN nouns nouns PRP Have CD sympathy URL,1
VBZ PRP$ relationships body nnp VBZ CD CC VBZ presentation nouns URL,1
USR nouns being negator VBG nouns,1
nnp nnp being PRP VBG adjectives nouns URL,0
USR WRB PRP Have nouns,0
go IN nouns order Temporalwindow CC VBD RB IN nouns health RB,1
nnp being DT adjectives nouns nnp,1
PRP Have nouns CC DT environment,1
nnp nnp nnp nnp CD CC CD URL,0
VBP being VBN vfor nouns PRP Have DT nouns IN nnp IN adjectives nouns nnp nnp VBP morbidity IN nouns WP VBZ PRP IN nnp,1
opinion PRP VBD nnp nouns PRP Have order nouns nnp UH,1
activity RP IN nouns VBG PRP$ celebratory nouns IN body nouns CC VBG PRP$ nouns RB TO nnp being RB WP PRP VBP,1
USR RB morbidity method nouns adjectives nouns CC nouns,1
humour IN PRP Have TO get adjectives nouns CC body nouns IN IN DT expletive nouns nnp,1
activity RP IN nouns TO VB RP DT celebratory Temporalwindow HT,0
USR UH PRP Have nouns nouns,1
RT USR DT people IN DT morbidity CC nouns Have DT nouns IN PRP$ adjectives nouns WP being DT nouns HT URL,0
USR get nouns CC morbidity nouns nouns nnp composition nouns,1
nnp nnp CC PRP opinion PRP Have nouns,1
nnp DT Temporalwindow order nnp being negator WP PRP need nnp,1
nnp UH nnp,1
VBP nouns PRP obligative IN go TO locative adjectives nouns DT nouns treatment CC nouns vfor nouns IN PRP Have vfor CD Temporalwindow VBP,1
nnp RB VBN IN morbidity body being DT nouns magnitude adjectives duration DT adjectives CC adjectives nouns URL,0
VBP activity RP IN PRP$ nouns IN negator nouns CC nouns,1
DT feeling WRB DT treatment VBZ VB get nouns CC RB VBP need TO VB IN nouns URL,1
Temporalwindow PRP Have DT nouns CC nouns PRP Have DT nouns nnp,1
nnp being RB adjectives IN PRP VBZ,1
DT people IN DT morbidity CC nouns Have DT nouns IN PRP$ adjectives nouns WP being DT nouns HT URL,0
nnp advisory IN DT nouns IN nnp CC adjectives adjectives nutrition TO VB nnp nnp URL,0
VBD nnp nnp TO DT nouns causality PRP Have VBN VBZ VBG IN DT nouns causality PRP VBZ need DT body nouns nnp,1
nnp body being RB adjectives vfor nouns IN PRP being vfor nouns nouns morbidity CC nouns USR URL,0
RT USR VBN IN PRP$ nouns HT locative being extent nnp nouns WDT MD VB nnp URL,0
nnp VBD DT nouns nouns WDT RB IN VB PRP$ adjectives nouns nnp URL,1
VBN IN PRP$ nouns HT locative being extent nnp nouns WDT MD VB nnp nnp,0
RT USR VBZ DT adjectives locative treatment vfor nouns MD frequency frequency HT HT HT URL URL,0
USR PRP$ body being RB morbidity get nouns nnp,1
VBZ DT adjectives locative treatment vfor nouns MD frequency frequency HT HT HT URL URL,0
MD nouns VB PRP IN nouns VBZ DT adjectives IN nouns PRP VB TO Have nouns HT URL,1
morbidity VBN nnp nnp nnp nnp,0
method TO treatment nouns URL,0
adjectives nouns nouns IN nouns nouns nouns nouns URL,0
nnp nnp nouns nnp VBP morbidity IN PRP$ nouns,1
VBP PRP awareness method TO VB adjectives nouns VB method RB URL,0
USR being PRP DT body CC DT nouns RB VB,0
adjectives body nouns CC nouns nouns being adjectives CC nouns VBP URL method USR HT HT,0
IN PRP probability Have nouns nnp,1
punishment vfrom VBG nnp vfor DT nouns causality VBZ get nouns IN PRP opinion VBP need DT nnp,1
CD nouns IN adjectives nouns nouns body VBZ CC nouns PRP feeling nnp nnp nnp extent nouns nouns URL,1
PRP Have nouns IN PRP$ adjectives body IN PRP Have TO VB adjectives DT Temporalwindow CC PRP$ body being RB adjectives WRB being nouns RB adjectives,1
PRP$ RB nouns get nouns nnp,1
nnp nnp VBG CD Temporalwindow nouns VBP nouns nouns VBD adjectives nouns nouns CC nouns VBD adjectives IN morbidity CC nouns,0
nnp morbidity CC nouns vfor adjectives body nouns IN PRP$ nouns URL,0
adjectives DT magnitude adjectives morbidity IN nnp being adjectives nouns body nouns CC nouns VBD nouns,0
nnp morbidity IN morbidity IN nnp agent VBP extent nouns morbidity adjectives nouns nouns nouns nouns body morbidity,0
RT USR USR VBZ DT adjectives nouns vfor HT nnp,0
nnp being DT nouns Continuance VBG like VB being IN DT nouns,1
nnp nouns being DT nouns nouns nouns,0
RT USR HT HT nnp state nouns being negator adjectives adjectives body morbidity adjectives nouns nouns,0
nnp DT Othertemporalreferences IN nouns,1
nnp VBZ DT nouns vfor morbidity nouns,0
USR RB VBP RB opinion PRP get nouns vfrom DT nouns body adjectives DT Temporalwindow VBD adjectives,1
USR adjectives nouns nouns,1
USR USR body extent people probability Have nouns nnp nnp,0
RT USR HT HT nnp state nouns being negator adjectives adjectives body morbidity adjectives nouns nouns,0
HT HT nnp state nouns being negator adjectives adjectives body morbidity adjectives nouns URL,0
extent PRP MD Have nouns CC nouns IN DT adjectives Othertemporalreferences,1
humour CC PRP Have nouns CC VBD IN PRP$ nouns body CC WRB PRP VBD RP PRP$ body VBD VBN TO PRP$ nouns IN IN extent DT nouns PRP$ RB humour,1
nnp USR nnp IN nnp nnp nnp nnp morbidity body RB VBN IN nouns morbidity body VBP URL,0
USR go TO VB PRP RP IN DT nouns IN agency nouns CC DT nouns adjectives IN adjectives biologicalsubstance CC nouns IN nouns,0
nnp nnp nouns TO VB adjectives nouns RB extent CC adjectives TO VB URL,0
nnp nnp nnp nnp CD CC CD URL,0
RT USR body nnp nnp nnp VBZ TO nnp nnp IN PRP$ adjectives analysis IN DT locative IN VBG nouns nouns,0
DT nouns being DT nouns nouns CC VBG,0
Temporalwindow PRP feeling adjectives VBP Commencement TO get nouns UH UH affection nouns,1
nnp morbidity agent CC Temporalwindow VBP WP DT expletive nouns,1
VB nouns increase environment adjectives nouns locative VB RB adjectives nouns nouns IN nouns IN nouns nnp,0
nnp nouns being RB adjectives WP IN PRP ending RP VBG like PRP Have nouns,0
activity RP TO nouns being WP PRP like TO VB PRP relationships frequency relationships adjectives relationships nouns relationships VBP PRP RB relationships,0
USR UH PRP VBD extent expletive IN locative adjectives CC agency nouns being CD IN DT nouns IN PRP RB Have TO VB PRP$ body,0
CC DT nouns Have dispersal TO PRP$ adjectives body nouns nouns DT nouns,1
UH WRB VBZ PRP VBP like PRP$ nouns Have nouns,0
nnp IN PRP VBP feeling DT nouns PRP activity RP IN nnp nnp,1
nnp nnp preventive nnp treatment nnp HT HT HT HT,0
nnp activity RP IN nouns,1
USR nouns IN nnp nnp,0
nnp advisory IN DT nouns IN nnp CC adjectives adjectives nutrition TO VB nnp nnp URL,0
nnp being negator ending,1
VB RP IN nouns nouns adjectives,1
nnp VBZ PRP$ adjectives nouns PRP VBP VBN PRP CC negator VBN PRP IN DT incidence IN PRP$ body VBN nouns vfor nouns opinion PRP VBD adjectives,1
PRP opinion PRP$ order body Have nouns,0
negator DT nouns IN nouns nnp adjectives IN nouns environment nouns nouns PRP$ relationships WP Have nouns Have DT adjectives incidence nouns being VBG IN CD,1
VB RP IN nouns incidence method HT IN method TO VB VBN order nouns IN nouns nouns detect RP locative PRP VBD HT,1
adjectives URL PRP probability VB nouns adjectives frequency DT adjectives environment nouns VBP body go IN DT nouns being negator DT adjectives awareness,0
USR PRP probability get agency nouns nouns MD dispersal TO PRP$ body IN PRP VBP PRP$ body IN VBG PRP$ nouns,1
RB relationships VBD VB PRP TO VB PRP$ nouns CC nouns nouns duration VBP get nouns body adjectives VBP RB adjectives humour,1
nnp being like PRP$ body being VBG DT stasis nouns affection nouns,1
PRP Have nouns DT adjectives body morbidity CC DT body nouns DT Have being DT adjectives nouns,1
nouns IN nouns VBG nnp,0
CD nnp nnp nnp body VBZ nnp body nnp DT VB CD URL nnp nnp order order nouns nnp,0
USR VBZ like nouns RB IN adjectives body humour PRP RB VBD DT adjectives nouns vfor PRP$ body get nnp,0
USR adjectives nouns WRB PRP get nouns vfrom nouns nouns,0
locative nouns CC treatment vfor nnp method TO treatment CC nouns nnp VB DT morbidity morbidity URL,0
morbidity nnp probability adjectives nouns nouns nouns nnp,1
nnp being VBG TO VB PRP IN treatment IN DT nouns causality PRP Have nouns,1
MD VB go TO morbidity causality PRP awareness VBP VBG activity RP IN nouns nnp,1
nnp CC activity VBZ VBG PRP$ exclamative nouns PRP Temporalwindow Have DT nouns CC nouns IN nnp nnp nnp URL,1
USR DT extent MD VB like DT nouns CC VB adjectives body DT morbidity IN DT agent VBP adjectives nouns body morbidity nouns nouns,0
nouns IN nouns TO VB nnp,0
nnp VBD TO PRP$ locative VBG PRP get nouns IN PRP give PRP DT body nouns URL,1
UH extent PRP Have get nouns,1
nnp being extent negator WP PRP need adjectives Temporalwindow,1
nnp MD frequency opinion nnp nnp VBD nnp PRP VBZ RP VBZ adjectives CC VBD VBN nnp nnp,0
USR USR apologetic VBD TO VB nnp being treatment vfor nouns IN nouns MD VB extent vfor IN CD,0
nnp USR nnp MD nouns dispersal nouns nouns nouns CC nouns vfrom nouns URL,0
nnp MD nouns dispersal nouns nouns nouns CC nouns vfrom nouns URL,0
nnp USR USR IN nnp locative being DT adjectives nouns IN nouns VBP RB adjectives body morbidity nouns nouns,0
nnp IN nnp locative being DT adjectives nouns IN nouns VBP RB adjectives body morbidity nouns URL,0
expletive RP PRP opinion PRP Have nouns,1
Temporalwindow CD nouns nouns Continuance Have nouns,1
RT USR RT USR HT nouns MD being VBN IN adjectives nouns IN HT adjectives HT IN HT HT URL,0
body nnp nnp nnp VBZ TO nnp nnp IN PRP$ adjectives analysis IN DT locative IN VBG nouns URL,0
USR PRP$ relationships Have nouns RB IN DT Temporalwindow CC PRP opinion PRP RB Have DT body nouns TO calls DT nouns IN PRP$ body,0
VB RB being adjectives body RB VBG,0
nnp USR nouns nouns being adjectives adjectives vfor treatment Predisposition nouns nouns Predisposition nouns CC VBG nouns nouns,0
nnp nnp CC nouns being morbidity IN HT HT,0
RT USR HT nouns IN nouns get TO nnp HT USR USR URL,0
RT USR HT nouns IN nouns get TO nnp HT USR USR URL,0
HT nouns IN nouns get TO nnp HT USR USR URL,0
feeling like VB being VBG IN DT nouns IN VBG nouns,0
nnp nnp nnp VBZ DT nouns WDT probability VB nouns body DT adjectives body morbidity RB being RB treatment nouns IN URL,0
treatment TO get nouns IN nouns IN nouns nnp nnp,1
USR PRP VBP PRP Have adjectives nouns IN DT nouns CC DT VBD PRP RP nouns RB PRP$ comerederie nouns Have nouns nouns,0
nnp nouns nouns RB PRP extent nouns,0
VB PRP$ nouns nouns Have adjectives body morbidity CC negator extent IN extent adjectives adjectives nouns being go IN RB VBZ nouns,1
USR PRP get nouns IN nouns IN PRP$ environment UH VBZ adjectives CC adjectives RB PRP activity RP PRP$ body being VBN nnp,1
RT USR USR WRB MD nouns VB IN CD Othertemporalreferences adjectives IN nouns CC need VB PRP TO nnp HT,1
RT USR HT nouns MD being VBN IN adjectives nouns IN HT adjectives HT IN HT HT URL,0
nnp nnp nnp nnp CD CC CD URL,0
USR UH adjectives nouns get adjectives Othertemporalreferences VB,1
USR PRP VBD morbidity CC ending RP IN adjectives PRP$ nouns nnp IN magnitude locative IN PRP MD VB Have DT adjectives nouns IN DT nouns,1
nnp PRP VBD adjectives visual CC nouns nouns duration ChangeTempo PRP VBD VBN PRP get nouns,1
nouns IN nnp Have RB VBN nouns IN agent frequency VBN IN adjectives nouns URL,0
RT USR USR nnp nnp dispersal nouns nnp adjectives affection PRP vfor VBG PRP$ nouns,0
USR nnp nnp dispersal nouns nnp adjectives affection PRP vfor VBG PRP$ nouns,0
UH PRP RB affection VBG DT morbidity body CC nouns DT nouns IN adjectives nouns nnp expletive nouns nnp,1
nnp nouns VBP VBG PRP$ adjectives nouns environment CC adjectives VBG DT nouns Temporalwindow nnp nnp URL,1
nnp nnp DT relationships adjectives CD nouns PRP Have adjectives nouns PRP VBD RP IN adjectives body morbidity CC adjectives PRP VBP negator adjectives nouns nouns nnp,1
CD nouns IN adjectives CD nouns IN adjectives CD nouns IN nouns CD nouns PRP Have Have DT CD nouns VBG RP IN adjectives nouns,1
UH Temporalwindow PRP Have nouns WP DT Othertemporalreferences TO VB adjectives,1
feeling extent apologetic vfor PRP Have DT adjectives incidence IN nouns nouns VB like DT nouns IN nnp nnp,1
being PRP humour nouns VBP activity RP worsen IN PRP VBD CD Temporalwindow IN CC VBP RB opinion VBP VBN nouns URL,1
CD nouns adjectives nouns CD CC nouns body VBG RB adjectives HT nnp nnp,1
VB RP TO VB nouns extent IN PRP$ nouns CC PRP VBP like PRP Have nouns,1
USR nouns WP go TO DT nouns IN adjectives nouns CC nouns,0
opinion PRP Have nouns nnp,1
nnp nnp body VBZ RB RB adjectives IN nouns,0
UH nouns being adjectives USR,1
nouns UH IN PRP VBD DT nnp nnp nnp CC PRP VBP Have nouns nnp,0
nnp IN PRP$ adjectives nouns nnp nnp URL,1
being VBD locative morbidity CD nouns IN PRP$ Temporalwindow obligative IN nouns nnp,1
VBP get nouns nnp VBZ CD IN DT body,1
nnp IN PRP$ nouns nouns incidence CC DT adjectives nouns nouns IN PRP$ nouns get PRP IN IN nnp nnp URL,1
nnp USR nnp RB RB IN CD nnp nnp nnp nnp nnp nnp incidence nnp nnp nnp nnp nnp probability probability DT nnp,0
nnp RB RB IN CD nnp nnp nnp nnp nnp nnp incidence nnp nnp nnp nnp nnp probability probability DT nnp VB IN nnp,0
nnp expletive nouns VBZ negator nouns nouns CC nouns,0
RT USR HT PRP Have nouns need nnp,1
RT USR PRP VBD RP DT Temporalwindow CC PRP$ body VBD VBN RB like CD adjectives nouns IN DT adjectives nouns nnp,1
order nouns VBP opinion PRP get nouns URL,1
UH CC TO VB PRP RP PRP RB VBD nouns TO DT nouns Temporalwindow causality PRP Have nouns,1
DT nouns being DT nouns humour CC VBG,0
USR body nouns VBZ like DT adjectives method TO get nouns,0
USR nnp RB adjectives nouns,0
nnp nouns IN DT nouns PRP opinion VBP get DT nouns CC nouns VB RB nnp being VBG Othertemporalreferences,1
PRP Have nouns CC PRP need TO VB PRP$ body IN IN DT nouns,1
USR USR PRP VBD VB DT adjectives body IN nouns,0
nnp VBG TO VB nouns PRP VBP,0
nnp nnp nouns CC body nouns HT URL,1
nnp VBD DT analysis body method IN nouns IN nouns IN RB nnp,0
nnp USR VBP get nouns VBZ PRP$ nouns,1
nnp morbidity CC nouns IN magnitude body humour PRP VBP like nouns IN DT nouns nouns nnp,1
go RP IN PRP$ relationships vfor DT adjectives nouns VBD RB locative IN expletive nouns nnp,1
USR negator MD PRP IN get nouns nnp,0
VBG DT Temporalwindow IN nnp nnp nnp Have get RB adjectives nouns nnp,1
nnp VBZ nnp CC Have presentation nouns IN PRP frequency VBZ nouns,1
nnp Have CD nouns adjectives VBP get nouns CC VBP Temporalwindow VBG IN DT nouns vfor CD nouns get PRP locative,1
RB adjectives IN PRP$ affection Temporalwindow Have VBN adjectives nouns,1
PRP$ urbanrural body nnp HT HT HT HT,1
nouns IN nouns TO VB nouns,0
WRB VBZ nouns VB TO adjectives nouns,1
RT USR nnp analysis VBG nouns IN nouns vfor morbidity preventive vfor frequency nouns URL HT,0
nnp analysis VBG nouns IN nouns vfor morbidity preventive vfor frequency nouns URL HT,0
PRP need TO VB CD nouns IN nouns method adjectives nouns PRP RB Have TO VB RB nnp HT,1
nnp RP TO CD nouns IN victim IN Predisposition nouns adjectives nouns RB get Predisposition nouns nouns morbidity nouns HT,0
VBN IN nouns CC nouns IN DT adjectives Othertemporalreferences UH,1
VB DT nouns IN adjectives nouns VBZ get DT adjectives nouns,1
VB RP IN nouns WP RB being DT nouns go TO VB IN nnp,1
nnp VBP get DT morbidity CC morbidity nouns RB adjectives VBN PRP$ nouns CC Temporalwindow VBP get nouns UH affection nouns,1
VBD go TO VB adjectives nouns Temporalwindow body RB PRP$ body VBD TO VB like DT nnp nnp VBP nouns TO nnp nnp,1
DT adjectives treatment IN nouns VBP gratitude PRP,0
nnp MD VB treatment IN PRP IN PRP Have nouns adjectives IN nouns nouns nouns VBN nouns nouns URL,0
USR RB VBD nnp TO DT nouns vfor PRP$ order treatment CC VBZ get nouns nouns nouns CD nouns duration PRP MD go RP nnp,1
USR VBZ get nouns,1
recovery DT nnp nnp IN nnp locative CD Temporalwindow IN nnp CC extent IN DT VBN IN CD nouns nnp being DT expletive,1
adjectives nouns IN PRP$ nouns Have DT morbidity nouns PRP$ VBN nouns WDT being adjectives nouns nnp,0
PRP$ urbanrural people nnp Have nouns nnp,1
VBZ RP PRP Have nouns CC PRP MD VB PRP$ dispersal nouns vfor DT nouns nouns,1
CD PRP feeling PRP nouns VBP Continuance get nouns DT obligative VB adjectives,1
RB go RB TO obligative DT Temporalwindow order being RP vfor CD nouns IN IN DT nouns CC nouns HT,1
RT USR order CD Temporalwindow IN nouns PRP$ CD Othertemporalreferences adjectives Have RB VBD PRP DT nouns nouns being adjectives IN PRP nouns VBZ nouns RB,1
IN nouns IN adjectives DT adjectives nouns PRP nouns nouns DT nouns VBG nouns VBP nouns,0
nnp nnp nnp nnp CD CC CD URL,0
USR WRB MD nouns VB IN CD Othertemporalreferences adjectives IN nouns CC need VB PRP TO nnp HT,1
nnp nnp IN get RB IN DT adjectives USR nnp PRP Have DT humour vfor URL VBZ DT nouns vfor morbidity body,0
nnp nnp IN nnp nnp VBD nouns nouns CC nouns IN adjectives nouns VBN method nnp nnp HT,0
nnp order VBG nouns IN PRP$ adjectives nouns VBZ Temporalwindow VBN TO PRP$ adjectives nouns CC VBP Continuance mortality IN PRP$ nouns nouns being VBG TO PRP nnp,1
adjectives PRP morbidity vfrom nouns,1
nnp get nouns IN CD IN PRP$ nouns VBP VBG VB,1
nnp nnp nnp nnp CC nnp increase analysis CD URL HT HT,0
nnp USR IN DT adjectives body nouns PRP MD VB nouns IN affection IN order nouns,0
WRB IN DT nouns MD HT vfor HT VBN adjectives nouns CD order nouns HT HT HT UH,0
VBD RP IN obligative method VBG nouns WP DT nouns being IN morbidity nouns IN PRP$ relationships Have nouns CC PRP probability get PRP RB VBN TO awareness nnp,1
PRP VBP nouns WRB PRP,1
IN PRP CC nnp VBD TO go vfor nouns Temporalwindow CC PRP opinion PRP probability Have nouns nouns,1
opinion VBP dispersal nouns CC increase CD adjectives body nouns duration DT Temporalwindow,1
nnp probability Have TO nnp DT nouns IN IN DT nouns IN PRP VBZ nouns nouns HT,1
RB VBG vfor PRP$ obligative TO VB opinion PRP VBP VB nouns CD VBZ being adjectives duration nouns Temporalwindow PRP feeling adjectives IN nouns,0
nnp being RB negator nouns IN IN PRP activity RP feeling ChangeTempo adjectives CC RB fear vfor PRP$ nouns vfor DT magnitude nouns,1
PRP VBZ PRP get RB PRP Temporalwindow Have probability nouns PRP VBP WP VBG adjectives nouns,0
PRP Have nouns expletive,1
UH nouns CC PRP$ nouns,1
USR nouns MD give PRP nouns IN PRP$ nouns,0
get RB Othertemporalreferences USR morbidity nouns adjectives Temporalwindow USR VB VBN RB method USR WP VBD,1
VB PRP VBD nnp nnp RB nnp nnp RB DT nnp CC Temporalwindow nnp nnp CC nnp nnp,1
IN PRP need nouns RB HT,1
HT nouns IN DT adjectives nouns nouns responsibility vfor presentation adjectives nouns VBD nnp nnp,0
nouns IN DT nouns nouns Have nouns CC PRP being VBG nouns CC WRB being PRP nnp go nnp,1
nnp TO DT nouns VBD DT nouns IN presentation adjectives nouns IN DT nnp CD URL,0
VB DT IN nnp nnp order nouns PRP opinion IN VBD adjectives nnp HT URL,1
extent Temporalwindow PRP Have nouns PRP fall RB,1
WRB being DT nouns IN locative IN adjectives nouns MD VB PRP$ nouns IN body PRP VBP nouns VB adjectives HT HT,1
order get DT nouns nouns CC nouns Temporalwindow PRP$ adjectives body VBD TO VB DT nouns nouns nnp HT,1
DT nouns being DT nouns nouns CC nouns,1
RT USR nouns Othertemporalreferences being Commencement body nouns RB VBZ adjectives IN VB RB get body nouns CC nouns nouns,1
nouns Othertemporalreferences being Commencement body nouns RB VBZ adjectives IN VB RB get body nouns CC nouns URL,1
affection being Predisposition TO VB VBZ PRP$ nouns RB RB adjectives nouns,0
nnp VBD go IN nouns CC PRP VBD TO VB PRP$ nouns CC VB VBZ PRP RB VBN method expletive nouns body nnp nnp,0
VBP IN nnp CC DT people WP VBD PRP$ nouns CC Have nouns CC DT nouns negator RB adjectives,1
RB VBD RP VBP get nouns WRB PRP go nnp Temporalwindow humour nnp,1
adjectives adjectives adjectives nouns nouns VBD adjectives IN magnitude nouns PRP awareness method TO VB,1
CD VBZ like VBZ being VBN IN DT nouns probability nouns IN PRP extent VBD PRP$ relationships nouns nouns,1
nnp VBD DT nouns nouns nouns WRB IN adjectives nouns nnp nnp,1
nnp PRP get nouns vfrom DT nutrition nouns nouns VBP VBD DT extent nouns IN RB CD nouns,1
nnp duration RB adjectives nouns VBG DT nouns nouns nouns nnp URL,1
nnp VB RP nouns IN nnp VBZ WP PRP VBP nnp,0
feeling like PRP Have DT extent adjectives agent CC nouns IN DT adjectives Othertemporalreferences PRP feeling RB adjectives,1
nnp nnp get nnp nnp get nouns RB adjectives,1
nnp adjectives IN fall morbidity TO activity RP IN nouns CC diety VBZ adjectives composition nouns nnp,0
order CD Temporalwindow IN HT RB VBN body IN nouns HT HT,1
RT USR calls VB VB PRP$ nouns adjectives locative extent TO VB VBN RB IN PRP$ nouns VBZ RB adjectives nouns VBG nouns,0
method VBP PRP morbidity adjectives nnp URL,0
USR USR nnp nnp nnp,1
USR UH IN PRP$ body VBG RB adjectives nouns PRP morbidity vfrom presentation nouns vfor CD nouns RB UH,0
nnp VB PRP$ nouns IN nouns PRP Have WP PRP opinion being nouns body PRP RB Have DT nouns IN PRP$ nouns locative nouns URL,1
USR USR USR USR USR USR locative VBZ PRP HT nnp URL,0
nnp nnp nnp nnp morbidity being frequency adjectives VBP adjectives nouns body nouns nouns nouns VBD RB URL,0
nnp Have nouns nouns nouns HT,1
CD nnp morbidity being frequency adjectives VBP adjectives nouns body nouns nouns nouns VBD nouns URL,0
being PRP morbidity vfrom frequency nouns CC nouns URL,0
USR VBZ like PRP Have nouns nouns nnp morbidity IN PRP$ nouns CC VBD PRP$ body CC nouns method PRP get nouns,1
IN PRP$ nouns IN morbidity Have VBN PRP Have nnp body being adjectives adjectives visual like DT nouns HT URL,0
body nouns nouns nouns nouns CC nouns TO PRP$ body IN PRP MD VB adjectives nouns RB VBP go adjectives IN nnp,1
nouns nouns,1
VBG IN nnp URL,0
extent being nutrition nnp nouns IN nnp nnp nnp nnp body nnp nnp UH nnp nnp dispersal nnp,0
nnp negator extent VBP PRP Have DT nouns nouns PRP Temporalwindow Have nouns nnp,1
USR PRP affection nouns,1
method adjectives VBP PRP awareness IN nouns HT HT URL,0
nnp USR VBP get nouns RB nouns nouns being adjectives vfor nnp IN PRP$ relationships RB VBN IN PRP$ nouns VBZ VB CC VB,1
nnp being adjectives nnp,1
WP being nouns CC method being PRP VBZ URL HT URL,0
activity RP IN nouns CC VBG locative like PRP Have adjectives body nnp,1
RT USR USR UH urbanrural PRP nouns being adjectives IN PRP$ adjectives nnp VB RP nouns adjectives nouns IN DT Medicalstaff VBG nnp nnp,1
VBN Temporalwindow IN PRP$ body VBN nnp opinion VBZ nouns VBD treatment visual CC adjectives body DT adjectives nnp nnp,1
VBG IN IN adjectives nouns nouns URL,1
extent DT nouns PRP MD VB VBN TO VB RP PRP$ nouns CC Temporalwindow adjectives nouns Have VBN PRP CC DT treatment IN nnp nnp nnp,1
RT USR UH PRP$ nouns Have nouns CC PRP VBZ like nnp nnp nnp,1
nnp nnp CC Continuance VBP get extent RB adjectives DT nouns VBD IN PRP$ adjectives Temporalwindow IN nnp nnp,1
PRP$ adjectives body being morbidity nouns visual body DT extent adjectives RB negator VB,1
PRP VBP PRP get nouns,1
PRP feeling RB morbidity CC PRP VBP like VB being VBN IN DT nouns gratitude nouns nnp,1
PRP VB nouns TO VB adjectives adjectives vfrom Temporalwindow adjectives nnp being RB IN DT nouns,1
nnp morbidity nouns nouns method USR,0
adjectives reports nouns VBP confirmation TO Have expletive agency nouns,1
nnp nnp nnp nnp CD CC CD URL,1
nnp IN nouns morbidity URL,0
VBP go vfrom VBG nouns TO DT environment TO adjectives nouns TO nouns IN DT order CD nouns VBG DT health nouns,1
opinion PRP probability Have nouns nnp,1
USR VBP Temporalwindow get nouns TO go IN PRP$ morbidity body CC VBD body nnp,1
adjectives incidence IN DT nouns IN adjectives adjectives nouns nouns VBG TO nnp IN CD URL method USR,0
activity RP CC PRP$ body being extent adjectives nouns VB TO nouns nouns IN PRP extent MD VB DT nouns,1
USR USR nnp nnp nnp nnp nouns UH nouns TO nouns nouns nouns,0
RB DT nouns nouns being go extent VBP get DT nouns DT agency morbidity CC nouns nnp,1
nnp IN nnp nnp VBD immuneresponse nnp nnp nnp MD VB MD VB DT nouns nouns nouns nouns,1
PRP Have nouns CC nouns body PRP MD get IN TO DT treatment CC PRP opinion VBP VBG mortality,1
extent nouns TO preventive HT URL USR URL,0
RT USR HT HT extent nouns TO preventive HT URL,0
HT HT extent nouns TO preventive HT URL,0
DT adjectives nouns nnp nnp VBD VBG PRP$ nouns nouns IN treatment vfor nnp nnp IN CD DT nouns causality TO nouns IN body nouns,0
USR nnp DT nouns VBP being VBG IN nouns IN magnitude nouns frequency DT adjectives nouns WP nouns IN nouns VBZ nouns,1
order Temporalwindow IN obligative nouns morbidity nouns nouns CC DT nouns Temporalwindow MD extent get worsen nouns,1
IN nouns IN nnp adjectives nouns PRP VBP VB IN nouns DT nouns adjectives nouns DT nouns,0
USR PRP get DT nouns,0
morbidity IN nnp nnp nouns nouns body nouns CC nouns VBD nouns URL,1
go RP IN negator VB RP vfor CD nouns adjectives RB VBG nnp RB VBD gratitude TO nouns VBD RB adjectives,1
VB nouns IN PRP$ locative Have VBN RP IN nouns CC Have VBN nouns PRP Have RB VBN nouns URL,1
nouns CC WP negator,1
USR nouns nouns VB health,1
nnp RB get DT body IN DT environment CC adjectives UH causality DT being WP nouns VBZ IN nouns nouns,1
nnp WP VBD TO PRP$ body VBD PRP get treatment VBG IN adjectives nouns nnp negator PRP Have nouns WRB PRP VBD DT people HT,0
nnp Have nouns IN PRP$ nnp nouns RB get PRP extent nnp body VBZ Temporalwindow CC VBZ RB get RB URL,1
IN IN locative TO go IN nouns IN PRP$ RP nouns MD VB DT nouns TO nnp nnp duration PRP$ nouns being VB,1
method MD VB nouns nouns nouns CC nouns CC nouns vfrom nouns nouns nnp,0
USR URL DT nouns vfor morbidity nouns UH,0
PRP Have nouns WDT VBZ DT nouns IN nnp,1
nnp CC nnp nnp nnp nnp nnp nnp nnp PRP affection being Predisposition TO VB,1
adjectives nouns IN nouns nouns VBZ VBN CC negator being DT nouns body PRP probability VBD VB nnp UH CD,0
USR URL VBZ DT nouns vfor morbidity nouns nnp adjectives adjectives nouns nouns RB VBP VBG DT adjectives nouns UH,0
VBD PRP VBP nouns being DT magnitude adjectives PRP MD Have IN PRP$ nouns VBN nnp HT,1
USR Temporalwindow nouns being adjectives CC RB RB adjectives magnitude Have nouns CC nnp being CD morbidity,1
nnp RB VBG IN CD body IN PRP VBD CD nnp CC PRP Have nouns IN adjectives CD body VBG being RB RB adjectives,1
extent PRP MD treatment TO Have nouns CC VB morbidity IN DT adjectives Othertemporalreferences,1
CC PRP opinion PRP Have nouns,1
nnp WDT VBZ CD IN nouns PRP Have nouns nnp,1
health nouns IN nouns VB probability biologicalsubstance nouns nnp URL,1
nnp nnp nnp VB nnp being VBG Temporalwindow being adjectives VBZ RB VBG people VBP like VBZ get DT adjectives incidence IN nouns,0
treatment TO negator get morbidity IN PRP$ extent nouns duration DT RB order nouns CC Temporalwindow PRP Have nouns nnp,1
MD nouns VB PRP WRB PRP VBZ CD nouns vfor need nouns treatment vfor PRP$ nouns VB IN adjectives morbidity CC VB DT extent nouns,1
DT Have rb negator VB DT nouns IN nouns body being morbidity nnp,1
nnp nnp CC PRP VBD people nnp TO DT treatment order nouns PRP Have nouns IN magnitude nouns rb people Have RB URL,1
USR UH diety affection nnp nnp VBD TO get nouns extent DT Othertemporalreferences WRB PRP VBD DT nouns opinion PRP being adjectives nouns,1
CD UH nnp VBZ get nouns negator VBG body bodyfunction DT nouns adjectives IN DT environment RB nnp,1
USR VBP PRP Have nouns RB VBD,0
DT nouns being DT nouns adjectives CC VBG,0
get RB vfrom Temporalwindow IN Temporalwindow CC being IN locative extent Temporalwindow Temporalwindow PRP Have nouns nnp HT HT,1
nouns CC nouns VBP URL HT URL,0
nnp CC nouns adjectives PRP VBP,1
USR USR VBP IN locative VBD frequency nouns,0
nnp nouns MD VB agent WDT VBZ adjectives body nouns CC RB adjectives VB adjectives URL,0
nnp nnp nnp nnp CD CC CD URL,0
get nouns CD Temporalwindow order PRP go TO nnp being adjectives awareness UH,1
adjectives nouns TO PRP$ CD Othertemporalreferences adjectives vfor VBG PRP$ nouns IN nnp URL,1
CD nouns TO VB adjectives morbidity nnp WP CD nouns nouns CC nouns,0
get composition nouns nnp,1
IN IN nouns adjectives nouns IN DT body,1
nnp IN DT presentation nouns morbidity body CC VBD body VBZ nouns PRP VBD RP IN nouns DT nouns nouns,1
VBG nouns being CD IN DT magnitude adjectives nouns VBP nnp,1
adjectives nouns IN VBG nouns being negator being ability TO VB nouns UH,1
USR VBZ DT adjectives nouns vfor HT nnp,1
nnp RB VBD MD VB adjectives TO PRP IN PRP VBZ VB PRP$ nouns IN PRP Have bodyfunction IN IN PRP$ body WDT Have VBN,1
VBP get nouns CD Temporalwindow order PRP go VB DT obligative VB adjectives HT HT,1
nnp nouns MD VB adjectives nouns RB RB IN morbidity IN DT nouns PRP obligative VB VBN DT CD nouns,1
method VBD PRP get DT nouns nouns CC nouns IN CD nouns,1
adjectives nouns VBN Have nouns RB Have morbidity IN PRP$ body,1
USR UH DT adjectives nouns nnp,1
nnp get nouns RB nouns nouns being adjectives vfor nnp IN PRP$ relationships RB VBN IN PRP$ nouns VBZ VB CC VB IN PRP VBZ nnp,0
RT USR nnp VBZ method nnp nnp nnp nnp nnp nouns nnp nnp nnp nnp nnp,0
Have nnp RB order nouns nnp DT magnitude Temporalwindow nouns CC Temporalwindow agency nouns,1
DT extent nnp CC nnp nouns being VBG PRP$ adjectives nouns nouns,1
nnp being negator DT CD nnp,1
DT nouns being VBG PRP$ Temporalwindow CC get nouns nnp,1
opinion VBP get nouns nnp,1
PRP$ body being adjectives nnp CC nouns VBP like DT,1
nouns PRP extent VBP need nouns frequency RB Temporalwindow PRP need body VB RP nnp,1
affection activity RP adjectives IN IN nouns,1
RT USR nnp nnp nnp Temporalwindow VBZ DT nouns vfor morbidity body HT HT HT,0
nnp nnp nnp Temporalwindow VBZ DT nouns vfor morbidity body HT HT HT,0
USR RB VBZ get DT nouns like WRB PRP$ body nutrition DT nouns CC RB VB RB DT adjectives,0
nnp being DT nouns IN DT nouns DT nouns being DT adjectives recovery body IN nouns VBP URL,0
RT USR method TO calls recovery nnp nnp HT URL URL,0
nouns IN DT nouns nnp,1
method TO calls recovery nnp nnp HT URL URL,0
VB nouns being DT nouns nouns,1
RT USR nnp nnp ending vfrom VBG DT travel IN nnp nnp nouns DT Temporalwindow causality CD nouns nouns Temporalwindow HT,1
WRB VBP IN obligative causality nnp CD nouns PRP$ nouns DT nnp recovery IN DT nnp nnp,0
negator calls HT,1
USR VBZ adjectives nnp probability Have nouns,1
nouns VBP get nouns IN magnitude body CC Have DT body morbidity nouns body adjectives IN DT PRP adjectives nouns,1
nouns get DT adjectives diety IN nnp nnp PRP MD VB nouns nouns IN DT adjectives nouns,0
VB CD nouns nnp nouns VBD adjectives IN nouns nouns RB DT nouns TO nouns HT,0
RT USR visual body VBZ go nnp nnp nnp nouns nnp nnp nnp nnp,0
RT USR nnp VBZ method nnp nnp nnp nnp nnp nouns nnp nnp nnp nnp nnp,0
CD USR nouns body RB DT nouns IN nouns nouns,0
Have nnp nnp CD nouns agency nouns adjectives body nouns nouns body morbidity extent duration nnp HT,0
CC extent adjectives CC VBP get nouns nnp,1
method being nouns nouns nnp HT,0
nnp nouns nouns nouns nouns VBP VBN RP IN PRP$ nouns nnp,0
USR UH being PRP Continuance PRP$ nouns UH,1
nnp nouns nouns VBP negator nouns,0
USR USR PRP frequency opinion VBZ nouns TO coverup CC PRP VBP RB VB nouns,0
nouns VBP IN PRP being adjectives nouns being adjectives vfor nouns nouns IN nouns IN DT body nnp,0
extent IN PRP negator extent Have DT nouns PRP Temporalwindow Have nouns VBP RB DT VBG morbidity,1
VBG DT adjectives nouns DT Temporalwindow IN nouns nouns CC nouns nnp,1
RT USR USR nnp Have nouns,1
USR PRP opinion nouns nnp,1
expletive PRP Have nouns,1
nouns VBZ method nnp nnp nnp nnp nnp nouns nnp nnp nnp nnp nnp nouns,0
USR UH nnp nouns,0
nnp nnp nnp nnp CD CC CD URL,1
nnp nnp nnp nnp nnp locative nouns URL,0
USR nnp Have nouns,1
being URL DT nouns vfor morbidity nouns,0
nouns being go TO consequential PRP$ order nouns nnp nnp treatment TO get nouns IN magnitude body VBP,1
nnp VBD DT nouns CC method IN IN nnp DT nouns nouns,0
nnp IN DT nouns opinion DT nouns VBZ extent IN DT nouns vfor Othertemporalreferences nnp Have being VBN IN Predisposition nouns RB nnp,0
VB PRP$ nouns VBD body TO DT nouns VBD IN nouns nouns IN DT nouns IN PRP$ nouns VBD nouns IN adjectives nouns nouns Temporalwindow IN nouns,1
opinion PRP probability Have VBN PRP$ body being adjectives probability negator VB DT nouns Temporalwindow nnp,1
nnp being DT nouns,1
nnp go nouns VBZ like PRP Have nouns PRP need nouns,1
RB IN incidence CD IN PRP$ nouns frequency need need HT HT HT HT URL URL,0
nnp USR nnp nnp morbidity being frequency adjectives VBP adjectives nouns body nouns nouns nouns VBD nouns HT,0
nnp order Othertemporalreferences PRP Have frequency Have nouns CC get PRP IN magnitude body IN nouns DT nouns adjectives nouns morbidity adjectives body morbidity CC DT body nouns,1
nnp adjectives nouns VBG nouns VBG adjectives nouns nnp URL,0
nouns IN adjectives Temporalwindow Have nouns IN magnitude nouns nouns worsen environment nouns,1
WRB Have PRP activity RP IN nouns DT Temporalwindow VBP VBN TO VB go RP vfor PRP$ nouns,1
MD PRP VB adjectives activity RP DT Temporalwindow IN DT celebratory IN nouns,1
USR nnp nnp frequency VBD DT nnp VBG DT nouns adjectives VBD DT give TO VB PRP frequency VBN USR VBG nouns,0
adjectives Temporalwindow IN CC VBP activity RP IN nouns CC morbidity nouns,1
USR UH nnp nnp,1
VB RP IN DT adjectives nouns negator body CC nouns DT CD nouns obligative being negator WP PRP need nnp,1
nnp USR extent people VBP nouns VBZ DT ending result being adjectives PRP VBP nouns VBZ DT ending result being nnp DT nouns IN nouns,0
nnp nnp Temporalwindow VBZ DT nouns vfor morbidity body,0
nnp incidence IN nouns environment nouns morbidity body VBZ CD nouns Temporalwindow IN locative VBG HT HT HT,1
extent PRP go CC get nouns order activity DT nouns nouns composition expletive,1
RT USR IN PRP probability Have nouns,1
nnp VBP negator VB RB PRP treatment nouns URL,0
VB WP get nnp,1
nouns nouns being negator nouns nouns rb adjectives,1
RT USR USR VBZ negator VBG TO nnp PRP get nouns adjectives texture nouns Medicalstaff VBP VBZ get nouns VBD nnp,1
nnp USR nnp nnp morbidity being frequency adjectives VBP adjectives nouns body nouns nouns nouns VBD nouns HT,0
nnp VBG USR WP PRP feeling like WRB PRP VBD adjectives body nouns Have nouns IN adjectives body adjectives nouns VBP,0
RT USR nnp nnp ending vfrom VBG travel IN nnp nnp nouns DT Temporalwindow IN PRP Have nouns nouns Temporalwindow HT,1
CD nouns VBZ DT nouns vfor morbidity nouns,0
nnp body nouns nouns CC DT morbidity WDT MD VB nouns TO PRP HT,1
VB DT nouns IN adjectives nouns DT nouns body nouns body morbidity CC Temporalwindow VBZ nnp,1
PRP awareness WP MD expletive RP PRP$ Temporalwindow nouns nnp,1
RT USR DT treatment IN nouns IN nouns CC nouns VBZ negator VB DT nouns HT,0
nnp nnp agency nnp nnp nnp nouns IN nnp being VBG people TO VB URL,1
DT treatment IN nouns IN nouns CC nouns VBZ negator VB DT nouns HT,1
nnp body being RB adjectives nouns nouns,1
nnp USR nouns nouns being adjectives adjectives vfor treatment Predisposition nouns nouns Predisposition nouns CC VBG nouns nouns,0
VB WP Have nouns IN PRP$ adjectives nouns,1
Predisposition nouns being negator adjectives HT,1
VBG IN nouns IN magnitude body being DT composition nouns nnp,1
nnp PRP Have DT order nouns IN nouns nouns nouns negator like adjectives nouns URL,1
adjectives immuneresponse nouns vfrom HT UH PRP being VBG adjectives nnp nnp URL,0
nnp morbidity nouns URL method USR,0
nnp IN nnp nnp POS nouns TO VB PRP adjectives vfor composition biologicalsubstance TO VB IN nouns nouns URL,0
USR VBZ RP nouns nouns,0
nouns negator opinion PRP obligative get CD nouns vfrom DT CD nouns VBZ go Temporalwindow nnp nnp Temporalwindow VBZ DT nouns vfor morbidity body,0
PRP MD VB IN PRP VBD feeling DT extent like DT adjectives nouns adjectives nouns VBG PRP$ nouns IN DT nouns IN method nouns HT,1
incidence IN nnp VBP nouns IN nnp nnp nnp DT body morbidity IN DT nouns URL,1
nnp Have VBN nouns negator nouns VBD TO morbidity IN nouns adjectives nnp nnp VBD TO VB,1
nnp VBZ DT nouns vfor morbidity nouns,0
USR VBZ RB adjectives CC DT nouns VBN nouns nnp nnp being DT adjectives adjectives TO treatment IN DT,0
nnp CC nouns negator DT adjectives nouns nouns,0
Have PRP nouns VBP locative vfrom locative IN adjectives nnp VB extent IN WP VBZ PRP CC method VBZ treatment RB URL,0
RB VBZ negator RB adjectives body DT adjectives nouns WDT DT nouns,0
PRP VBD PRP$ treatment IN PRP MD VB nouns TO treatment DT nouns CC PRP VBD nnp PRP VBZ PRP$ body being negator extent adjectives,0
VBG nouns nouns CC PRP get TO DT reports reports IN DT nouns incidence locative IN nnp CC DT nouns being nnp,0
VB nnp VBZ DT nouns vfor morbidity nouns nnp,0
being DT nouns VBN TO order adjectives IN CD nouns causality DT being extent adjectives HT,0
nnp DT nouns vfor morbidity body,0
locative agency nnp nouns nouns CD nnp reports VBD nnp HT,0
nnp Have frequency being rb morbidity IN PRP Have adjectives nouns VBG nouns IN CD nouns body VBZ CC VBZ extent IN DT adjectives nouns,1
USR nouns frequency Have nouns vfor CD Temporalwindow VBG TO morbidity nouns VBN order Othertemporalreferences URL,0
nnp nnp VBP RB CD CC Temporalwindow PRP Have agency nouns vfor DT order Othertemporalreferences IN PRP$ nouns nnp IN nouns IN adjectives nouns HT,1
HT HT nnp nnp morbidity nnp VBZ nnp nnp healthfacility URL,0
USR VBZ bodyfunction adjectives nouns nouns nouns URL,0
PRP MD VB IN IN CD body CC PRP opinion IN get nouns Temporalwindow MD VB DT adjectives Othertemporalreferences TO get TO obligative immunity nouns,1
nnp VB IN PRP VBP DT nouns VBG nouns IN DT nouns calls treatment PRP being negator DT nouns VBZ PRP CC VBP get nouns nnp nnp,1
USR nouns IN PRP$ body nouns PRP Have TO get nouns VBN IN PRP VBZ adjectives adjectives Temporalwindow,1
nnp VBZ DT nouns vfor morbidity body VBP,0
adjectives nnp VBG nouns nouns nouns nnp URL,0
nouns VBN IN nouns nouns USR RB VBZ DT adjectives nouns vfor morbidity body VBP,0
nnp nnp nnp nnp CD CC CD URL,1
nnp USR nnp nnp morbidity being frequency adjectives VBP adjectives nouns body nouns nouns nouns VBD nouns HT,0
nnp Have TO get nouns DT Temporalwindow IN PRP$ celebratory nouns,1
nnp USR nnp nnp morbidity being frequency adjectives VBP adjectives nouns body nouns nouns nouns VBD nouns HT,0
nnp nnp morbidity being frequency adjectives VBP adjectives nouns body nouns nouns nouns VBD nouns HT,0
PRP$ nouns Have RB IN PRP MD VB DT nouns VBG nouns,1
nnp VBD DT nouns CC method IN IN VB adjectives nnp URL,1
RT USR visual body VBZ go nnp nnp nnp nouns nnp nnp nnp nnp,0
nouns IN PRP VBD IN PRP VBD IN PRP like PRP Have nnp PRP Have TO VB VBZ extent adjectives nouns,1
nouns RB like DT adjectives nouns TO VB RP DT nouns ending IN PRP$ Othertemporalreferences nouns nnp,1
VBG nouns people Temporalwindow,1
nnp frequency IN negator obligative nouns,1
nnp morbidity nouns MD PRP VB adjectives nouns frequency extent CC adjectives TO treatment URL method USR URL,0
nnp USR nouns nouns being adjectives adjectives vfor treatment Predisposition nouns nouns Predisposition nouns CC VBG nouns nouns,0
PRP$ frequency activity VBZ VBG nouns IN DT locative nouns,0
nouns USR URL VBD PRP VB RB adjectives RB VBD DT nouns,0
RT USR adjectives body nouns VBP nouns frequency extent body RB VBZ nouns treatment VBG IN nouns VB rb URL,0
RT USR URL VBZ DT nouns vfor morbidity nouns UH nnp nnp,0
nnp nnp nnp nouns nouns nouns VB CC nouns nouns vfor Predisposition nouns DT nouns URL,0
Have PRP RB VBD RP IN nouns CC PRP$ nouns IN,1
CC Temporalwindow VB nouns TO DT nouns IN WP adjectives IN PRP nnp,1
USR USR VB DT nouns nouns vfor nouns PRP VBD DT nouns vfor morbidity nouns,0
VB DT extent relationships PRP Have nouns go extent RP IN DT nnp HT,1
nnp nouns nouns being DT nouns vfor morbidity body PRP awareness nnp,0
nnp VBZ DT nouns vfor morbidity nouns UH nnp nnp,0
Have nouns nouns Have CD nouns morbidity CC nouns nouns nouns nouns,1
VB RP IN visual CC morbidity body CC VBZ negator morbidity RB VBZ negator adjectives calls VB PRP nnp,0
urbanrural nouns IN nouns adjectives nouns VBG nouns nnp,0
USR USR USR USR USR USR USR adjectives Temporalwindow TO Have nouns texture nouns IN nouns nnp Continuance nouns,1
nnp nnp order order nnp nnp nnp nnp nnp nnp body VBZ nnp body nnp DT VB nnp,0
