text,cat2
PRP VBP Have DT body nouns duration adjectives locative CC PRP get PRP adjectives DT being DT adjectives nouns frequency,1
WRB PRP RB get PRP$ nouns RB order DT body nouns nnp,1
adjectives nouns IN adjectives body nouns,1
opinion PRP VBD DT body nouns humour,1
USR UH UH body nouns,1
order PRP Have DT body nouns Temporalwindow VBP DT environment nouns nnp,1
CD people IN DT locative Have get DT body nouns IN adjectives nnp relationships being DT extent CD VBD humour,1
PRP opinion PRP VBG RP IN DT body nouns,1
VBP mortality nouns IN TO VB DT nouns CC go TO VB DT being PRP$ adjectives nouns nouns DT body nouns get PRP IN morbidity nnp,1
VB IN nouns PRP RB get IN DT body nouns nnp nnp,1
WRB PRP$ nouns nouns nouns body get DT body nouns nnp,1
negator nnp mortality nouns being VBG DT body nouns vfor CD Temporalwindow Temporalwindow nnp,1
VBZ PRP VB PRP DT adjectives people TO opinion PRP$ nouns Continuance Have DT body nouns IN obligative VBZ consequential frequency vfor nouns nnp,1
USR PRP Have DT body nouns,1
PRP awareness WP DT adjectives nouns VBG nouns nouns IN DT body nouns HT,1
nnp PRP consequential nnp like PRP consequential body nouns IN nouns negator IN nnp,0
VBG IN DT body nouns frequency VBZ PRP frequency IN PRP$ nouns,1
DT body nouns being VBG vfor PRP USR,0
PRP VBZ PRP$ nouns method VBP go vfrom VBG DT body morbidity TO DT body nouns IN CD nouns,1
PRP VBP VBG DT body nouns UH,1
visual nouns CC nouns PRP opinion PRP Have DT body nouns nnp,1
UH nnp DT Othertemporalreferences vfor DT body nouns nnp,1
USR body PRP MD get DT body nouns vfrom DT RB adjectives,0
USR VBD PRP Continuance VBG duration IN DT adjectives nouns IN DT body nouns,1
WRB PRP VBD negator nouns PRP VBD VB give PRP DT body nouns,1
UH body nouns VBD vfor PRP$ frequency nouns CD,1
VBG DT body nouns vfrom DT adjectives nnp nnp nouns VBZ adjectives nouns TO DT nouns nnp VBZ IN nnp nnp,1
diety apologetic vfor nouns IN nouns body nouns incidence PRP like nnp CC nnp nnp,1
IN magnitude WRB PRP Have DT body nouns PRP MD RB VB DT expletive environment VBZ PRP nnp,0
USR PRP feeling IN PRP VBD morbidity IN DT body nouns like order nouns CC Have TO morbidity IN DT nouns nnp,1
PRP get IN DT body nouns IN DT Temporalwindow Temporalwindow PRP feeling extent,1
locative nouns vfor body nouns HT HT HT URL URL,0
USR PRP MD VB RP IN DT adjectives body nouns IN DT nouns IN DT Temporalwindow,0
gratitude TO WP give PRP DT body nouns nnp,1
nouns body CC Temporalwindow DT body nouns PRP VB,1
PRP VBP negator RB health extent TO VB PRP IN DT body nouns RB Temporalwindow,1
USR UH DT nouns obligative VB RP PRP$ nouns WRB PRP Have DT body nouns nnp,0
negator body nouns PRP being negator VB locative USR,1
DT body nouns being VBG DT nouns IN PRP$ locative PRP adjectives VBZ opinion PRP VBP VB DT IN PRP Have negator Othertemporalreferences vfor nnp,1
PRP$ adjectives affection Have PRP$ order body nouns,1
body nouns VBD DT nouns,1
CD advisory vfor recovery DT body nouns vfrom DT treatment relationships URL,0
nouns IN PRP$ locative Have DT body nouns CC IN PRP get PRP VBP VBG nouns,1
WRB VBZ DT body nouns being,0
body nouns nnp,1
nouns PRP RB negator VB get DT body nouns,0
IN nnp nnp being IN IN nouns PRP obligative VB DT Temporalwindow IN DT locative adjectives IN people IN DT body nouns HT URL,0
expletive DT body nouns nnp,1
USR PRP awareness DT feeling get DT body nouns IN DT nouns,1
nnp relationships CC PRP magnitude Have DT body nouns CC PRP MD ending PRP vfrom VBG RP VBG nnp extent IN DT nnp DT CD nouns,1
WRB VBP get IN DT adjectives nouns RB get DT body nouns,1
nnp incidence PRP opinion DT being DT adjectives nouns CC PRP need TO VB PRP probability Have DT body nouns HT,0
IN PRP RB VBD DT incidence IN body nouns TO VB DT nouns,1
opinion PRP$ nouns probability Have DT body VBD PRP MD VB adjectives URL,0
humour DT WRB PRP nouns get body nouns URL,1
PRP MD get DT body nouns RB Temporalwindow nnp,0
exclamative VBZ feeling DT morbidity IN DT nouns body nouns mortality nouns,1
adjectives vfor PRP$ nouns CC relationships WDT Have being VBG IN IN PRP duration PRP VBP IN DT body nouns probability nouns,1
PRP MD negator VBP DT body nouns IN PRP$ adjectives nouns nnp,0
USR VB IN RB PRP VBD morbidity DT Temporalwindow IN DT nouns IN DT body nouns HT,0
give nnp PRP$ body nouns nnp UH nnp,1
PRP feeling like VB adjectives nouns nouns nnp VBG DT body nouns being DT adjectives,1
HT MD VB IN nnp nnp nnp CC nnp nnp nnp nnp,1
VBZ exclamative method RB PRP get morbidity VBG IN nouns PRP VBP awareness method PRP VBD ability TO get DT environment CC DT body nouns IN RB CD nouns,1
PRP VBP being adjectives PRP Have TO get DT adjectives nouns causality PRP Have DT body nouns UH,1
DT expletive nouns IN morbidity being DT body nouns extent nouns DT nnp,1
nnp IN PRP$ order order Temporalwindow IN PRP$ Othertemporalreferences nouns PRP get DT body nouns nnp nnp,1
expletive DT RB morbidity TO go TO VB PRP$ relationships give PRP PRP$ body nouns nnp,1
VBP nouns PRP MD VB IN DT adjectives nutrition body nouns nouns vfor adjectives nnp,1
DT body nouns VBZ TO get DT expletive IN IN PRP$ nouns,1
nnp body nouns incidence VBZ IN nnp URL method USR,1
USR PRP VBP VBG TO VB IN PRP VBP get joy CC DT body nouns,1
WRB being PRP IN IN PRP$ nouns VBG DT body nouns nouns nnp nnp nnp HT HT,1
PRP VBP PRP MD get DT body nouns vfor CD nouns CC negator bodyfunction nouns,0
nnp adjectives nouns nnp VBP being morbidity extent nouns IN extent adjectives body nouns CC RB feeling IN PRP VBP URL,1
nouns TO DT body nouns PRP Temporalwindow mass CD nouns adjectives nouns,1
USR body nouns VBP nouns nouns PRP bodyfunction PRP VBP RP CC nouns RB get DT nouns TO VB CC nouns,1
Temporalwindow CD IN HT body nouns VBD negator ending nouns,1
expletive WP Have DT body nouns CC dispersal PRP IN locative,1
VBG DT nouns IN nouns order being IN RB CD nouns IN DT nouns adjectives body nouns feeling like DT adjectives nouns vfrom DT adjectives nouns nouns,1
VBP PRP DT extent CD WP VBZ PRP adjectives IN PRP get DT body nouns DT Temporalwindow order PRP$ nouns obligative,1
IN PRP recovery DT body nouns VBZ go locative PRP MD recovery nouns,1
body nouns incidence VBZ IN nnp nnp method USR,1
WRB Have DT body nouns VBD PRP$ nouns UH,1
body method VBD PRP get DT body nouns Continuance go TO nouns Temporalwindow,1
nnp PRP VBD negator DT body nouns nnp,0
USR PRP Have DT body nouns nouns CC DT extent nouns WDT MD VB PRP feeling adjectives being IN PRP VBP PRP VBP,1
USR DT body nouns Have morbidity PRP$ body,1
WP VBD DT body nnp VBP nnp,1
WRB PRP$ nouns VBZ DT nouns adjectives body nouns CC go TO DT nouns nouns HT URL,1
WRB VBP immuneresponse DT body nouns CC PRP Continuance Have DT CD nouns nouns nouns TO VB nnp,1
UH PRP$ diety nouns being get morbidity IN PRP$ locative IN DT body nouns PRP need TO VB RP,1
VBP nouns nouns DT body nouns VB VB RB calls,1
body nouns VBG DT nouns IN PRP$ VBG DT nouns Have TO get adjectives order PRP$ nouns order nouns nnp nnp,1
nouns CC body nouns treatment being RB DT adjectives nouns TO frequency go IN PRP VBP frequency VB DT IN nouns,1
nnp nnp nouns nouns confirmation PRP being monitor locative nouns causality TO increase incidence IN body nouns URL,1
nnp nnp being go TO consequential DT nnp nouns causality TO VB PRP Have TO nnp nouns VBZ DT body nouns order nouns RB VB nouns,1
PRP$ comerederie Have DT body nouns CC VBZ RB treatment DT VBZ dispersal,1
WRB adjectives adjectives mortality vfrom nutrition nouns CC DT body nouns CC negator nouns MD VB PRP$ obligative nnp,1
USR USR UH UH PRP$ nouns nouns nouns PRP Have DT body nouns DT Temporalwindow IN WP DT nouns Othertemporalreferences humour,0
adjectives nnp nouns humour UH PRP$ nouns adjectives body PRP$ body nouns VBZ worsen IN Temporalwindow,0
nnp nnp body VBZ PRP$ nouns nouns frequency duration PRP VBD DT nouns IN PRP duration PRP Have DT body nouns CC morbidity duration PRP,0
PRP consequential obligative IN DT body nouns CC PRP$ people VBZ VBG PRP nouns PRP$ nouns nouns awareness WRB nouns VBZ IN locative nouns,1
MD extent VB VBG body nouns causality nnp VBZ adjectives adjectives treatment IN PRP RB IN PRP odor like morbidity nnp,0
nnp PRP Have DT body nouns CC PRP$ nouns VBZ nouns URL,1
opinion PRP Have DT body nouns,1
UH VBP get DT adjectives feeling PRP Have order PRP get DT body nouns nnp,0
body nouns Have PRP UH UH adjectives HT feeling DT extent adjectives CC PRP$ nouns URL,1
VB RP IN DT body nouns gratitude diety PRP VBD DT nnp MD nouns VB DT adjectives nouns IN DT Temporalwindow mortality nnp,1
nnp PRP Have nouns CC DT body nouns IN IN being adjectives nouns VB TO PRP$ nouns CC VB nouns nouns,1
gratitude diety PRP VBD extent PRP$ obligative IN Temporalwindow VBP VBN IN DT body nouns nnp,1
nnp WP DT expletive being body nouns,0
DT body nouns VBZ TO go RB VBP being adjectives,1
adjectives victim IN DT body nouns nnp,1
PRP VBP awareness WP being IN DT nouns body adjectives HT being DT adjectives treatment vfor DT body nouns,1
nnp nouns VB VB RB DT body nouns nouns,1
VBP VBN RP morbidity CD nouns CC VBP extent being IN obligative vfor CD nouns gratitude PRP body nouns,1
PRP frequency VBP get DT body nouns,1
gratitude TO PRP$ adjectives adjectives relationships PRP Temporalwindow Have DT body nouns USR,1
nnp DT body nouns being DT adjectives nouns CC VBZ adjectives,1
VBG DT nouns IN PRP$ CD adjectives relationships being extent nouns CC nouns duration DT body nouns incidence,1
RB negator adjectives body nouns nouns nouns Have PRP DT go RB feeling adjectives adjectives PRP MD VB PRP DT RB adjectives Othertemporalreferences nouns feeling morbidity,1
PRP VBP VBG DT body nouns,1
VB nnp body nouns go nouns method nnp,1
DT body nouns VBP negator nouns CD Othertemporalreferences DT Othertemporalreferences VBD,1
adjectives nnp body nouns being DT nouns,1
USR USR DT body nouns,0
nnp VBG DT body nouns VBD probability CD IN DT adjectives nouns VBP VBD nnp,0
PRP obligative Have VBN IN locative IN relationships VBD VB VBG PRP PRP Have DT body nouns CC PRP VBD nouns VB PRP RP,1
VBP negator VBN DT nouns PRP Have DT body nouns CD Temporalwindow RB CC Temporalwindow PRP Have DT adjectives extent nnp,1
PRP Have being morbidity IN DT body nouns extent nouns PRP feeling like DT VBG mortality,1
USR USR PRP Have body nouns extent adjectives order DT nouns nouns RB VBD DT nouns vfor DT treatment WDT ending DT morbidity,1
nnp body nnp being consequential nouns nouns IN CD nnp people being morbidity IN DT body nouns CC nouns URL,1
USR VB DT body nouns VBZ nouns adjectives,0
body nouns VB adjectives URL,1
WRB PRP get VBD RP IN obligative vfor VBG DT body nouns UH,1
body nouns RB nnp nnp feeling morbidity,0
nnp get DT body nouns IN vfor extent IN PRP$ nouns VBZ Temporalwindow nouns IN IN PRP$ nouns USR USR USR,1
calls calls calls negator DT body nouns frequency,1
body nouns treatment nnp nouns nouns HT URL,0
body nouns incidence VBZ IN nnp nnp URL,1
VBG nouns extent Temporalwindow CC bodyfunction CD VBP DT body nouns order nouns,1
nouns DT body nouns,1
USR USR body nouns RB VBZ,0
USR USR USR PRP Have DT body nouns PRP VBP,1
USR VB DT VB being IN VBG DT RB RB frequency VBZ adjectives nouns VBG IN DT body nouns CC nouns,0
nouns IN locative CC VB locative like PRP get DT body nouns nnp,1
HT opinion VBG DT Temporalwindow VBG PRP Have DT body nouns URL,1
order Temporalwindow PRP VBD DT VBP extent Have DT body nouns frequency IN PRP$ nouns CC VBP CD opinion PRP RB VBD RP IN DT body nouns HT,1
MD DT body nouns go RB PRP Have DT nouns Temporalwindow UH,1
body nouns nouns RB health nnp,1
nouns IN PRP$ nouns Have CC Have Have DT body nouns DT nouns RB VBG TO get PRP VBP PRP Have DT feeling VBP VBG get PRP DT nouns,1
PRP MD get extent nouns IN body nouns IN DT order Temporalwindow VBD locative nnp,1
nnp VBP DT body nouns vfor VBG PRP consequential CD Temporalwindow IN locative IN DT nouns RB opinion IN VBG RP nouns PRP RP nnp,1
body nouns nouns VBP method TO VB PRP$ locative nnp TO VB PRP$ nouns nnp nnp,0
VBG DT environment CC DT body nouns IN DT adjectives Othertemporalreferences extent morbidity nnp,1
nnp VBZ DT body nouns UH PRP VBD feeling RB adjectives order Temporalwindow body PRP opinion PRP VBD causality PRP VBD adjectives,1
nnp nouns VBZ method extent DT nouns body PRP Continuance VBP Have nouns vfor CD nouns body nouns vfor CD RB Have nouns vfor CD,1
WRB PRP locative IN body nouns VBZ adjectives nouns being VBG ChangeTempo URL,1
VB TO DT body nouns vfor VBG PRP evaluative CD morbidity nnp,1
nnp get PRP adjectives PRP VBP adjectives TO VB RB body IN nouns PRP get DT adjectives body nouns DT order Temporalwindow IN nnp nnp,1
USR morbidity people probability bodyfunction WDT PRP VBP PRP VBP negator Have DT body nouns nnp,0
nouns WP Have Have DT body nouns nouns calls calls nnp,1
nnp nnp VBP get DT body nouns nnp PRP extent obligative nouns Temporalwindow,1
WP VBZ DT body nouns DT Temporalwindow PRP Have DT nouns nnp,1
PRP VBP IN PRP Have DT body nouns PRP probability VB IN VBP negator VBG TO VB RP RB rb IN PRP RB VBD,1
VBP opinion IN PRP VBD DT immunity TO DT body nouns CC PRP probability VB DT frequency go locative IN nnp CC PRP VBP,0
order Othertemporalreferences locative duration body nouns CC nouns nouns HT URL,1
nnp morbidity IN DT body nouns vfor DT order Othertemporalreferences DT nouns nouns get PRP IN IN Temporalwindow RB adjectives negator VBG DT obligative WRB PRP go RB,1
WRB adjectives relationships IN nouns being morbidity IN DT body nouns IN PRP VBP PRP$ nouns RB IN nnp CC nnp UH HT,1
locative IN DT body nouns nnp MD RB RB VB IN PRP$ nouns HT,0
nouns PRP VBP PRP VBD RB adjectives body nouns extent nouns,1
expletive body nouns calls go RB,1
body nouns Continuance nnp,1
UH USR DT nouns TO adjectives nouns WRB PRP Have DT body nouns HT HT,1
apologetic IN VBP being RB adjectives nouns nouns morbidity WRB PRP VBP DT body nouns nnp,1
WRB PRP Have DT body nouns VBZ DT Othertemporalreferences PRP VBP RP PRP$ nouns VBZ RB adjectives nnp RB need TO VB RP IN DT nouns nouns mortality,1
VBG DT body nouns nouns VBP,1
order Temporalwindow IN nouns adjectives Temporalwindow IN CD IN PRP$ nouns CC PRP activity RP IN DT expletive body nouns WP nouns,1
VBP morbidity IN DT body nouns nnp DT nouns,1
USR USR VBZ like PRP negator DT body nouns MD VB PRP nnp body WP VBZ,0
nnp RB VBG nnp opinion PRP$ VBG DT adjectives nouns PRP VBP DT body nouns VBP PRP MD VB IN PRP IN DT nouns body VBP extent order nouns,1
nnp DT Temporalwindow locative DT body nouns nouns DT being DT adjectives nnp adjectives IN DT PRP opinion PRP extent Have DT adjectives Temporalwindow,1
body nouns get RB vfrom nouns,1
PRP VBD VBG adjectives morbidity Temporalwindow CC PRP opinion PRP VBD IN nouns RB body PRP VBZ RP PRP Have body VBD DT nouns nnp,1
IN PRP Have DT body nouns VBZ nouns nnp,1
DT body nouns nouns PRP opinion PRP VBD mortality nouns VBD RP CD nouns IN CD nouns VBP VBG DT nouns nouns RB vfrom Temporalwindow nnp,1
adjectives UH get IN nouns adjectives nouns WDT PRP get vfrom nnp nnp PRP VBD PRP morbidity RB opinion PRP feeling adjectives nouns,1
USR gratitude PRP vfor nnp VBP locative morbidity IN body nouns PRP VBD ability TO VB IN VBG nouns nnp,1
opinion PRP Have DT body nouns,1
advisory TO VB PRP IN DT adjectives nouns VBN IN DT body nouns nnp nnp,1
USR PRP Have get DT body nouns nouns RB magnitude nouns PRP$ nouns nnp VBP nouns,1
PRP$ nouns IN VBG nouns CC nouns frequency DT Temporalwindow Have evaluative causality IN DT body nouns UH,1
PRP MD bodyfunction nouns IN IN DT expletive body nouns,1
body nouns incidence VBZ IN HT URL method USR HT,1
PRP frequency VBD IN VBG DT body nouns humour IN PRP Temporalwindow nnp,1
nnp Temporalwindow IN DT body nouns IN CD nouns IN nouns nouns nouns nouns HT HT HT,1
VBD PRP$ obligative body PRP VBP Continuance RB morbidity causality nnp give PRP DT body nouns nouns,1
body nouns MD VB RP DT nouns nnp URL,1
RP adjectives CC feeling CD nouns PRP feeling RB adjectives TO like nutrition frequency UH PRP being RP IN DT body nouns nouns URL,1
VB PRP VB PRP IN DT exclamative nouns evaluative DT extent nouns nouns IN CD Temporalwindow VBZ VBN DT body nouns CC MD extent VB RB adjectives,0
VB PRP frequency VBP DT nouns UH body nouns nnp,1
PRP Have body nouns,1
VBP adjectives PRP VBD DT nouns IN HT nouns DT nouns RB IN feeling adjectives body nouns get PRP RB VBP treatment duration nouns nnp,1
PRP$ urbanrural adjectives people IN DT body nouns MD VB nouns nouns,1
nouns IN VBG TO VB nouns extent like nouns PRP obligative quantisation RP DT nouns vfor DT body VBD DT nouns MD VB DT adjectives locative,0
expletive DT body nouns nnp,1
nnp nnp VBG RP nouns body get DT body nouns VBD negator WP PRP VBP VBZ like DT RB adjectives nouns URL,0
VBP VBG get PRP extent treatment CC nouns nouns CC VB DT body nouns RB IN IN PRP,1
nnp Temporalwindow CD IN DT body nouns nnp,1
Have DT body nouns RB adjectives nouns VBP Continuance VBG DT morbidity nouns CC VBP RB morbidity PRP RB Have TO VB DT nouns vfrom VBG PRP$ nouns,1
Temporalwindow CD IN DT body nouns VBD PRP CD nouns TO bodyfunction PDT DT nouns DT adjectives nouns,1
nnp opinion DT body nouns being DT adjectives TO get CC IN nouns RB PRP$ nouns,1
RB calls PRP IN PRP get DT body nouns VBZ VBG get DT nouns VBP,0
nnp DT adjectives nouns vfor DT body nouns nnp nnp nnp,1
body nouns incidence VBZ IN nnp nnp nnp USR,1
UH calls VB TO get body nouns UH PRP Have nouns nouns nouns nouns,1
PRP get DT body nouns,1
nnp RB morbidity IN DT body nouns,1
VB PRP Have DT body nouns body PRP Continuance Have TO go TO obligative vfor obligative IN Medicalstaff VBP VB morbidity nouns nnp,1
VB TO DT USR vfor VBG PRP$ body nouns IN FW PRP DT nouns relationships nnp,1
USR PRP RB VBP locative morbidity IN DT body nouns UH,1
UH nouns apologetic PRP VBD nouns nouns PRP Have DT body nouns RB DT nouns Temporalwindow being nouns HT,1
PRP opinion PRP get body nouns nouns,1
body nouns nouns,1
nouns Have DT body VBD DT nouns WDT VBP IN PRP$ nouns HT HT HT,1
VBP opinion PRP$ nouns VBD DT body nouns vfrom nouns Temporalwindow PRP Have PRP nnp HT HT,1
get DT environment CC nouns IN PRP$ locative being get DT body nouns adjectives nouns RB WP PRP need IN DT morbidity nouns,1
body nouns incidence VBZ IN nnp nnp HT HT HT,1
PRP opinion DT body nouns Have RB adjectives PRP probability RB attempt TO bodyfunction nouns TO VB PRP nnp nnp,1
PRP opinion DT body nouns Have RB adjectives PRP probability RB attempt TO bodyfunction nouns TO VB PRP IN,1
VBG DT body nouns IN locative being DT nouns,1
UH vfor DT body nouns nnp,1
PRP RB need DT body nouns TO VB VBG IN PRP MD go TO locative CC obligative nouns VBP nouns frequency,1
body nouns incidence VBZ IN nnp nnp URL,1
method PRP VBP WRB PRP get DT body nouns CC nouns,1
body nouns incidence VBZ IN nnp nnp URL,1
nouns PRP opinion PRP$ nouns VBP give PRP DT adjectives body nouns nnp,1
PRP RB affection VBG DT body nouns,1
adjectives morbidity extent nnp VBD VBG order Temporalwindow VBG IN PRP probability VB nouns PRP get DT body nouns IN DT nouns body PRP RB VBP feeling adjectives,1
nouns Have DT body nouns IN nouns VBP Temporalwindow PRP Have PRP VBD RP extent nouns nouns IN PRP Have obligative CD,1
body nouns incidence VBZ IN nnp DT body nouns incidence VBG adjectives URL,1
order nouns IN nnp CC PRP Have body nouns nouns,1
WRB RB DT people IN PRP$ relationships VBG PRP Have DT body nouns,1
morbidity morbidity nouns body nouns nnp,1
body nouns incidence VBZ IN nnp nnp nnp URL,1
USR PRP Have DT body nouns CC PRP MD VB PRP feeling rb IN PRP RB VBN CC VB PRP PRP VBP PRP nnp,1
body nouns incidence VBZ IN nnp nnp URL,1
body nouns being magnitude adjectives nouns nouns,1
PRP opinion PRP Have body nouns nnp,1
adjectives nouns DT nouns PRP VBP RB Have DT body nouns,1
Have DT body nouns vfor CD nouns body VBP VBG adjectives Temporalwindow URL URL,1
WP DT nouns give PRP DT body nouns nnp,1
nnp VBZ being morbidity nouns body PRP opinion PRP VBD IN PRP get DT body nouns DT VBD DT adjectives CD adjectives nouns IN PRP$ nouns,1
victim IN DT body nouns DT VBZ feeling adjectives CD extent,1
USR opinion PRP Have nnp PRP$ body nouns PRP RB VBD RP frequency,1
USR PRP VBD PRP$ nouns extent DT Othertemporalreferences IN PRP VBD RB adjectives PRP MD get DT body nouns,0
nouns mortality PRP PRP Have DT body nouns,1
Medicalstaff obligative VBD VBN duration nouns PRP extent VBP PRP go nouns causality order DT adjectives PRP$ VBP negator body nouns,0
PRP VBP IN like PRP IN adjectives IN VBN nouns body adjectives PRP RB frequency Have DT body nouns WRB PRP go TO VB,0
being PRP probability TO get body nouns IN nouns IN adjectives nouns CC VBP PRP RB adjectives nouns nnp,1
VBG PRP$ locative PRP Have CD VBG nouns nouns IN nouns CC DT body nouns nouns nnp nnp nouns,1
RB feeling RB order DT nouns IN vfrom DT body nouns HT HT HT,1
PRP VBP frequency WRB PRP opinion PRP Have nutrition nouns CC PRP VBD RB body nouns nnp frequency VBP nnp,0
RB TO VBG PRP$ nouns RB nouns DT body nouns being mortality PRP VBP,1
nouns IN VBG DT body nouns PRP get TO VB locative vfrom locative CC VB adjectives nnp nouns PRP VBP RP DT nouns duration adjectives nnp,1
UH PRP opinion PRP Have DT body nouns nnp,1
DT nouns being VBG RP TO VB DT adjectives expletive IN FW DT body nouns being go CC PRP$ nouns URL,1
PRP$ relationships opinion PRP Have adjectives nouns VBN RP TO VB DT body nouns method VBD PRP detect IN PRP give PRP TO VB nnp,1
opinion get DT body nouns nnp,1
PRP like TO give DT adjectives expletive PRP TO WP give PRP DT body nouns,1
Have DT body nouns ending,1
USR VB PRP RB VBN method adjectives PRP VBP being locative people WP Have DT body nouns IN PRP opinion nnp adjectives IN Temporalwindow,1
WP nouns IN adjectives nnp VBD PRP VBP TO get DT body nouns nnp,1
body nouns being negator adjectives humour,1
frequency PRP get IN DT body nouns being ability TO VB PRP$ nutrition IN VBZ DT nouns,1
USR body nouns being DT nouns feeling adjectives URL,1
PRP$ nouns magnitude Have DT body nouns CC VBP VBN CC method extent nouns IN DT nouns DT nouns being VBG consequential nouns VBP opinion vfor DT nnp,1
RB mortality RB nouns vfor DT body nouns nouns nnp USR humour,1
USR nouns PRP body nouns,1
nnp Have negator VBN DT nouns duration nnp nnp VBD extent nouns IN DT body nouns Temporalwindow VBZ nnp,0
UH PRP RB VBP nouns TO morbidity RP CC PRP Have DT body nouns nnp,1
USR body morbidity CC body nouns IN PRP$ VBG PRP$ nouns frequency,1
nnp RB adjectives nouns PRP VBP get DT body nouns VBZ being go locative Temporalwindow,1
VBP being IN DT nouns nouns vfor CD nouns CC PRP Continuance VBZ VBN PRP RB,1
PRP RB VBD PRP VBD DT nouns DT extent Othertemporalreferences PRP Have DT body nouns CC PRP VBP adjectives,1
nnp body nouns nouns VBP nouns,1
VB PRP$ relationships PRP opinion VBP get DT body nouns VBZ PRP VBD PRP TO go bodyfunction adjectives IN method adjectives gratitude VBP,1
HT causality morbidity CC fear being RB IN adjectives nouns vfor negator go TO locative IN DT environment CC body nouns,0
PRP Have DT body nouns CC VBP RB mortality IN morbidity,1
PRP opinion PRP probability Have being adjectives nouns nouns Have PRP negator VBG vfor like CD nouns PRP VBD RB adjectives nouns,1
DT body nouns being UH nnp nnp,1
PRP opinion nnp nnp dispersal PRP PRP$ adjectives body nouns PRP$ expletive feeling like nouns VBG DT expletive IN IN PRP nnp,1
body nouns nouns CD nnp,1
USR PRP Have DT body nouns,1
PRP VBP opinion DT nouns being VBG PRP$ body nouns,1
PRP RB VBD PRP$ relationships CC VBD PRP Have DT body nouns humour UH PRP,1
extent PRP MD get DT body nouns nouns Have DT Predisposition morbidity DT adjectives nouns PRP$ CD adjectives relationships get nouns CC nouns md nouns VBP RB,1
nnp Have DT body nouns body activity USR detect nouns nouns VBD PRP VBP HT,1
PRP VBP PRP body nouns VBD PRP$ nouns nouns nnp nnp,1
nnp give PRP DT body nouns nnp,1
DT body nouns being adjectives,1
RB opinion PRP Have DT body nouns nutrition VBZ VB PRP morbidity RB nouns,1
body nouns morbidity nnp PRP incidence PRP RB RB,1
nouns VBZ DT body nouns feeling adjectives IN PRP VBP awareness WP PRP Have PRP negator nutrition nouns nnp,0
body nouns being DT nouns,1
PRP VBD RB opinion DT VBD DT body nouns nnp URL,0
WRB PRP get DT morbidity vfrom PRP$ nouns body CC DT body nouns IN DT adjectives Othertemporalreferences nnp,1
VBG TO VB treatment IN DT RB CD Othertemporalreferences adjectives duration morbidity IN DT body nouns being negator adjectives nouns,1
recovery vfrom DT magnitude presentation body nouns IN PRP$ nouns PRP go RP IN people CC people morbidity extent locative nnp UH nnp,1
RB VBD DT nouns IN DT CD nnp PRP IN biologicalsubstance WRB VBP HT get body nouns test nnp VBD VBG nnp URL,0
UH DT adjectives body nouns,1
WP give PRP DT body nouns PRP VBP PRP,1
MD get DT body nouns CD nouns nouns,0
PRP$ body nouns being go CC extent PRP need TO VB being VBN PRP$ nouns body VBZ IN nouns,1
PRP VBD DT body nouns vfrom DT nouns IN expletive nouns md VB PRP VBP,1
nnp RB opinion PRP get DT body nouns order magnitude Temporalwindow MD TO VB VBN,1
body nouns VBD extent duration PRP VBZ UH VBG nnp,1
RB morbidity UH VBP DT body nouns PRP RB get IN PRP VBZ PRP VBD frequency nnp,1
DT body nouns being negator humour,1
WRB PRP get DT body nouns CC PRP$ relationships VBZ CD nouns TO VB VB treatment IN PRP nnp nnp,1
nouns PRP Have DT morbidity CC body nouns IN adjectives PRP VBD VBG CC morbidity IN DT adjectives nouns CC nouns VBD RB adjectives VB ending VBG,1
being DT nutrition nouns being PRP DT body nouns CC being DT nouns,1
gratitude TO DT body nouns PRP VBP VBN PRP$ locative RB nouns CC PRP VBP negator VBG CD,1
UH PRP MD opinion PRP get DT body nouns nnp nnp,1
UH TO DT body nouns,1
IN Temporalwindow PRP VBD nnp nouns causality PRP Have DT body nouns nouns Temporalwindow VBZ IN PRP$ method TO VB PRP treatment IN PRP give PRP DT body nouns nnp,1
RB VBD DT adjectives body nouns PRP$ relationships VBD PRP VBP RB RB morbidity RB Temporalwindow PRP being RB,1
DT body nouns being CD IN DT adjectives nouns VBP frequency Have TO VB frequency nnp,1
IN PRP Have DT body nouns,1
being locative DT body nouns go locative IN PRP VBP PRP probability Have PRP,1
VBD VBG go IN DT nouns body PRP get DT body nouns RB Temporalwindow VBZ extent negator need,1
USR USR USR VB VB PRP PRP MD VB PRP VBP Have DT body nouns,0
PRP get DT body nouns like frequency VB PRP,0
IN locative morbidity vfrom body nouns CC extent PRP need being extent adjectives nouns nouns,1
body nouns RB order nouns nouns being DT nouns DT nouns TO extent nouns like nouns,1
PRP$ nouns locative IN VBZ VBN nnp Have DT body nouns body PRP$ relationships VBD VBZ RB recovery body VB WRB VBZ VBG DT healthfacility,1
nnp VBD VB PRP VB nouns CC extent PRP$ nouns being IN method adjectives PRP being IN get DT body nouns CC PRP VBP,0
go vfrom VBG DT body morbidity adjectives TO body nouns nnp,1
body nouns vfor nouns,1
gratitude TO DT body nouns VBP Temporalwindow DT adjectives nouns IN USR,1
nnp nouns IN RB VBG DT body nouns CC PRP VBG TO VB nouns PRP VBD TO Have DT magnitude expletive nouns adjectives nouns nouns nouns,1
VBP Have CD nouns VBN nouns nouns PRP Have CD order nouns PRP give PRP IN CD nouns order PRP get DT body nouns,1
USR VBD DT body nouns feeling adjectives,1
VBG PRP VBG expletive adjectives Temporalwindow nouns IN body nouns CC nnp nnp being VBG VB adjectives IN DT nouns nouns nouns,1
PRP MD VB VBG DT Temporalwindow PRP Have DT body nouns VBG being IN IN DT nouns nnp nnp,1
being VBG RP extent Temporalwindow IN body nouns VBP mortality,1
body nouns Have PRP VBG TO bodyfunction nouns TO VBG RP nouns nnp,1
nnp negator opinion IN md VB adjectives VBP negator feeling adjectives IN nouns RB opinion PRP Have DT body nouns frequency,1
USR DT being nouns PRP MD VB DT adjectives environment IN body nouns DT nouns,1
being morbidity IN DT nouns being negator nouns adjectives vfor PRP$ exclamative relationships WP Have being VBG nouns duration DT body nouns incidence PRP nnp,1
body nouns incidence PRP IN adjectives nouns Temporalwindow nouns nnp,1
adjectives nouns Have DT Temporalwindow IN PRP Have DT adjectives body nouns MD VB nouns VBD adjectives treatment extent nouns,1
method VBZ CD probability get DT body nouns environment CC adjectives body IN DT CD Temporalwindow body PRP VBP adjectives,1
USR RB DT body nnp nnp CC nnp being WP nouns Have nnp RB,1
nouns being get DT body nouns VBP VBG Have TO RB VB PRP VBP PRP$ nouns locative CC PRP MD mortality PRP,1
VBP apologetic PRP VBD go Temporalwindow IN PRP get DT body nouns,1
nnp nnp nnp nnp PRP being nnp nnp people nnp PRP Have VBN morbidity IN extent body nouns PRP Have being morbidity magnitude IN DT nouns,1
nnp RB VB PRP MD VB DT body nouns CC incidence PRP$ nouns nouns,1
nnp give PRP DT body nouns nouns VB PRP vfor PRP PRP RB morbidity,1
VBG RP IN nnp nnp incidence CD duration VBG TO VB RB DT body adjectives nnp PRP$ taste being adjectives,1
Temporalwindow CD IN extent relationships nouns IN body nouns give PRP DT nouns TO obligative IN HT nouns HT,1
USR method being body nouns UH,1
body nouns get PRP like nnp HT HT,1
UH vfor DT body nouns,1
nnp calls PRP$ nouns method MD PRP CC nnp nnp nnp magnitude VB RP IN DT body nouns IN CD nnp DT nouns URL,1
USR expletive UH UH DT body nouns go locative VBP RB anger,1
body nouns nouns VBP method TO VB PRP$ locative nnp TO VB PRP$ nouns nnp nnp,0
RB opinion PRP Have DT body nouns,1
body nouns CC nouns get PRP like nouns,1
PRP RB dispersal DT body nouns DT Temporalwindow order PRP$ order CD nouns IN DT nouns RB nnp MD VB,1
nouns nnp method TO quantisation IN IN PRP Have DT nouns CC body nnp nnp HT,1
nouns VBZ RB DT nouns worsen IN DT body nouns,1
PRP VBZ DT body nouns,0
USR UH nnp body nouns,1
body nouns expletive,1
VBG DT adjectives nouns DT morbidity vfrom VBG VBZ PRP$ nouns DT adjectives nouns CC nouns IN gratitude vfor VBG PRP DT nouns body nouns HT,1
Temporalwindow WP body nouns nnp,1
VBP PRP extent Have DT body nouns nouns,1
PRP CD IN nouns IN VBG DT body nouns nnp URL,1
PRP get DT body nouns DT Temporalwindow order nouns nnp,1
body nouns duration PRP$ order nouns nouns IN nouns exclamative method nnp,1
nnp body nouns PRP$ body being RB anger RB RB,1
nouns frequency adjectives TO VB nouns nouns IN PRP VBP PRP PRP Have body nouns nnp,0
adjectives nouns PRP Have DT body nouns DT Temporalwindow IN CD IN PRP$ nouns,1
PRP$ adjectives relationships CC PRP$ relationships Have DT body nouns RB VBP opinion DT nnp VBD get morbidity IN RB VBP order nnp,1
VB DT body nouns Have incidence DT nouns VBZ opinion PRP MD VB PRP RB vfrom nnp,1
body nouns being go locative CC PRP$ people being feeling PRP,1
VBZ RP IN VBP get DT body nouns IN md VB go extent nouns,1
nnp nnp body nouns IN PRP go TO VB nouns md VB RB,0
MD VB TO get body nouns Temporalwindow UH nnp,1
nnp nnp nnp treatment nnp extent vfor nnp nnp body nouns CC nnp nnp URL,0
USR USR DT adjectives nouns being DT body nouns,1
VBZ negator adjectives Othertemporalreferences vfor DT body nouns IN nouns VBP nnp,1
PRP Have body nouns UH,1
VB IN DT body nouns UH nnp nnp,1
RB VB IN nouns IN body nouns RB VBZ nouns CC nouns WP VBP VBG IN RB RB extent IN nnp,1
USR PRP opinion VBZ DT body nouns IN PRP VBP morbidity RB body PRP feeling like VB IN TO,1
order VBG PRP$ body nouns DT extent nouns VBZ RB VBN Temporalwindow nnp,1
opinion PRP get DT adjectives body nouns,1
USR body nouns being VBG CC VBG duration order nouns VBN IN IN DT nouns,1
order PRP Have DT nouns RB PRP Have DT body Temporalwindow PRP Have DT body nouns VBZ DT environment nnp,1
nnp people negator VB DT nouns nouns VBP negator preventive body nouns PRP opinion DT VBD adjectives nouns nnp nnp being RB DT nouns,0
PRP RB Have DT body nouns CC VBD RP nouns Temporalwindow body Temporalwindow VBP adjectives nouns PRP$ Temporalwindow,1
nnp VBP opinion VB IN DT body VBD PRP VBD RB adjectives IN PRP$ Othertemporalreferences PRP VBP nnp,1
USR PRP Have DT body nouns CC get RB adjectives IN nouns CD PRP$ body VBZ RP RB IN treatment VBN RP TO nnp nnp,1
PRP$ relationships Have DT body nouns CC Temporalwindow nouns IN PRP$ relationships being get DT body nouns nnp,1
USR IN VBG expletive TO PRP VBD PRP get DT body nouns MD Have PRP extent DT Othertemporalreferences nnp,0
DT body nouns being adjectives RB duration nouns nouns nnp,1
nnp body nouns being like VBG DT nouns IN VB DT CD VBG DT nnp nouns IN magnitude adjectives HT,0
VBP frequency Have DT body nouns order Temporalwindow CC PRP morbidity,1
Continuance adjectives VBP PRP Have TO VB DT CD TO get DT body nouns,1
nnp RB like VBG IN adjectives body nouns body adjectives nouns,0
DT body nouns being PRP$ magnitude adjectives nouns PRP RB VBP RB nouns TO negator Have PRP$ body IN DT nouns,1
adjectives VBP RB feeling adjectives body nouns being DT nnp nnp,1
PRP$ nouns Have being method PRP$ nouns IN DT extent body nouns nouns PRP affection nnp nnp,1
RB negator extent VBP PRP immuneresponse RP DT body nouns body PRP opinion PRP Have DT nouns IN nouns nnp,1
opinion PRP get DT body nouns nnp,1
body nouns VBP negator humour nnp,1
WRB VBP RP IN CD causality VBP being IN locative duration CD IN DT body nouns,1
vfor DT nouns nnp extent VBZ Have DT adjectives body nouns CC PRP VBP URL,1
DT body nouns being probability DT nouns adjectives mass VBD method HT HT,1
expletive DT body nouns nnp,1
USR nouns VBG RP CD nouns IN morbidity CC CD nouns IN being body adjectives nouns,1
PRP get body nouns order nouns CC Temporalwindow PRP Have nutrition nouns VBZ negator PRP$ responsibility PRP$ body CC immunity nouns VBZ PRP nnp,1
body nouns nnp,1
adjectives nouns affection TO analysis vfor PRP$ order nouns body PRP VBP PRP RB treatment TO get DT environment CC body nouns IN adjectives adjectives IN PRP VBP nouns,1
nnp nouns IN PRP Have VBN order nouns PRP Have DT body nouns CC DT nouns PRP Have nnp,1
probability Have DT expletive body nouns,1
IN nouns PRP get DT body nouns duration nouns nouns affection PRP$ nouns,1
extent IN VBP get DT body nouns VBP go TO nnp,0
body nouns negator humour nnp,1
extent VBD DT body nouns nouns TO PRP VBG locative IN nnp CC get CD adjectives nouns IN obligative health IN PRP$ locative nouns,1
PRP adjectives PRP Have DT body nouns causality PRP RB VBP nouns mortality nouns causality IN nouns,1
DT body nouns being go locative PRP$ locative nouns CC PRP$ negator DT nouns,1
PRP$ relationships CC relationships Have DT body nouns PRP opinion TO diety PRP VBP get adjectives nnp,1
UH nouns being get DT body nouns RB Temporalwindow,1
USR PRP get DT body nouns nnp,1
body nouns mortality PRP nnp,1
RB VB PRP VBG VB RP vfor nouns causality IN DT expletive body nouns,1
PRP opinion PRP Have DT body nouns,1
USR nnp treatment IN nnp VBZ like PRP Have DT incidence IN body nouns WRB people being adjectives,0
people IN DT body nouns rb VB RB vfrom nnp,1
affection VBG DT body nouns,1
expletive DT body nouns,1
nnp nouns PRP Have DT body nouns nnp URL,1
USR PRP Have DT body nouns IN PRP VBD locative,1
DT body nouns MD VB PRP$ Temporalwindow,1
WRB PRP$ extent relationships VBZ DT body nouns,1
VBG DT analysis nouns duration VBG DT body nouns being frequency extent nnp nnp UH,1
nnp adjectives CD nouns PRP get DT body nouns duration nouns MD PRP VB DT nouns,1
PRP opinion body nouns VBD extent VBP TO order CD nouns HT,1
Temporalwindow VB IN nouns IN nouns nouns body nouns UH,1
expletive expletive nouns PRP$ relationships CC relationships Have DT expletive body nouns CC Temporalwindow VBP VBG get DT expletive,1
body nouns being DT nnp nnp,1
USR UH DT body nouns MD VB extent adjectives nouns VB VBG vfor PRP VBP opinion PRP treatment extent nouns nouns opinion PRP feeling adjectives nouns,1
VBZ vfrom relationships causality PRP extent Have DT body nouns CC PRP Have CD adjectives nouns nnp,1
USR PRP Have DT body nouns,1
USR VBP PRP opinion VBZ DT body nouns,1
nnp Have DT body nouns PRP obligative treatment PRP RP IN PRP$ nouns humour,0
WRB VBP adjectives nouns VBP TO adjectives nouns like DT body nouns CC locative extent being CD nouns IN DT nouns,1
PRP VBP Have DT body nouns duration adjectives locative CC PRP get PRP adjectives DT being DT adjectives nouns frequency,1
WRB PRP RB get PRP$ nouns RB order DT body nouns nnp,1
adjectives nouns IN adjectives body nouns,1
opinion PRP VBD DT body nouns humour,1
USR UH UH body nouns,1
order PRP Have DT body nouns Temporalwindow VBP DT environment nouns nnp,1
CD people IN DT locative Have get DT body nouns IN adjectives nnp relationships being DT extent CD VBD humour,1
PRP opinion PRP VBG RP IN DT body nouns,1
VBP mortality nouns IN TO VB DT nouns CC go TO VB DT being PRP$ adjectives nouns nouns DT body nouns get PRP IN morbidity nnp,1
VB IN nouns PRP RB get IN DT body nouns nnp nnp,1
WRB PRP$ nouns nouns nouns body get DT body nouns nnp,1
negator nnp mortality nouns being VBG DT body nouns vfor CD Temporalwindow Temporalwindow nnp,1
VBZ PRP VB PRP DT adjectives people TO opinion PRP$ nouns Continuance Have DT body nouns IN obligative VBZ consequential frequency vfor nouns nnp,1
USR PRP Have DT body nouns,1
PRP awareness WP DT adjectives nouns VBG nouns nouns IN DT body nouns HT,1
nnp PRP consequential nnp like PRP consequential body nouns IN nouns negator IN nnp,0
VBG IN DT body nouns frequency VBZ PRP frequency IN PRP$ nouns,1
DT body nouns being VBG vfor PRP USR,0
PRP VBZ PRP$ nouns method VBP go vfrom VBG DT body morbidity TO DT body nouns IN CD nouns,1
PRP VBP VBG DT body nouns UH,1
visual nouns CC nouns PRP opinion PRP Have DT body nouns nnp,1
DT body nouns being RB adjectives IN PRP VBP RB Have DT nouns CC nouns TO opinion IN nouns being DT method PRP extent nouns,1
UH nnp DT Othertemporalreferences vfor DT body nouns nnp,1
USR body PRP MD get DT body nouns vfrom DT RB adjectives,0
USR VBD PRP Continuance VBG duration IN DT adjectives nouns IN DT body nouns,0
WRB PRP VBD negator nouns PRP VBD VB give PRP DT body nouns,1
UH body nouns VBD vfor PRP$ frequency nouns CD,1
VBG DT body nouns vfrom DT adjectives nnp nnp nouns VBZ adjectives nouns TO DT nouns nnp VBZ IN nnp nnp,1
diety apologetic vfor nouns IN nouns body nouns incidence PRP like nnp CC nnp nnp,1
IN magnitude WRB PRP Have DT body nouns PRP MD RB VB DT expletive environment VBZ PRP nnp,0
USR PRP feeling IN PRP VBD morbidity IN DT body nouns like order nouns CC Have TO morbidity IN DT nouns nnp,1
PRP get IN DT body nouns IN DT Temporalwindow Temporalwindow PRP feeling extent,1
locative nouns vfor body nouns HT HT HT URL URL,0
USR PRP MD VB RP IN DT adjectives body nouns IN DT nouns IN DT Temporalwindow,0
gratitude TO WP give PRP DT body nouns nnp,1
nouns body CC Temporalwindow DT body nouns PRP VB,1
PRP VBP negator RB health extent TO VB PRP IN DT body nouns RB Temporalwindow,1
USR UH DT nouns obligative VB RP PRP$ nouns WRB PRP Have DT body nouns nnp,1
negator body nouns PRP being negator VB locative USR,1
DT body nouns being VBG DT nouns IN PRP$ locative PRP adjectives VBZ opinion PRP VBP VB DT IN PRP Have negator Othertemporalreferences vfor nnp,1
PRP$ adjectives affection Have PRP$ order body nouns,1
body nouns VBD DT nouns,1
CD advisory vfor recovery DT body nouns vfrom DT treatment relationships URL,0
adjectives VBG TO VB nnp being worsen IN DT body nouns,0
nouns IN PRP$ locative Have DT body nouns CC IN PRP get PRP VBP VBG nouns,1
WRB VBZ DT body nouns being,1
body nouns nnp,1
nouns PRP RB negator VB get DT body nouns,0
IN nnp nnp being IN IN nouns PRP obligative VB DT Temporalwindow IN DT locative adjectives IN people IN DT body nouns HT URL,0
expletive DT body nouns nnp,1
USR PRP awareness DT feeling get DT body nouns IN DT nouns,1
nnp relationships CC PRP magnitude Have DT body nouns CC PRP MD ending PRP vfrom VBG RP VBG nnp extent IN DT nnp DT CD nouns,1
WRB VBP get IN DT adjectives nouns RB get DT body nouns,1
nnp incidence PRP opinion DT being DT adjectives nouns CC PRP need TO VB PRP probability Have DT body nouns HT,0
IN PRP RB VBD DT incidence IN body nouns TO VB DT nouns,1
opinion PRP$ nouns probability Have DT body VBD PRP MD VB adjectives URL,0
humour DT WRB PRP nouns get body nouns URL,1
PRP MD get DT body nouns RB Temporalwindow nnp,1
exclamative VBZ feeling DT morbidity IN DT nouns body nouns mortality nouns,1
adjectives vfor PRP$ nouns CC relationships WDT Have being VBG IN IN PRP duration PRP VBP IN DT body nouns probability nouns,1
PRP MD negator VBP DT body nouns IN PRP$ adjectives nouns nnp,0
USR VB IN RB PRP VBD morbidity DT Temporalwindow IN DT nouns IN DT body nouns HT,0
give nnp PRP$ body nouns nnp UH nnp,1
PRP feeling like VB adjectives nouns nouns nnp VBG DT body nouns being DT adjectives,1
HT MD VB IN nnp nnp nnp CC nnp nnp nnp nnp,1
VBZ exclamative method RB PRP get morbidity VBG IN nouns PRP VBP awareness method PRP VBD ability TO get DT environment CC DT body nouns IN RB CD nouns,0
PRP VBP being adjectives PRP Have TO get DT adjectives nouns causality PRP Have DT body nouns UH,1
DT expletive nouns IN morbidity being DT body nouns extent nouns DT nnp,1
nnp IN PRP$ order order Temporalwindow IN PRP$ Othertemporalreferences nouns PRP get DT body nouns nnp nnp,1
expletive DT RB morbidity TO go TO VB PRP$ relationships give PRP PRP$ body nouns nnp,1
VBP nouns PRP MD VB IN DT adjectives nutrition body nouns nouns vfor adjectives nnp,1
DT body nouns VBZ TO get DT expletive IN IN PRP$ nouns,1
nnp body nouns incidence VBZ IN nnp URL method USR,1
USR PRP VBP VBG TO VB IN PRP VBP get joy CC DT body nouns,0
WRB being PRP IN IN PRP$ nouns VBG DT body nouns nouns nnp nnp nnp HT HT,0
PRP VBP PRP MD get DT body nouns vfor CD nouns CC negator bodyfunction nouns,0
nnp adjectives nouns nnp VBP being morbidity extent nouns IN extent adjectives body nouns CC RB feeling IN PRP VBP URL,1
nouns TO DT body nouns PRP Temporalwindow mass CD nouns adjectives nouns,1
USR body nouns VBP nouns nouns PRP bodyfunction PRP VBP RP CC nouns RB get DT nouns TO VB CC nouns,1
Temporalwindow CD IN HT body nouns VBD negator ending nouns,1
expletive WP Have DT body nouns CC dispersal PRP IN locative,1
VBG DT nouns IN nouns order being IN RB CD nouns IN DT nouns adjectives body nouns feeling like DT adjectives nouns vfrom DT adjectives nouns nouns,1
VBP PRP DT extent CD WP VBZ PRP adjectives IN PRP get DT body nouns DT Temporalwindow order PRP$ nouns obligative,1
IN PRP recovery DT body nouns VBZ go locative PRP MD recovery nouns,0
body nouns incidence VBZ IN nnp nnp method USR,1
WRB Have DT body nouns VBD PRP$ nouns UH,1
body method VBD PRP get DT body nouns Continuance go TO nouns Temporalwindow,1
nnp PRP VBD negator DT body nouns nnp,0
USR PRP Have DT body nouns nouns CC DT extent nouns WDT MD VB PRP feeling adjectives being IN PRP VBP PRP VBP,1
USR DT body nouns Have morbidity PRP$ body,1
WP VBD DT body nnp VBP nnp,1
WRB PRP$ nouns VBZ DT nouns adjectives body nouns CC go TO DT nouns nouns HT URL,1
WRB VBP immuneresponse DT body nouns CC PRP Continuance Have DT CD nouns nouns nouns TO VB nnp,1
UH PRP$ diety nouns being get morbidity IN PRP$ locative IN DT body nouns PRP need TO VB RP,1
VBP nouns nouns DT body nouns VB VB RB calls,1
body nouns VBG DT nouns IN PRP$ VBG DT nouns Have TO get adjectives order PRP$ nouns order nouns nnp nnp,1
nouns CC body nouns treatment being RB DT adjectives nouns TO frequency go IN PRP VBP frequency VB DT IN nouns,1
nnp nnp nouns nouns confirmation PRP being monitor locative nouns causality TO increase incidence IN body nouns URL,1
nnp nnp being go TO consequential DT nnp nouns causality TO VB PRP Have TO nnp nouns VBZ DT body nouns order nouns RB VB nouns,1
PRP$ comerederie Have DT body nouns CC VBZ RB treatment DT VBZ dispersal,1
WRB adjectives adjectives mortality vfrom nutrition nouns CC DT body nouns CC negator nouns MD VB PRP$ obligative nnp,1
USR USR UH UH PRP$ nouns nouns nouns PRP Have DT body nouns DT Temporalwindow IN WP DT nouns Othertemporalreferences humour,1
adjectives nnp nouns humour UH PRP$ nouns adjectives body PRP$ body nouns VBZ worsen IN Temporalwindow,1
nnp nnp body VBZ PRP$ nouns nouns frequency duration PRP VBD DT nouns IN PRP duration PRP Have DT body nouns CC morbidity duration PRP,0
PRP consequential obligative IN DT body nouns CC PRP$ people VBZ VBG PRP nouns PRP$ nouns nouns awareness WRB nouns VBZ IN locative nouns,1
MD extent VB VBG body nouns causality nnp VBZ adjectives adjectives treatment IN PRP RB IN PRP odor like morbidity nnp,1
nnp PRP Have DT body nouns CC PRP$ nouns VBZ nouns URL,1
opinion PRP Have DT body nouns,1
UH VBP get DT adjectives feeling PRP Have order PRP get DT body nouns nnp,0
body nouns Have PRP UH UH adjectives HT feeling DT extent adjectives CC PRP$ nouns URL,1
VB RP IN DT body nouns gratitude diety PRP VBD DT nnp MD nouns VB DT adjectives nouns IN DT Temporalwindow mortality nnp,1
nnp PRP Have nouns CC DT body nouns IN IN being adjectives nouns VB TO PRP$ nouns CC VB nouns nouns,1
gratitude diety PRP VBD extent PRP$ obligative IN Temporalwindow VBP VBN IN DT body nouns nnp,1
nnp WP DT expletive being body nouns,0
DT body nouns VBZ TO go RB VBP being adjectives,1
adjectives victim IN DT body nouns nnp,1
PRP VBP awareness WP being IN DT nouns body adjectives HT being DT adjectives treatment vfor DT body nouns,1
nnp nouns VB VB RB DT body nouns nouns,1
VBP VBN RP morbidity CD nouns CC VBP extent being IN obligative vfor CD nouns gratitude PRP body nouns,1
PRP frequency VBP get DT body nouns,1
gratitude TO PRP$ adjectives adjectives relationships PRP Temporalwindow Have DT body nouns USR,1
nnp DT body nouns being DT adjectives nouns CC VBZ adjectives,1
VBG DT nouns IN PRP$ CD adjectives relationships being extent nouns CC nouns duration DT body nouns incidence,1
RB negator adjectives body nouns nouns nouns Have PRP DT go RB feeling adjectives adjectives PRP MD VB PRP DT RB adjectives Othertemporalreferences nouns feeling morbidity,1
PRP VBP VBG DT body nouns,1
VB nnp body nouns go nouns method nnp,0
DT body nouns VBP negator nouns CD Othertemporalreferences DT Othertemporalreferences VBD,0
adjectives nnp body nouns being DT nouns,1
USR USR DT body nouns,0
nnp VBG DT body nouns VBD probability CD IN DT adjectives nouns VBP VBD nnp,1
PRP extent opinion PRP VBP negator Have body nouns,1
PRP obligative Have VBN IN locative IN relationships VBD VB VBG PRP PRP Have DT body nouns CC PRP VBD nouns VB PRP RP,1
VBP negator VBN DT nouns PRP Have DT body nouns CD Temporalwindow RB CC Temporalwindow PRP Have DT adjectives extent nnp,1
PRP Have being morbidity IN DT body nouns extent nouns PRP feeling like DT VBG mortality,1
USR USR PRP Have body nouns extent adjectives order DT nouns nouns RB VBD DT nouns vfor DT treatment WDT ending DT morbidity,1
nnp body nnp being consequential nouns nouns IN CD nnp people being morbidity IN DT body nouns CC nouns URL,1
USR VB DT body nouns VBZ nouns adjectives,1
body nouns VB adjectives URL,1
WRB PRP get VBD RP IN obligative vfor VBG DT body nouns UH,1
body nouns RB nnp nnp feeling morbidity,0
nnp get DT body nouns IN vfor extent IN PRP$ nouns VBZ Temporalwindow nouns IN IN PRP$ nouns USR USR USR,1
calls calls calls negator DT body nouns frequency,1
body nouns treatment nnp nouns nouns HT URL,0
body nouns incidence VBZ IN nnp nnp URL,0
VBG nouns extent Temporalwindow CC bodyfunction CD VBP DT body nouns order nouns,1
nouns DT body nouns,1
USR USR body nouns RB VBZ,0
USR USR USR PRP Have DT body nouns PRP VBP,1
USR VB DT VB being IN VBG DT RB RB frequency VBZ adjectives nouns VBG IN DT body nouns CC nouns,0
nouns IN locative CC VB locative like PRP get DT body nouns nnp,1
HT opinion VBG DT Temporalwindow VBG PRP Have DT body nouns URL,1
order Temporalwindow PRP VBD DT VBP extent Have DT body nouns frequency IN PRP$ nouns CC VBP CD opinion PRP RB VBD RP IN DT body nouns HT,1
MD DT body nouns go RB PRP Have DT nouns Temporalwindow UH,1
body nouns nouns RB health nnp,1
nouns IN PRP$ nouns Have CC Have Have DT body nouns DT nouns RB VBG TO get PRP VBP PRP Have DT feeling VBP VBG get PRP DT nouns,1
PRP MD get extent nouns IN body nouns IN DT order Temporalwindow VBD locative nnp,1
nnp VBP DT body nouns vfor VBG PRP consequential CD Temporalwindow IN locative IN DT nouns RB opinion IN VBG RP nouns PRP RP nnp,1
body nouns nouns VBP method TO VB PRP$ locative nnp TO VB PRP$ nouns nnp nnp,0
VBG DT environment CC DT body nouns IN DT adjectives Othertemporalreferences extent morbidity nnp,1
nnp VBZ DT body nouns UH PRP VBD feeling RB adjectives order Temporalwindow body PRP opinion PRP VBD causality PRP VBD adjectives,1
nnp nouns VBZ method extent DT nouns body PRP Continuance VBP Have nouns vfor CD nouns body nouns vfor CD RB Have nouns vfor CD,1
WRB PRP locative IN body nouns VBZ adjectives nouns being VBG ChangeTempo URL,1
VB TO DT body nouns vfor VBG PRP evaluative CD morbidity nnp,1
nnp get PRP adjectives PRP VBP adjectives TO VB RB body IN nouns PRP get DT adjectives body nouns DT order Temporalwindow IN nnp nnp,1
USR morbidity people probability bodyfunction WDT PRP VBP PRP VBP negator Have DT body nouns nnp,1
nouns WP Have Have DT body nouns nouns calls calls nnp,1
nnp nnp VBP get DT body nouns nnp PRP extent obligative nouns Temporalwindow,1
WP VBZ DT body nouns DT Temporalwindow PRP Have DT nouns nnp,1
PRP VBP IN PRP Have DT body nouns PRP probability VB IN VBP negator VBG TO VB RP RB rb IN PRP RB VBD,0
VBP opinion IN PRP VBD DT immunity TO DT body nouns CC PRP probability VB DT frequency go locative IN nnp CC PRP VBP,0
order Othertemporalreferences locative duration body nouns CC nouns nouns HT URL,1
nnp morbidity IN DT body nouns vfor DT order Othertemporalreferences DT nouns nouns get PRP IN IN Temporalwindow RB adjectives negator VBG DT obligative WRB PRP go RB,1
WRB adjectives relationships IN nouns being morbidity IN DT body nouns IN PRP VBP PRP$ nouns RB IN nnp CC nnp UH HT,1
locative IN DT body nouns nnp MD RB RB VB IN PRP$ nouns HT,1
nouns PRP VBP PRP VBD RB adjectives body nouns extent nouns,1
expletive body nouns calls go RB,1
body nouns Continuance nnp,1
UH USR DT nouns TO adjectives nouns WRB PRP Have DT body nouns HT HT,1
apologetic IN VBP being RB adjectives nouns nouns morbidity WRB PRP VBP DT body nouns nnp,1
WRB PRP Have DT body nouns VBZ DT Othertemporalreferences PRP VBP RP PRP$ nouns VBZ RB adjectives nnp RB need TO VB RP IN DT nouns nouns mortality,1
VBG DT body nouns nouns VBP,1
order Temporalwindow IN nouns adjectives Temporalwindow IN CD IN PRP$ nouns CC PRP activity RP IN DT expletive body nouns WP nouns,1
VBP morbidity IN DT body nouns nnp DT nouns,1
USR USR VBZ like PRP negator DT body nouns MD VB PRP nnp body WP VBZ,0
