text,category,cat2
I haven't had the stomach flu since middle school and I got it again. This is the worst thing ever,1,1
When you finally get your appetite back after the stomach flu 🙌🏼,1,1
"@_anddreaaa_ yup, with damn stomach flu",1,1
Think I caught the stomach flu lol,1,1
@_MadeeInAsiaa omfg lmaoooo stomach flu!!,1,1
First I had the stomach flu now I've a cold wtf 😭😭,1,1
5/6 people in the house have gotten the stomach flu so far. Nate's dad is the only one left lol,1,1
I think im coming down with the stomach flu,1,1
I'm dead ass about to take another bath and go to bed. This is my 6th bath today. This stomach flu got me in chills 😖,1,1
Come on man I just got over the stomach flu 😷😷😷 https://t.co/gPschjVqkX,1,1
When your craving cheese pizza but got the stomach flu 😵😵😵😵😵,1,1
"No frfr, dead ass been having this stomach flu for 7 days now 😷",1,1
Does it make me a bad person to hope my prof still has the stomach flu so class gets cancelled again for tomorrow? 😁👀,1,1
@CoryHawk97 she has the stomach flu,1,1
You know what's a bad idea? Eating cajun wings with a stomach flu #regret,1,1
"@SalenaZitoTrib I miss Trump like I miss stomach flu. As in, not at all.",0,0
praying that this stomach flu never affects me again in my life,1,1
the stomach flu is coming for you @KateThorsen,0,0
It blows my mind how I've gone from having an ear infection to the stomach flu in 48 hours,1,1
i hate having the stomach flu :((,1,1
Red box and soup. I think I have a stomach flu 😩.,1,1
Mmmm Tis the season for the stomach flu 😅,1,1
@ethreal_ but I can't get a stomach flu from that so 💁🏻,0,0
@demeet2k Were you still performing while under the evil grips of the stomach flu?😳,1,1
When I said no motivation I didn't mean give me the stomach flu,1,1
Yay stomach flu came for his yearly visit!!!:-) &lt;3,1,1
"Catching the stomach flu from a bad Dunkin Donuts biscuit gives new meaning to the slogan ""America RUNS on Dunkin"" 😂😷😳😵",1,1
"God sorry for lack of uploads, stomach flu hit me like Rihanna and Chris Brown.",1,1
"at least when I had the stomach flu, I could just sleep. this fucking Cold keeps me up😭",0,0
@Madds_30 I feel you... I was sick with the stomach flu like last week and had to sleep in the hallway 😒,2,1
I got over the stomach flu in a day now I feel great,1,1
Home Remedies for Stomach Flu - #diet #loseweight #weightloss https://t.co/okgxIEZF6u https://t.co/XK9YR8rCCW,0,0
@kfuego you could come down with a mysterious stomach flu in the middle of the night,0,0
Thanks to whoever gave me the stomach flu! 😒,1,1
Step throat and now a stomach flu I suck,1,1
I am not emotionally strong enough to make it through this stomach flu right now,1,1
@AshontiFordLive yes a woman should hold down her man when he has the stomach flu 😆,0,0
"no stomach flu, you are not welcome here 🙄🤒",1,1
The stomach flu is taking a round on my house it seems. Here's hoping I don't catch this cause I have no time for it.,1,1
My little babes has his first stomach flu.,1,1
Stomach flu was a blessing,1,1
12 Tips for Surviving the Stomach Flu from a Doctor Mom  https://t.co/4i6nfAzZjd,0,0
Everyone in my house has the stomach flu and if I get it I'm fightin someone.,1,1
WHY DOES THE STOMACH FLU EXIST,0,0
Stomach flu... Awesome.,1,1
Fml I better not be getting a stomach flu,0,0
If Wes Craven is out of ideas he should spend a night in a house full of toddlers with the stomach flu. #horrorshow https://t.co/LnvuvjkwTI,0,0
Fuck the stomach flu 😷,1,1
@v3ro15_ i know the feeling got the stomach flu over the week,1,1
"My mom and I both have the stomach flu and I can't stop myself from breaking out singing ""We're All in This Together"" every 20 minutes",1,1
when you're getting over the regular flu then get the stomach flu☺️☺️☺️☺️☺️☺️☺️☺️☺️☺️☺️☺️☺️☺️☺️☺️,1,1
"In case you think this is a political comment and you want to argue, I may have the stomach flu #FoxDebate",0,0
cause I clearly needed a case of stomach flu to improve this year...,1,1
Think your toddler may have the stomach flu? It could be gastroenteritis. https://t.co/C4elkPNYKh,0,0
Lmao this why they asses got stomach flu  https://t.co/hCKDYmmopU,1,1
I would get the stomach flu right now 😑,0,0
"Wow haven't felt this weak in a while, stomach flu killing me",1,1
Thankful for my roomies and friends that have been checking in on me while I deal with the stomach flu/ possible appendicitis,1,1
I would not wish the stomach flu on my worst enemy... 😖😷😭,0,0
@Clarissa_xplain Hang in there! I was sick the night of the blizzard with the stomach flu #FiOSPhilly,0,0
Gave Mike my stomach flu 🙊 Oops 😁,1,1
I feel like I'm prego ma again.. Jks having the stomach flu is the WORST !,1,1
#orumbb will be without DaQuan Jeffries (concussion) and Tre Vance (stomach flu),1,1
It's amazing how fast you get sick working in childcare. I don't know how I was able to get a cold and the stomach flu in just 4 days.,1,1
I hate being sick. I had to get a steroid infusion because i have the stomach flu :(,1,1
The fuck kind of sickness is the stomach flu? Some bullshit thats what.,1,1
"So on my last first day of my spring semester, I got the stomach flu. Awesome. 😔",1,1
"Fuck that too sick to go to work, my sister gave me her stomach flu 😭😭😭😭😭",1,1
I'm black. I can't operate on this bland food stomach flu diet for long. 😂,1,1
This stomach flu Needs to get the fuck out of my life,1,1
France. Stomach flu epidemic sweeps through Brittany https://t.co/KPF7i7GCse via @TheLocalFrance,1,1
@BlondHousewife I am trying to decide if I am getting excited or the stomach flu.,1,1
Why is it that in my mind having the stomach flu = I. WANT. PASTA. 😫🍝#HorribleIdea #GatoradeAndSoupItIs 🍜🍶,1,1
I wish I can get a stomach flu for 1 week and not eat shit.,0,0
"A nice surprise: So, I've been sick all week with some horrid stomach flu and generally feeling miserable. I c... https://t.co/mwo524ufoC",1,1
"s/o to the stomach flu, I now weigh 97 lbs wtf ew",1,1
@_Paigeburns stomach flu r sumn . Anything i eat i throw up n ion even got the energy to walk or nun,1,1
Day 16 of #runstreak stomach flu did not stop me!,1,1
Fuck whoever had the stomach flu and spread it at school,1,1
Having a cup of coffee after being w/out almost two weeks with the worlds worst stomach flu. Feels like a warm hug from a best friend. ☕️❤️,1,1
Am I the only one who finds it ironic that I got the stomach flu the day before my microbiology exam,1,1
If you survived the stomach flu that's going around you can survive anything,1,1
Stomach flu epidemic sweeps through Brittany https://t.co/ojUkjbkpzD via @TheLocalFrance,1,1
why has the stomach flu reached my house?? ://,1,1
But how did I get the stomach flu ? Still going to box tonight,1,1
Great😣😣 I said not the stomach flu 😧😧,0,0
@SUP3RFRUIT I have the stomach flu rn and the only thing that will make me feel better is if you follow me ❤️,1,1
@AwakenedMemory a stomach flu has infected my body,1,1
WHO CREATED THIS STOMACH FLU??????WHO DUN IT??????,1,1
When ya squad beats the campus wide stomach flu and goes to the hoco game! #MSMU https://t.co/7ootmpgwXy,1,1
When you're fighting a stomach flu and you still have a 3 hour conference call to manage. 😶😐😶😐😶,1,1
oh my god everyone is getting sick in my house with the stomach flu.. I need to move out,1,1
I'm feelingso terriblewith this stomach flu.  Make itgo away PLEASE,1,1
Stomach flu putting a damper on my running this week. Have to get better before our parade next week! Hail Nyx!,1,1
Bronchitis and stomach flu combined is literally the worst thing to ever go through I don't ever wish this on anyone,1,1
Olmsted Co. health officials confirm they are monitoring area schools due to increasing cases of stomach flu. https://t.co/7qwjZLcH3K,1,1
"George Karl is going to miss the Kings game due to ""gastroenteritis"". I had to Google that, it's the stomach flu. Next time, just say that.",1,1
My roommate has the stomach flu and doesn't even care that it's contagious,1,1
When ur lowkey dying from food poisoning and the stomach flu and no one will take your shift 🙃,1,1
@rinn_27 @LindseyJurkovic hahaha oh my goodness yes!!!! &amp; I had the stomach flu the day before!! what a fun time haha,0,0
*typical male voice* haha yeah my ego's big but my stomach flu gets worse at night,0,0
owen wilson's voice induces my gag reflex ever since i watched a video of him while i had the stomach flu and puked during it,0,0
I missed class with the stomach flu and my professor isn't letting me make-up my quiz. Wanna know why disease spreads at college campuses?,1,1
Don't really mind having stomach flu because Josh takes such good care of me regardless if I smell like puke 🙂🙃,0,0
MRW I have the stomach flu and my laptop breaks today. https://t.co/XsLfCHkLSm,1,1
Think I have the stomach flu,1,1
Hmmm I've got the same feeling I had before I got a stomach flu 😕,0,0
Stomach flu has me blah blah blahhhhhhhh. #needmysustain feeling a bit dehydrated and my body… https://t.co/2yVk1VjSzW,1,1
Woke up with a stomach flu. Thank God I saw The Revenant. Can anybody spare the raw meat of a recently dead Buffalo?,1,1
"Update: I have strep and the stomach flu so that being said, everyone come to my funeral and say something nice.",1,1
thank god I finished all my exams cause now I'm stuck with the stomach flu 😷😷,1,1
Bagaetsho what the hell is stomach flu?,0,0
This stomach flu needs to go though. Hate being sick...,1,1
Newest victim of the stomach flu.... Dead.,1,1
I don't know what is in this stuff but Blue #Powerade is the best medicine for the stomach flu,1,1
"Dear god, plz take away this stomach flu plz",1,1
I've cleaned up puke 3 times and I've only been at work for 2 hours. Thank you stomach flu,1,1
You never wanna get the stomach flu,1,1
thanks to my wonderful best friend i now have the stomach flu🤒 @kenzie2701,1,1
PSA this stomach flu is a real thing and it's terrible,1,1
Sharing a bathroom with your 3 best friends is all fun and games until the stomach flu hits,1,1
So not good.... stomach flu. ... anyone had it this go around..I feel horrible. .. worst I can remember I a very long time .. — feeling sick,1,1
I hate having the stomach flu😭,1,1
reddit: https://t.co/r2HCiJJfpg Stomach flu going around... via /r/emetophobia,1,1
This stomach flu ain't no joke. 2 time this year smh,1,1
"@abadkitty Ugh, stomach flu is the worst!",1,1
@kpyle718 @kp_126 the stomach flu??,0,0
"Well, having the stomach flu was probably one of the worst experiences ive had. 🤕😷🤒",0,0
i should have stayed at school bc mom didnt bother telling me she has a STOMACH flu and im PANICKED someone pick me up,1,1
I'm not given a break. I had the stomach flu 3 days ago and now I have a cold. Great ☺️🔫,1,1
I have been sick with the stomach flu all week. I feel like the living dead,2,1
@drawandstrike @megynkelly she had stomach flu really bad before that debate &amp; later praised the doc's for the meds that stopped the puking,1,1
"Yoga Body Bootcamp is canceled tonight! (Thursday at 6:30pm)
Renee's child is sick with the stomach flu and we... https://t.co/YQsa3mvWNu",2,1
@thesusan ...but the stomach flu makes everybody useless,0,0
Stomach flu be damned! https://t.co/Lri8taSMLP,1,1
When u get wrote up at work for having the stomach flu :/,1,1
"Stomach flu perhaps 
Uuuuuugh — feeling sick",0,0
"I've got the stomach flu, so for all of your recruiting needs today check in with our crew:

@anthonytbroome 
@tannerwooten 
@amandajerzyyy",1,1
Please please please not the stomach flu again,1,1
Stomach Flu Treatment &amp; Survival Guide #parentingtip https://t.co/BaQYRwO0io,0,0
Stomach flu epidemic sweeps through Brittany https://t.co/AzuuFEEMfX https://t.co/Zg2wla2wgJ,2,1
Eatin crackers all day and drinking 7up hate the stomach flu last nite....,1,1
F the stomach flu,1,1
@annathropology @aurosan Stomach flu also works,0,0
@M_A_Patterson @tiffanyreisz absolutely. I had a stomach flu .  I think.,1,1
@DavisMattek ha! The jinx is in! Planning this far ahead never ends well... Universe coming with a stomach flu or something.,0,0
Everyone's at south and I'm here like I got the stomach flu 😅🔫,1,1
#PinkRelief  definitely needing this today considering I have a stomach flu.  https://t.co/qEmbGm4w9K,1,1
Last night I bragged that I've only had the stomach flu once in my life and I'm 90% sure I just woke up with the stomach flu😭🙄🖕🏽 #KillMe,1,1
Can this stomach flu go away!!! I have a meeting today :(,1,1
Stomach flu game so strong 😷,1,1
EVERYONE at my daycare has or has had the stomach flu this week. Just waiting to get it &amp; I have a feeling I'm gonna get it this weekend🙃,1,1
I would get some type of stomach flu on the second day were here 😩,1,1
"I hate the stomach flu for making me miss two days of school in a row, just thinking about catching up stresses me out 😅",1,1
Stomach Flu Remedies – How to Clean Your House Office to Optimize Your Health https://t.co/79WydRNeGC steammop,0,0
Having a cold and the stomach flu at the same time really sucks 😑🤒😷,1,1
"@al1sona yeah, the stomach flu. :/ I was feeling kinda funky last night but I thought it was because I was tired.",1,1
"@Sweepea27 health suffers thru all the stress/changes but Im still goin! Had flu for 2 wks, stomach flu for 1wk, just had bronchitis for 3wk",1,1
when u @ home w stomach flu &amp; ur grades are dropping rapidly https://t.co/8FPNt6mSwg,1,1
S/o to the stomach flu for helping me lose 10 pounds 😂😭,1,1
"Don't get me wrong I am lucky to be here, but of course I got the freaking stomach flu the first day in Florida 😭",1,1
@ricanChica_ sick people may eat whatever they want. I do not have the stomach flu 🙄,0,0
"Anyone who has had the stomach flu , someone please help 😭😭",1,1
"@Chief_Andretti_ nah, I've got the stomach flu. Plus I only work weekends now",1,1
Who gets the stomach flu the day they have an interview?  🙋,1,1
I swear if I have the stomach flu I might cry cause I'm not trying to throw up even more than I already did,1,1
I'm hoping that I built an immunity to the stomach flu or it may be a nonstop go around with Luke and I 😕,0,0
First time here since stomach flu and finger injury. #lovingit https://t.co/QAN2b03G5r,1,1
"ugh sick with the stomach flu for the second time this year, grrrr, get it over with now so i'm not missing any work when i go back",2,1
When ur bro in law is sick w the stomach flu so u wash his dishes separately w Ajax and Clorox lmaoooo #pettymoveoftheyear,1,1
Home with the stomach flu. 😝 I'd much rather be with my firsties. #sick,0,0
"@LivvyKyncaid I gotcha! It was very tragic, stomach flu all week.",1,1
Hell stomach flu! Please go away!,1,1
Stomach flu still 😷,1,1
hey @whole30 - any alternatives to plain toast when you have the stomach flu? #help #whole30,1,1
Sorry that I've been very inactive lately. Life sucks when U catch the stomach flu 😭😢,1,1
When you have the stomach flu &amp; every time you throw up your dog runs away scared &lt;&lt;&lt;&lt;😢i just want to curl up in a ball &amp; die,1,1
having the stomach flu rocks 🙃,1,1
second day of classes (first day of three of my classes) and I wake up with the FUCKING STOMACH FLU what do?!?!?,1,1
I'm sick with the stomach flu 🤒 This sucks.,2,1
@devopoker @stlcardinals84 sounds like it's not the stomach flu. Can't see him WD but who knows,0,0
"@TeeqoFaZe  Just saying Hi, Hope Your having a good day. I gots the stomach flu. Wish I could bump into you on a game but I'm all last gen.",1,1
"Well another day where the stomach flu strikes, this is the worst :C. Other than that I hope you all have a good day",1,1
"Stomach flu, get away from me.",1,1
I was having awful cramps yesterday and I thought it was bc of...something else but it turns out I have stomach flu...AND a cold. Fun.,1,1
If I have the stomach flu it's overrrrr 😭,1,1
That stomach flu man... I thought I was dying yesterday. Threw up 20 times in 12 hours. I'm wearing a hazmat suit everywhere from now on.,1,1
"@lynxyan yeah getting over norovirus (stomach flu) which i got from work. 😭 i saw youre sick too, hope you feel better soon!!",1,1
@AndyFales thank you for that. I'm home sick with stomach flu. I was able to laugh without throwing up! Success.,2,1
Think I have the stomach flu...,1,1
Tips to walk you through the days-long nightmare known as the stomach flu: https://t.co/3j4IRjNuoo https://t.co/EExlzbAcal,1,1
@ae_marciano I have gotten the stomach flu/food poisoning so many times its stupid. Lol. I'm pro.,1,1
my streak of having cookies and milk once a day has failed because of this stomach flu :((((,1,1
I can't eat anything cause of this stupid stomach flu😑🚫,1,1
Stomach flu epidemic sweeps through #Brittany https://t.co/8XFW3hc4eW via @TheLocalFrance #UFO4UBlogHealth,1,1
I always joked about wanting the stomach flu .. Jokes on me now 😭😭,1,1
"Two days of the stomach flu - down 8 lbs...something about life, lemons, and, lemonade?  #sliverlining #thinkpositive #chinup",1,1
Finished my exam but I am still so sick because kfc gave me the stomach flu ffs,1,1
Stomach Flu can't mess up the grind. 👑 https://t.co/2HX7NNzqkg,1,1
Up early and feeling 100% today!! It feels so good to like food again :)  I'd been down with the stomach flu for... https://t.co/c3M8hp8UAj,1,1
LET ME TELL YOU ABOUT THIS AMAZING DIET lose an entire pant size in 2 days it's called THE STOMACH FLU and you'll only be vaguely human.,0,0
wtf il never forget this bday... Damn stomach flu 🙃,1,1
I have stomach flu😪,1,1
I'm glad I did the zipline in #roatan island this am even w/not feeling well. Stomach flu got me so I'm quarantined until tomorrow. Sigh.,1,1
My poor little guy as the stomach flu. Can't keep anything down.,1,1
"Instead of tryin to cure something serious like cancer, they should figure out a cure for the stomach flu. the world would be a better place",0,0
Fuck this stomach flu 😓😷,1,1
"I AM lying down now, but getting the stomach flu was not what I meant. Seems like a pretty malicious interpretation https://t.co/lBVnGeLzjN",0,0
I'm gonna get me some medicine and ginger tea and kick this stomach flu right out of me,1,1
Wellp day 4 of the stomach flu 😊😊😊😊😊😊😊😊😊,1,1
"Had the stomach flu so bad yesterday. I'm still running a fever today, and I'm so weak I just had to take a break from doing my makeup.",1,1
Day 2 of the stomach flu. Took me 45 minutes to eat half a bagel - a major triumph.,1,1
"I think the stomach flu is the worst to get and of course, just my luck...",1,1
So help me if I get the stomach flu someone's gonna get these hands 👊💢,0,0
Help! Any good remedies for a stomach flu? Anyone?... – fatalnie,1,1
Stomach flu epidemic sweeps through Brittany https://t.co/iuGGwXWvDj vía @TheLocalFrance,2,1
omg pls idw to get stomach flu omg i have eng test tmr plspls,1,1
I got the stomach flu😷,1,1
Ugh. Very sick with the stomach flu.,2,1
"When you have the stomach flu but you still have to go to class for exams bc "" doctors don't take sick days"" 🙃🙃🙃🙃🙃🙃😕😕😕😕",1,1
Shoutout to the @Lexi_singerr for sharing her stomach flu w me. You da bomb boo 😘😘😘😚,1,1
@HeyitsFCC I also am home sick with the stomach flu :))),2,1
"Hey everyone sorry i didn't tweet yesterday... I had the stomach flu. Anyway the theme today is books!
#ilovebooks",1,1
i think i got stomach flu ?????????,1,1
Stomach flu sucks.,1,1
Everyone has the stomach flu...even the dogs that live in my complex. #thattimeofyear #stayaway #ew,1,1
I'm sure my son brought this stomach flu from daycare. Now I have it 😷 #sick #daycaregerms,1,1
"Getting a cold and everyone in my house is getting the stomach flu, awesome that's exactly what I need with a sore throat.",1,1
Stomach flu epidemic sweeps through Brittany https://t.co/wOEMUigoaz #Paris #France #News,1,1
I think the stomach flu has finally left! I might even try to eat something to test it https://t.co/CquLuxmO5n https://t.co/BsQShILLMO,1,1
I think the stomach flu has finally left! I might even try to eat something to test it out!,1,1
Having the stomach flu in college is the worst.,1,1
Yay for the stomach flu 😭😷,1,1
I just need this stomach flu to be goneeee so I can go to school and work &amp; do things again,1,1
Stomach flu epidemic sweeps through Brittany https://t.co/NV5Ouw3a5d https://t.co/bvnoZffUzE,1,1
How you kno when you got the stomach flu or virus?,1,1
Stomach flu epidemic sweeps through Brittany https://t.co/6zU5boeWKO https://t.co/uuGUbhcglP,1,1
Boi I hope my son ain't give me that terrible stomach flu 😠😠,1,1
I just love having the stomach flu🙃🙃🙃🙃,1,1
"Didnt sleep all night.I was laughing last night saying that I might use ""ooooh I got the stomach flu"" as an excuse, but I rly dont feel good",1,1
"haven't had the stomach flu in years &amp; now I have it ☹ up all night, exhausted, &amp; I have class @ 8",1,1
Stomach flu epidemic sweeps through Brittany: The stomach flu epidemic sweeping through… https://t.co/kvK9H4INH9,2,1
last week of Jan and i have stomach flu :'(,1,1
When literally every person in your family including yourself has the stomach flu😃😃😃,1,1
fever fever fever. stomach flu 🤒😷😭,1,1
Stomach flu epidemic sweeps through Brittany - The Local https://t.co/PNYQJiubW5,2,1
@tylerjblackburn I have the stomach flu and it would make me feel better if you just retweeted and tell me u luv me 😂😟😓😷,1,1
"Stomach flu epidemic sweeps through Brittany: 
https://t.co/CWATC4jSqb https://t.co/I7LP7usRXK",1,1
Stomach flu is most affective alarm clock.,1,1
I think I have stomach flu 😷,1,1
"back homefrom the er, i do indeed have a stomach flu.",1,1
Had the stomach flu for 24 hours but I'm doing good now https://t.co/UIvCR0co5D https://t.co/6JAWKF6njn,1,1
Who the f gave me the stomach flu 😭,1,1
"I haven't been asleep yet, but I think we figured out I got the stomach flu... That was the worst 7 straight hours of my life",1,1
Victim of the stomach flu .. This doesn't feel good one bit,1,1
@JayleneAnguiano think you have Mia your stomach flu she just threw up twice,1,1
@nick_dece I washed my hands all the time cause I was so worried I would get the stomach flu,0,0
Someone kill me I have the stomach flu,1,1
"doctors appointment was delayed until tomorrow.
I really wish I went today, because after this long his aint no stomach flu",0,0
i say that like im that disgusted w organized religion but tbh i just always have a stomach flu when i go to church??????????????????,0,0
Is it possible to get stomach flu on top of regular flu or am I just super special?! 😰,1,1
"In our house we have one barking dog, furniture in disarray and a stomach flu bug. Oy vey indeed.",1,1
Finally feeling better after a week off from the stomach flu #BellLetsTalk #notfun #washurhands,1,1
I remember once when I thought I had food poisoning and it was actually stomach flu. LOL. Never again. 😷,0,0
Back to putting my guard back up. This stomach flu is killing me too!,1,1
"pros of having the stomach flu: I get to stay home from school and watch Criminal Minds. 
cons: I throw up a lot during Criminal Minds.",1,1
omg I think I have the stomach flu 😷,1,1
This week is turning out to be a bigger bitch than me. The stomach flu is gone and my laptop's… https://t.co/y0PQV1IlAT,1,1
My brother thought he had good poisoning. Turned out to be the stomach flu. How did we find out? He gave it to me. 😭😖😷😲,1,1
Definitely got the stomach flu 😷😷,1,1
I'd like to give a sincere fuck you to whoever gave me the stomach flu,1,1
Have the stomach flu... Cool,1,1
"@succlauren wait i just remembered how much i hate being around people who have the stomach flu so i think i'm busy that day ,",1,1
What kind of bad karma did I incur to get the stomach flu 😷😪,1,1
Stomach Flu is NO freaking joke,1,1
Once you get over the stomach flu being able to keep your food down becomes an accomplishment,1,1
@Megzilla87 stomach flu is the worst! Feel better! https://t.co/yxAOdxYx7j,1,1
My parents both have a stomach flu. Either I'm doomed or by some form of a miracle this flu is gonna skip me. I'm hoping for the latter.,1,1
Literally dying right now...thanks for the stomach flu girl! 😐 @FoulalaPro lol,1,1
@jackietruong_ name it stomach flu,1,1
"I have not caught a break since Thanksgiving. Bronchitis, turned mild cough, than the stomach flu, now shingles. Ughhhhhhhh",0,0
Ehh its either I'm wayyy to stressed out or I have the stomach flu 😷😷😷,1,1
@xxxSoloDmsxxx period cramps ! Or stomach flu as its making its rounds again,1,1
"@Pandeezytho damn good luck! You probs got the stomach flu, it's been going around recently",1,1
"I've been on a ""stomach flu"" for two months and they still haven't given me anything",1,1
I just realized I wore a bra the entire time I had the stomach flu and I am furious.,1,1
"@lxvminah stomach flu. it'll pass, hopefully.",1,1
"Told my mom I think I'm getting the stomach flu &amp; she told me to go breathe other air. How nice, thanks mom.",1,1
#BellLetsTalk because depression and anxiety are just as valid reasons for not going to school than a cold or stomach flu,0,0
I have the stomach flu and I'm literally dying in pain,1,1
I think I may have been hangry today...stomach flu had me not eating for like 36 hours. I was very grouchy haha.,1,1
The stomach flu is noooooo joke. 🤒😷,1,1
I think Jon Jon pass me his little stomach flu my shit feels like somebody kicking the shit out of me 😩,1,1
Stomach flu round 2 😭😷,1,1
@DreaModica I have a stomach flu,1,1
I do believe this album is curing my stomach flu,1,1
i just kissed my niece and forgot she had the stomach flu lol bye y'all,1,1
Only I would get the stomach flu &amp; have an allergic reaction the same week my 2 best friends get strep and mono..which I'll probs catch too😷,1,1
"I have a stomach flu, but watching @RubyRose discover snapchat filters made me smile #whatanadorablecreature",1,1
I see you. Stomach flu kicked my ass today! 😷 https://t.co/3qkIxg69ob,1,1
Levi gave me the stomach flu 😷😩,1,1
The stomach flu is gr8,1,1
Pretty sure I have the stomach flu..... Food doesn't make me sick literally ever.,1,1
Stomach flu sucks 🤕🤒 it hit me so fast,1,1
wtf does the stomach flu feel like? cause i don't know what i have + it's not food poisoning 🤔,0,0
Stomach flu is the worstttt,1,1
I was so hoping this was the stomach flu. 😕 https://t.co/NPc2U6ANpk,0,0
when you get an infection from your wisdom teeth and the stomach flu at the same time 🙃,1,1
Trying to take care of an almost 7 month old while sick with the stomach flu is no easy task...,2,1
Recovered from the most severe stomach flu of my existence. I go out in public and people coughing all around me. *sigh* 😒,1,1
"Just saw a show about the 05 Bears
I'M in tears

Why couldn't #RexGrossman get stomach flu?
T Jones was killin Colts https://t.co/3qqTbAZbCh",0,0
Damn this random stomach flu,1,1
whoever gave me the stomach flu I HATE U,1,1
Don't get the stomach flu 0/10 wouldn't recommend.,0,0
My stomach flu is gone and all I want to do is cuddle my husband but he's at work..,1,1
I caught a stomach flu from the depths of Hell itself. I'll walk it off.,1,1
"Yep, pretty sure I got the stomach flu. Next few days ought to be interesting.",1,1
stomach flu was great while it lasted. HA jk ✌🏼️,1,1
So sick ughhh hate the stomach flu i just got over it &amp; it came again 😷😷😷😷😷😷😭😭😭😭😭😭😭,1,1
The stomach flu is no joke,1,1
When you get the stomach flu and your mom drives three hours to come take care of you 😭 🙏🏻#shesthebest,1,1
"@nhbshow I had a fever and stomach flu so bad, I was shitting and puking at the same time, and spasticity was so bad couldn't stop shaking",1,1
"Is this food poisoning, is it the stomach flu, or is this hell?",1,1
"thanks 2 the stomach flu, I haven't left my bed yet today. and I am not complaining &lt;3",1,1
Yo I can't believe I got the stomach flu 💩💩 😭😩,1,1
Yay to the stomach flu,1,1
On Monday I brought Shannan soup cuz she had the stomach flu &amp; now she's on her way to bring me medicine bc she gave me the stomach flu 🙃🙃,1,1
Apparently caught this insane stomach flu my girlfriend had. I am so violently ill right now it is alarming.,1,1
The stomach flu is one of the worst illnesses I've ever had to endure. Never Again.,1,1
"Great, I have the stomach flu!",1,1
Is there a stomach flu going around bc I swear I may have it,1,1
Was gonna go on a diet but I got the stomach flu so now there's really no need,1,1
@lindsayannhoke @CTylerMcFarland @peytonnleachh plz tell him I can't take it I've had the stomach flu,0,0
i got the stomach flu like twice excuse me,0,0
over here suffering from stomach flu and all I want is some hot noodle soup,1,1
Stomach flu! Right before tech week! Is a thing! That happens! To some people! Like me!,1,1
my brother's there bc he's dehydrated &amp; has the stomach flu but my mom said he's already recovering but wdk when he's leavin the hospital,1,1
emetophobia ment // tfw you check timehop and all your tweets are about how scared you are of getting the stomach flu and you cry,0,0
Went from having a sinus infection straight to stomach flu. F.m.l.,1,1
Stomach flu for lifeeeeeee,1,1
Thanks to a stomach flu... I'm now a huge fan of @Castle_ABC!,1,1
"On top of already having a stomach flu and me trying to fuckin rest, I happened to have the most fucked up/ scariest dream ever. :(",1,1
I've had six chocolate covered strawberries today. I had 4 last night. I give myself about 2-3 hours before I get the stomach flu.,1,1
@beastmode954 caught the stomach flu feeling rough,1,1
crying im missing fucking late night rehearsal bc stomach flu and kap'n kalish is gonna be saltier than a rold gold pretzel,1,1
You can't be doing this today I have the stomach flu. Laughing is out of the question 😂 https://t.co/rmNgZcpdBC,1,1
"Been throwing up all day wtf,,, stomach flu? I'm dying",1,1
stomach flu has me wanting to eat everything to throwing up everything 😭,1,1
"I'm not sure if I'll be live, I'm not feeling good at all. Pretty sure I have the stomach flu.... AGAIN",1,1
@mydear_watson This is miserable! I would take a bad cold over stomach flu any day!,1,1
Being sick as a parent is no joke. Thankful for my amazing hubby who has been doing EVERYTHING since this stomach flu hit me 😷❤️,1,1
Stomach flu hit me with full force today fml 🤒,1,1
"hey all, had a day fromhell, i have a major stomach flu, cant keep anythingdown, was inthe er all day.",1,1
How does one possibly get a stomach flu cold and pink eye in a 5 day period I remain blessed,1,1
"@taeswonwoo LITERALLY THE STOMACH FLU , PNEUMONIA , AND MONO IS WHAT EVERYONE HAS IT'S SO",1,1
Everyone is getting the stomach flu I'm gonna have to kindly ask you stay your asses home or I will kill you,1,1
I'm sorry I was gone yesterday world. I got the stomach flu.,1,1
"&lt;toward me. ""Your Majesty, it is Lady... umm, Queen Sif. She has fallen ill with some stomach flu. She has been ill most of this morning!""&gt;",2,1
"@SassyDCLady Maybe next, you can catch a stomach flu and hit your goal weight.",1,1
jason gave me the stomach flu someone punch him for me im too weak,1,1
"Catching up on Mr. Robot, episode 3, while trying to beat back the stomach flu-beast. Internet, your taste is impeccable.",1,1
Day 4 of entire family wrestling with stomach flu. Gave me a chance to work on #ViralMarketing game! #dadjokes,1,1
@laceycarder how is stomach flu -.-,1,1
Stomach flu got me like 😷😷🤒🤒 #ugh #thissucks,1,1
Woohoo for the stomach flu🤒😵,1,1
Lord help your children! How can me and Gal Ben Haim both come down with the stomach flu at 4am???!! Omg. This is... https://t.co/gHmLzXf5aX,1,1
@Gmilliger Hell Naw Man The Stomach Flu Going Around I'm So Pissed,1,1
Stomach Flu Remedies – How to Clean Your House Office to Optimize Your Health https://t.co/79WydRNeGC steammop,0,0
pretty sure I have the stomach flu😷,1,1
stomach flu and finals got me like https://t.co/eLLrhLZCGS,1,1
I literally contracted the stomach flu the night before my last two finals in the morning...I'm literally dying...I can't move.,1,1
"Flu Symptoms: How to Figure Out if You Have the Flu or Stomach Flu? https://t.co/FFCRlgFDl1
 #flu",1,1
"no, it's actually a lot worse than the stomach flu.",1,1
it wasn't the stomach flu,0,0
@rickgnarshall awe what? Stomach flu?,1,1
Stomach flu shit,1,1
"On the plus side, this sweat from vomiting gives my face a nice glow or w/e so thanks for making me a hottie, stomach flu! #blessed",1,1
Now what stomach flu? 😷😵,1,1
Do I really have the stomach flu again...,1,1
Me 2 on top of having the stomach flu rn😅 https://t.co/LQnyx8xE5O,1,1
I get the stomach flu the day before finals 😒,1,1
Stomach flu during my first finals week at college? Wow how great🙃,1,1
Ughhhhhhhhhhhhh. Stomach flu. My body is so angry right now.,1,1
"It's always nice to shake someone's hand...well, unless they tell you they have stomach flu 😱😷🙊",0,0
Good thing I have the stomach flu the day of three of my finals😊😊😊,1,1
My other sister and her family have the stomach flu so I'm hoping that Ada didn't get infected bc then I'm next 😅😅😅,1,1
And... the stomach flu has hit this house! Let's hope I can keep it away from ellie.,1,1
Stomach flu is going around and Ya girl is feeling it,1,1
turns out that I've got the stomach flu so I'll be gone all today.,1,1
"@alema_magalei sorry😒 stomach flu. If you go to institute tomorrow, I'll be there!",0,0
cannot afford to get stomach flu now ugh 😩,1,1
"Homemade Citrus Electrolyte Drink – Great for Colds, Flu, Stomach Flu and Re-hydration https://t.co/oZpeDyiYS5 https://t.co/MsQ7WBIw9f",0,0
@Writer_DG @RichardKahan The worst thing is a stomach flu,1,1
There's no better time for a stomach flu than finals week! 🙃,1,1
I have stomach flu :(((,1,1
Woke with the stomach flu ugh fml. 😷😭,1,1
Just read on webmd that stomach flu commonly affects households and ppl who arent eating well. So basically all of KU.,1,1
@jkaymills I think it's the stomach flu again. I haven't puked yet but I feel like I'm about to,1,1
"After ignoring my stomach flu this whole day, it's absolutely backfired tonight 😩😭",1,1
think I got the freaking stomach flu,1,1
@ChongLeaa stomach flu. been vomitting and pooping since last evening. Carried over through the night.,1,1
"First I have a earache, then I have the stomach now I have the stomach flu &amp; a cold FML",1,1
"Do people not realize that flu shots do not prevent stomach bugs? I thought that was common knowledge. ""Stomach flu"" is just a nickname.",0,0
I just had the stomach flu and threw up 10x today but now I'm good how's yalls night,1,1
"I don't think I'm over this stomach flu, it wasted so much of my time I swearrrrr 😭",1,1
@paigeybelll I have the stomach flu and got extremely dehydrated. With type 1 your body shuts down so at er hooked up to Ivs. 😊😷,1,1
My nephew had the stomach flu and now everyone in my family is getting the stomach flu 😷,1,1
@Blurrr_F if talking shit to you meant I'd get the stomach flu... I'd have it all the time 😎,0,0
The stomach flu is dope. Especially during finals week. 🙃,1,1
"The stomach flu is like performing an exorcism, except you're the one retching the pea soup (from both ends) #IdRatherBeFuckedByACrucifix",0,0
I've never had the stomach flu before now and it sucks,1,1
Still sick...why do I have to be the one to get the stomach flu,1,1
"It's basically like living with permanent stomach flu, but more painful.",0,0
The stomach flu is my least favorite ever.. I'd rather do literally anything to not have my head in the toilet,1,1
Glad I'm FINALLY feeling better. Stomach flu is the WORST! 😖,1,1
My dogs have been by my side through this whole stomach flu. 😊💕 I love them. 🐶🐶,1,1
So not only am I fighting off the stomach flu but I believe I have a touch of bronchitis 😩,1,1
Think I got the stomach flu 😷,1,1
stomach flu ain't no joke 🤒😭😷,1,1
When you're up at 11:30 because you've been in bed since 4 with the stomach flu.,1,1
For the record Adam really does have a bad stomach flu and I didn't… https://t.co/Sp2og3Tyki,1,1
The stomach flu is probably the world's best weight lost method #fluseason #foodisoverrated,1,1
Fuck this stomach flu 😔,1,1
@NotGamesIGuess i'm running off two hours of sleep and 26 hours of being stomach flu-ish :c,1,1
I got stomach flu after thanksgiving  and now I have food poisoning it's not my fault my stomach and immune system hates me 😩,1,1
Stomach flu... Sucks...,1,1
"professor, i'd love to study for my final tomorrow but you see i somehow managed to get a cold and stomach flu so ur lucky if i show up",1,1
"Two weeks ago I had pneumonia, last week I had the stomach flu, and this week I have Strep🙃🙃🙃",1,1
Might have the fucking stomach flu..,1,1
Of course I'd get the stomach flu during finals week. Love my life,1,1
seriously if I'm getting the stomach flu I'm going to die..😒😞,0,0
Stomach flu = no joke 😷😷😷,1,1
"Small blessings, the stomach flu lead to me staying home with DS1 and getting 15 straight hours of work fine in my home office.#productivty",1,1
im glad I have the stomach flu because I kinda don't wanna die tomorrow because of polls,1,1
The stomach flu is going around my house rn and its not the business😷,1,1
My brother and mom have the stomach flu. I hope to God I don't get it... 😣😭😷,1,1
Omg everyone is getting the stomach flu right now,1,1
@idabarattaa I got the stomach flu 😭,1,1
Stomach flu killing me 😓😪😪😷,1,1
already tell im gonna be up for hours because of this fucking stomach flu🙃,1,1
I think I have the stomach flu😓,1,1
@TrumpCircuit Don Lemon on CNN looks like he has a case in stomach flu when people are cheering!,0,0
People with this stomach flu better stay away from me!,1,1
love having the stomach flu🙃,1,1
Fuck this stomach flu,1,1
"Asf man, I have the stomach flu 😩 https://t.co/uGov9Utyqp",1,1
@ShaiannePeralta i have the stomach flu so i stayed home,1,1
The stomach flu will ruin your day,1,1
When your entire family catches the stomach flu😷😷,1,1
Typing the research paper while having the stomach flu is always GREAT 🙃🙃🙃 !!!!! :),1,1
"The past two years I got the stomach flu during finals, will it be a third?",1,1
I thought stomach flu was only suppose to last 24 hours 🙃🙃🙂🙃🙂🙃🙃🙂🙃🙃🙂🙃,1,1
today stay at homestay cause majority kene stomach flu :'),1,1
FUCKING SHIT DUDE my brothers and sister have the fucking stomach flu and now I'm gonna get that shit,1,1
Stomach flu is the DEVIL! https://t.co/pgALjeSbfm,1,1
@anag_53 yeah the stomach flu can be really  tough i'll be praying for you. make sure you drink some ginger rail hope you feel better soon.,1,1
*hides from family because they all have the stomach flu and I have two more finals* 😷🆘,1,1
@maduhh_ I have the stomach flu,1,1
@wydandrea do you think it's the Stomach flu ?,1,1
"McKinley has the stomach flu, we gotta quarantine her up in her room lol",0,0
Why do bad things happen to good people? Like the stomach flu and there only being 9 seasons of the office,1,1
I haven't had the stomach flu since middle school and I got it again. This is the worst thing ever,1,1
When you finally get your appetite back after the stomach flu 🙌🏼,1,1
"@_anddreaaa_ yup, with damn stomach flu",1,1
Think I caught the stomach flu lol,1,1
@_MadeeInAsiaa omfg lmaoooo stomach flu!!,1,1
First I had the stomach flu now I've a cold wtf 😭😭,1,1
5/6 people in the house have gotten the stomach flu so far. Nate's dad is the only one left lol,1,1
I think im coming down with the stomach flu,1,1
I'm dead ass about to take another bath and go to bed. This is my 6th bath today. This stomach flu got me in chills 😖,1,1
Come on man I just got over the stomach flu 😷😷😷 https://t.co/gPschjVqkX,1,1
When your craving cheese pizza but got the stomach flu 😵😵😵😵😵,1,1
"No frfr, dead ass been having this stomach flu for 7 days now 😷",1,1
Does it make me a bad person to hope my prof still has the stomach flu so class gets cancelled again for tomorrow? 😁👀,1,1
@CoryHawk97 she has the stomach flu,1,1
You know what's a bad idea? Eating cajun wings with a stomach flu #regret,1,1
"@SalenaZitoTrib I miss Trump like I miss stomach flu. As in, not at all.",0,0
praying that this stomach flu never affects me again in my life,1,1
the stomach flu is coming for you @KateThorsen,0,0
It blows my mind how I've gone from having an ear infection to the stomach flu in 48 hours,1,1
i hate having the stomach flu :((,1,1
Red box and soup. I think I have a stomach flu 😩.,1,1
This stomach flu is so bad that I don't even have the strength or energy to think about puppies. Is this how it all ends?,1,1
Mmmm Tis the season for the stomach flu 😅,1,1
@ethreal_ but I can't get a stomach flu from that so 💁🏻,0,0
@demeet2k Were you still performing while under the evil grips of the stomach flu?😳,0,0
When I said no motivation I didn't mean give me the stomach flu,1,1
Yay stomach flu came for his yearly visit!!!:-) &lt;3,1,1
"Catching the stomach flu from a bad Dunkin Donuts biscuit gives new meaning to the slogan ""America RUNS on Dunkin"" 😂😷😳😵",1,1
"God sorry for lack of uploads, stomach flu hit me like Rihanna and Chris Brown.",1,1
"at least when I had the stomach flu, I could just sleep. this fucking Cold keeps me up😭",0,0
@Madds_30 I feel you... I was sick with the stomach flu like last week and had to sleep in the hallway 😒,2,1
I got over the stomach flu in a day now I feel great,1,1
Home Remedies for Stomach Flu - #diet #loseweight #weightloss https://t.co/okgxIEZF6u https://t.co/XK9YR8rCCW,0,0
@kfuego you could come down with a mysterious stomach flu in the middle of the night,0,0
Thanks to whoever gave me the stomach flu! 😒,1,1
Step throat and now a stomach flu I suck,1,1
I am not emotionally strong enough to make it through this stomach flu right now,1,1
@AshontiFordLive yes a woman should hold down her man when he has the stomach flu 😆,1,1
"no stomach flu, you are not welcome here 🙄🤒",1,1
The stomach flu is taking a round on my house it seems. Here's hoping I don't catch this cause I have no time for it.,1,1
My little babes has his first stomach flu.,1,1
Stomach flu was a blessing,1,1
12 Tips for Surviving the Stomach Flu from a Doctor Mom  https://t.co/4i6nfAzZjd,0,0
"@MorganMihalic talking to boys: ""this is worse than the stomach flu""😂😂",0,0
Everyone in my house has the stomach flu and if I get it I'm fightin someone.,1,1
WHY DOES THE STOMACH FLU EXIST,1,1
Stomach flu... Awesome.,1,1
Fml I better not be getting a stomach flu,0,0
If Wes Craven is out of ideas he should spend a night in a house full of toddlers with the stomach flu. #horrorshow https://t.co/LnvuvjkwTI,0,0
Fuck the stomach flu 😷,1,1
@v3ro15_ i know the feeling got the stomach flu over the week,1,1
"My mom and I both have the stomach flu and I can't stop myself from breaking out singing ""We're All in This Together"" every 20 minutes",1,1
when you're getting over the regular flu then get the stomach flu☺️☺️☺️☺️☺️☺️☺️☺️☺️☺️☺️☺️☺️☺️☺️☺️,1,1
"In case you think this is a political comment and you want to argue, I may have the stomach flu #FoxDebate",0,0
cause I clearly needed a case of stomach flu to improve this year...,1,1
Think your toddler may have the stomach flu? It could be gastroenteritis. https://t.co/C4elkPNYKh,0,0
Lmao this why they asses got stomach flu  https://t.co/hCKDYmmopU,1,1
I would get the stomach flu right now 😑,1,1
"Wow haven't felt this weak in a while, stomach flu killing me",1,1
Thankful for my roomies and friends that have been checking in on me while I deal with the stomach flu/ possible appendicitis,1,1
I would not wish the stomach flu on my worst enemy... 😖😷😭,0,0
@Clarissa_xplain Hang in there! I was sick the night of the blizzard with the stomach flu #FiOSPhilly,0,0
Gave Mike my stomach flu 🙊 Oops 😁,1,1
I feel like I'm prego ma again.. Jks having the stomach flu is the WORST !,1,1
#orumbb will be without DaQuan Jeffries (concussion) and Tre Vance (stomach flu),1,1
It's amazing how fast you get sick working in childcare. I don't know how I was able to get a cold and the stomach flu in just 4 days.,0,0
I hate being sick. I had to get a steroid infusion because i have the stomach flu :(,1,1
The fuck kind of sickness is the stomach flu? Some bullshit thats what.,1,1
"So on my last first day of my spring semester, I got the stomach flu. Awesome. 😔",1,1
"Fuck that too sick to go to work, my sister gave me her stomach flu 😭😭😭😭😭",1,1
I'm black. I can't operate on this bland food stomach flu diet for long. 😂,1,1
This stomach flu Needs to get the fuck out of my life,1,1
France. Stomach flu epidemic sweeps through Brittany https://t.co/KPF7i7GCse via @TheLocalFrance,2,1
@BlondHousewife I am trying to decide if I am getting excited or the stomach flu.,0,0
Why is it that in my mind having the stomach flu = I. WANT. PASTA. 😫🍝#HorribleIdea #GatoradeAndSoupItIs 🍜🍶,0,0
I wish I can get a stomach flu for 1 week and not eat shit.,0,0
"A nice surprise: So, I've been sick all week with some horrid stomach flu and generally feeling miserable. I c... https://t.co/mwo524ufoC",1,1
"s/o to the stomach flu, I now weigh 97 lbs wtf ew",1,1
@_Paigeburns stomach flu r sumn . Anything i eat i throw up n ion even got the energy to walk or nun,1,1
Day 16 of #runstreak stomach flu did not stop me!,1,1
Fuck whoever had the stomach flu and spread it at school,1,1
Having a cup of coffee after being w/out almost two weeks with the worlds worst stomach flu. Feels like a warm hug from a best friend. ☕️❤️,1,1
Am I the only one who finds it ironic that I got the stomach flu the day before my microbiology exam,1,1
If you survived the stomach flu that's going around you can survive anything,0,0
Stomach flu epidemic sweeps through Brittany https://t.co/ojUkjbkpzD via @TheLocalFrance,2,1
why has the stomach flu reached my house?? ://,1,1
But how did I get the stomach flu ? Still going to box tonight,1,1
Great😣😣 I said not the stomach flu 😧😧,0,0
@SUP3RFRUIT I have the stomach flu rn and the only thing that will make me feel better is if you follow me ❤️,1,1
@AwakenedMemory a stomach flu has infected my body,1,1
WHO CREATED THIS STOMACH FLU??????WHO DUN IT??????,1,1
When ya squad beats the campus wide stomach flu and goes to the hoco game! #MSMU https://t.co/7ootmpgwXy,1,1
When you're fighting a stomach flu and you still have a 3 hour conference call to manage. 😶😐😶😐😶,1,1
oh my god everyone is getting sick in my house with the stomach flu.. I need to move out,1,1
I'm feelingso terriblewith this stomach flu.  Make itgo away PLEASE,1,1
Stomach flu putting a damper on my running this week. Have to get better before our parade next week! Hail Nyx!,1,1
Bronchitis and stomach flu combined is literally the worst thing to ever go through I don't ever wish this on anyone,1,1
Olmsted Co. health officials confirm they are monitoring area schools due to increasing cases of stomach flu. https://t.co/7qwjZLcH3K,1,1
"George Karl is going to miss the Kings game due to ""gastroenteritis"". I had to Google that, it's the stomach flu. Next time, just say that.",1,1
My roommate has the stomach flu and doesn't even care that it's contagious,1,1
When ur lowkey dying from food poisoning and the stomach flu and no one will take your shift 🙃,1,1
@rinn_27 @LindseyJurkovic hahaha oh my goodness yes!!!! &amp; I had the stomach flu the day before!! what a fun time haha,1,1
*typical male voice* haha yeah my ego's big but my stomach flu gets worse at night,1,1
owen wilson's voice induces my gag reflex ever since i watched a video of him while i had the stomach flu and puked during it,0,0
I missed class with the stomach flu and my professor isn't letting me make-up my quiz. Wanna know why disease spreads at college campuses?,1,1
Don't really mind having stomach flu because Josh takes such good care of me regardless if I smell like puke 🙂🙃,1,1
MRW I have the stomach flu and my laptop breaks today. https://t.co/XsLfCHkLSm,1,1
Think I have the stomach flu,1,1
Hmmm I've got the same feeling I had before I got a stomach flu 😕,0,0
Stomach flu has me blah blah blahhhhhhhh. #needmysustain feeling a bit dehydrated and my body… https://t.co/2yVk1VjSzW,1,1
Woke up with a stomach flu. Thank God I saw The Revenant. Can anybody spare the raw meat of a recently dead Buffalo?,1,1
"Update: I have strep and the stomach flu so that being said, everyone come to my funeral and say something nice.",1,1
thank god I finished all my exams cause now I'm stuck with the stomach flu 😷😷,1,1
Bagaetsho what the hell is stomach flu?,0,0
This stomach flu needs to go though. Hate being sick...,1,1
Newest victim of the stomach flu.... Dead.,1,1
I don't know what is in this stuff but Blue #Powerade is the best medicine for the stomach flu,1,1
"Dear god, plz take away this stomach flu plz",1,1
I've cleaned up puke 3 times and I've only been at work for 2 hours. Thank you stomach flu,1,1
You never wanna get the stomach flu,1,1
thanks to my wonderful best friend i now have the stomach flu🤒 @kenzie2701,1,1
PSA this stomach flu is a real thing and it's terrible,1,1
Sharing a bathroom with your 3 best friends is all fun and games until the stomach flu hits,1,1
So not good.... stomach flu. ... anyone had it this go around..I feel horrible. .. worst I can remember I a very long time .. — feeling sick,1,1
I hate having the stomach flu😭,1,1
reddit: https://t.co/r2HCiJJfpg Stomach flu going around... via /r/emetophobia,0,0
This stomach flu ain't no joke. 2 time this year smh,0,0
"@abadkitty Ugh, stomach flu is the worst!",1,1
@kpyle718 @kp_126 the stomach flu??,0,0
"Well, having the stomach flu was probably one of the worst experiences ive had. 🤕😷🤒",1,1
I really hope I do not have stomach flu,1,1
i should have stayed at school bc mom didnt bother telling me she has a STOMACH flu and im PANICKED someone pick me up,1,1
I'm not given a break. I had the stomach flu 3 days ago and now I have a cold. Great ☺️🔫,1,1
I have been sick with the stomach flu all week. I feel like the living dead,2,1
@drawandstrike @megynkelly she had stomach flu really bad before that debate &amp; later praised the doc's for the meds that stopped the puking,1,1
"Yoga Body Bootcamp is canceled tonight! (Thursday at 6:30pm)
Renee's child is sick with the stomach flu and we... https://t.co/YQsa3mvWNu",2,1
@thesusan ...but the stomach flu makes everybody useless,1,1
Stomach flu be damned! https://t.co/Lri8taSMLP,1,1
When u get wrote up at work for having the stomach flu :/,1,1
"Stomach flu perhaps 
Uuuuuugh — feeling sick",0,0
"I've got the stomach flu, so for all of your recruiting needs today check in with our crew:

@anthonytbroome 
@tannerwooten 
@amandajerzyyy",1,1
Please please please not the stomach flu again,1,1
Stomach Flu Treatment &amp; Survival Guide #parentingtip https://t.co/BaQYRwO0io,0,0
Stomach flu epidemic sweeps through Brittany https://t.co/AzuuFEEMfX https://t.co/Zg2wla2wgJ,0,0
Eatin crackers all day and drinking 7up hate the stomach flu last nite....,1,1
F the stomach flu,1,1
@annathropology @aurosan Stomach flu also works,0,0
@M_A_Patterson @tiffanyreisz absolutely. I had a stomach flu .  I think.,1,1
@DavisMattek ha! The jinx is in! Planning this far ahead never ends well... Universe coming with a stomach flu or something.,0,0
Everyone's at south and I'm here like I got the stomach flu 😅🔫,1,1
#PinkRelief  definitely needing this today considering I have a stomach flu.  https://t.co/qEmbGm4w9K,1,1
Last night I bragged that I've only had the stomach flu once in my life and I'm 90% sure I just woke up with the stomach flu😭🙄🖕🏽 #KillMe,1,1
Can this stomach flu go away!!! I have a meeting today :(,1,1
Stomach flu game so strong 😷,1,1
EVERYONE at my daycare has or has had the stomach flu this week. Just waiting to get it &amp; I have a feeling I'm gonna get it this weekend🙃,1,1
I would get some type of stomach flu on the second day were here 😩,1,1
"I hate the stomach flu for making me miss two days of school in a row, just thinking about catching up stresses me out 😅",1,1
Stomach Flu Remedies – How to Clean Your House Office to Optimize Your Health https://t.co/79WydRNeGC steammop,0,0
Having a cold and the stomach flu at the same time really sucks 😑🤒😷,1,1
"@al1sona yeah, the stomach flu. :/ I was feeling kinda funky last night but I thought it was because I was tired.",1,1
"@Sweepea27 health suffers thru all the stress/changes but Im still goin! Had flu for 2 wks, stomach flu for 1wk, just had bronchitis for 3wk",1,1
when u @ home w stomach flu &amp; ur grades are dropping rapidly https://t.co/8FPNt6mSwg,1,1
S/o to the stomach flu for helping me lose 10 pounds 😂😭,1,1
"Don't get me wrong I am lucky to be here, but of course I got the freaking stomach flu the first day in Florida 😭",1,1
@ricanChica_ sick people may eat whatever they want. I do not have the stomach flu 🙄,1,1
"Anyone who has had the stomach flu , someone please help 😭😭",1,1
"@Chief_Andretti_ nah, I've got the stomach flu. Plus I only work weekends now",1,1
Who gets the stomach flu the day they have an interview?  🙋,1,1
I swear if I have the stomach flu I might cry cause I'm not trying to throw up even more than I already did,0,0
I'm hoping that I built an immunity to the stomach flu or it may be a nonstop go around with Luke and I 😕,0,0
First time here since stomach flu and finger injury. #lovingit https://t.co/QAN2b03G5r,1,1
"ugh sick with the stomach flu for the second time this year, grrrr, get it over with now so i'm not missing any work when i go back",2,1
When ur bro in law is sick w the stomach flu so u wash his dishes separately w Ajax and Clorox lmaoooo #pettymoveoftheyear,1,1
Home with the stomach flu. 😝 I'd much rather be with my firsties. #sick,1,1
"@LivvyKyncaid I gotcha! It was very tragic, stomach flu all week.",1,1
Hell stomach flu! Please go away!,1,1
Stomach flu still 😷,1,1
hey @whole30 - any alternatives to plain toast when you have the stomach flu? #help #whole30,1,1
Sorry that I've been very inactive lately. Life sucks when U catch the stomach flu 😭😢,1,1
When you have the stomach flu &amp; every time you throw up your dog runs away scared &lt;&lt;&lt;&lt;😢i just want to curl up in a ball &amp; die,1,1
having the stomach flu rocks 🙃,1,1
second day of classes (first day of three of my classes) and I wake up with the FUCKING STOMACH FLU what do?!?!?,1,1
I'm sick with the stomach flu 🤒 This sucks.,2,1
@devopoker @stlcardinals84 sounds like it's not the stomach flu. Can't see him WD but who knows,0,0
